episode,total_steps,epsilon,episode_reward,score,aliens_killed,lives_left,won,wall_time_s
0,256,1.0,70.0,170,10,3,0,0.04
1,512,0.9996,90.0,190,10,3,0,0.05
2,768,0.9992,0.0,150,9,2,0,0.06
3,1024,0.9988,40.0,140,8,3,0,0.07
4,1304,0.9984,10.0,160,12,2,0,0.08
5,1560,0.998,120.0,220,12,3,0,0.09
6,1816,0.9976,70.0,170,9,3,0,0.1
7,2072,0.9972,10.0,110,7,3,0,0.11
8,2336,0.9968,120.0,220,13,3,0,0.13
9,2592,0.9964,-20.0,130,8,2,0,0.13
10,2848,0.996,10.0,110,6,3,0,0.15
11,3104,0.9956,0.0,100,6,3,0,0.16
12,3360,0.9952,10.0,110,6,3,0,0.17
13,3696,0.9949,150.0,250,12,3,0,0.18
14,3952,0.9945,80.0,230,12,2,0,0.19
15,4272,0.9941,60.0,260,14,1,0,0.2
16,4544,0.9937,80.0,180,9,3,0,0.21
17,4832,0.9933,120.0,220,11,3,0,0.22
18,5088,0.9929,60.0,160,9,3,0,0.23
19,5392,0.9925,120.0,270,14,2,0,0.24
20,5752,0.9921,220.0,370,18,2,0,0.26
21,6040,0.9917,70.0,170,9,3,0,0.27
22,6296,0.9913,70.0,170,10,3,0,0.28
23,6616,0.9909,220.0,320,16,3,0,0.29
24,6872,0.9905,70.0,170,9,3,0,0.3
25,7152,0.9901,60.0,160,10,3,0,0.31
26,7424,0.9897,-10.0,90,5,3,0,0.32
27,7680,0.9893,90.0,240,13,2,0,0.33
28,7936,0.9889,150.0,250,13,3,0,0.34
29,8256,0.9885,120.0,220,12,3,0,0.35
30,8536,0.9881,90.0,190,10,3,0,0.37
31,8792,0.9877,-10.0,140,8,2,0,0.38
32,9048,0.9873,110.0,210,11,3,0,0.39
33,9328,0.9869,100.0,200,13,3,0,0.4
34,9592,0.9865,-60.0,90,5,2,0,0.41
35,9848,0.9861,-30.0,120,9,2,0,0.42
36,10104,0.9858,-70.0,80,5,2,0,0.43
37,10376,0.9854,80.0,230,12,2,0,0.44
38,10632,0.985,20.0,120,6,3,0,0.45
39,10888,0.9846,40.0,140,9,3,0,0.46
40,11144,0.9842,150.0,250,13,3,0,0.47
41,11400,0.9838,20.0,120,6,3,0,0.48
42,11680,0.9834,10.0,110,6,3,0,0.49
43,11936,0.983,80.0,180,10,3,0,0.5
44,12208,0.9826,110.0,210,11,3,0,0.51
45,12464,0.9822,0.0,150,7,2,0,0.51
46,12720,0.9818,30.0,130,7,3,0,0.52
47,12976,0.9814,120.0,220,12,3,0,0.53
48,13232,0.981,70.0,170,9,3,0,0.54
49,13488,0.9806,0.0,100,6,3,0,0.55
50,13752,0.9802,40.0,140,9,3,0,0.56
51,14016,0.9798,70.0,170,10,3,0,0.57
52,14272,0.9794,40.0,140,8,3,0,0.58
53,14528,0.979,0.0,150,9,2,0,0.59
54,14784,0.9786,80.0,180,11,3,0,0.59
55,15048,0.9782,90.0,190,11,3,0,0.6
56,15304,0.9778,80.0,180,10,3,0,0.61
57,15560,0.9774,10.0,110,7,3,0,0.62
58,15816,0.977,70.0,170,9,3,0,0.63
59,16072,0.9766,-10.0,140,9,2,0,0.64
60,16376,0.9762,120.0,270,14,2,0,0.65
61,16704,0.9759,160.0,260,14,3,0,0.66
62,16960,0.9755,60.0,160,9,3,0,0.67
63,17216,0.9751,80.0,180,10,3,0,0.68
64,17472,0.9747,20.0,170,11,2,0,0.69
65,17728,0.9743,60.0,210,12,2,0,0.7
66,17984,0.9739,60.0,160,9,3,0,0.7
67,18240,0.9735,60.0,210,12,2,0,0.71
68,18496,0.9731,0.0,100,7,3,0,0.72
69,18800,0.9727,100.0,200,10,3,0,0.73
70,19064,0.9723,140.0,240,14,3,0,0.74
71,19336,0.9719,90.0,190,10,3,0,0.75
72,19592,0.9715,10.0,110,6,3,0,0.76
73,19848,0.9711,-30.0,70,4,3,0,0.77
74,20104,0.9707,60.0,160,8,3,0,0.78
75,20360,0.9703,60.0,160,8,3,0,0.79
76,20616,0.9699,70.0,170,9,3,0,0.8
77,20872,0.9695,120.0,220,13,3,0,0.8
78,21128,0.9691,120.0,220,12,3,0,0.81
79,21384,0.9687,30.0,130,8,3,0,0.82
80,21656,0.9683,70.0,170,10,3,0,0.83
81,21936,0.9679,140.0,240,12,3,0,0.84
82,22272,0.9675,80.0,180,10,3,0,0.85
83,22536,0.9671,110.0,210,12,3,0,0.86
84,22792,0.9667,10.0,110,6,3,0,0.87
85,23048,0.9664,50.0,150,10,3,0,0.88
86,23304,0.966,20.0,170,10,2,0,0.89
87,23560,0.9656,70.0,170,10,3,0,0.9
88,23816,0.9652,-30.0,120,9,2,0,0.91
89,24072,0.9648,40.0,140,8,3,0,0.91
90,24336,0.9644,110.0,210,12,3,0,0.92
91,24592,0.964,80.0,180,12,3,0,0.93
92,24848,0.9636,40.0,140,8,3,0,0.94
93,25104,0.9632,70.0,170,10,3,0,0.95
94,25360,0.9628,-20.0,80,5,3,0,0.96
95,25616,0.9624,170.0,270,14,3,0,0.97
96,25872,0.962,50.0,150,9,3,0,0.98
97,26128,0.9616,60.0,160,10,3,0,0.98
98,26384,0.9612,80.0,180,10,3,0,0.99
99,26640,0.9608,110.0,210,11,3,0,1.0
100,26896,0.9604,90.0,190,10,3,0,1.01
101,27152,0.96,80.0,180,9,3,0,1.02
102,27408,0.9596,90.0,190,12,3,0,1.03
103,27664,0.9592,100.0,200,12,3,0,1.04
104,27920,0.9588,20.0,170,10,2,0,1.05
105,28176,0.9584,160.0,260,15,3,0,1.06
106,28432,0.958,60.0,160,9,3,0,1.06
107,28712,0.9576,40.0,190,9,2,0,1.07
108,28968,0.9573,40.0,190,11,2,0,1.08
109,29224,0.9569,160.0,260,13,3,0,1.09
110,29480,0.9565,70.0,170,10,3,0,1.1
111,29760,0.9561,110.0,210,12,3,0,1.11
112,30016,0.9557,60.0,160,10,3,0,1.12
113,30272,0.9553,110.0,210,11,3,0,1.13
114,30528,0.9549,90.0,190,10,3,0,1.14
115,30784,0.9545,80.0,180,10,3,0,1.14
116,31040,0.9541,40.0,190,10,2,0,1.15
117,31296,0.9537,90.0,190,12,3,0,1.16
118,31552,0.9533,80.0,180,11,3,0,1.17
119,31808,0.9529,190.0,290,16,3,0,1.18
120,32064,0.9525,10.0,210,12,1,0,1.19
121,32320,0.9521,30.0,130,7,3,0,1.2
122,32576,0.9517,20.0,170,10,2,0,1.21
123,32872,0.9513,30.0,130,7,3,0,1.22
124,33160,0.9509,60.0,210,11,2,0,1.23
125,33424,0.9505,150.0,250,14,3,0,1.23
126,33696,0.9501,150.0,250,13,3,0,1.24
127,33992,0.9497,80.0,180,10,3,0,1.25
128,34248,0.9493,20.0,120,8,3,0,1.26
129,34504,0.9489,10.0,160,10,2,0,1.27
130,34760,0.9485,100.0,250,14,2,0,1.28
131,35016,0.9481,-40.0,60,5,3,0,1.29
132,35272,0.9477,170.0,270,15,3,0,1.3
133,35528,0.9474,10.0,110,8,3,0,1.31
134,35784,0.947,70.0,170,9,3,0,1.31
135,36096,0.9466,100.0,200,11,3,0,1.33
136,36352,0.9462,40.0,140,9,3,0,1.33
137,36664,0.9458,110.0,210,12,3,0,1.34
138,36920,0.9454,-30.0,170,10,1,0,1.35
139,37176,0.945,140.0,240,14,3,0,1.36
140,37432,0.9446,70.0,170,9,3,0,1.37
141,37688,0.9442,50.0,150,7,3,0,1.38
142,37944,0.9438,30.0,130,8,3,0,1.39
143,38216,0.9434,130.0,230,12,3,0,1.4
144,38472,0.943,70.0,170,10,3,0,1.41
145,38800,0.9426,100.0,250,13,2,0,1.42
146,39056,0.9422,80.0,180,9,3,0,1.43
147,39312,0.9418,90.0,190,11,3,0,1.43
148,39568,0.9414,80.0,180,11,3,0,1.44
149,39824,0.941,120.0,220,12,3,0,1.45
150,40080,0.9406,10.0,110,8,3,0,1.46
151,40336,0.9402,100.0,200,12,3,0,1.47
152,40592,0.9398,110.0,210,11,3,0,1.48
153,40848,0.9394,40.0,140,9,3,0,1.49
154,41168,0.939,180.0,280,15,3,0,1.5
155,41424,0.9386,110.0,210,12,3,0,1.51
156,41704,0.9383,150.0,250,14,3,0,1.52
157,41960,0.9379,90.0,190,11,3,0,1.53
158,42216,0.9375,20.0,120,9,3,0,1.54
159,42472,0.9371,90.0,190,10,3,0,1.55
160,42728,0.9367,130.0,230,12,3,0,1.56
161,43048,0.9363,-10.0,190,10,1,0,1.57
162,43304,0.9359,120.0,220,13,3,0,1.58
163,43560,0.9355,80.0,180,11,3,0,1.59
164,43816,0.9351,60.0,210,13,2,0,1.59
165,44072,0.9347,70.0,220,13,2,0,1.6
166,44344,0.9343,110.0,210,12,3,0,1.61
167,44600,0.9339,90.0,190,10,3,0,1.62
168,44856,0.9335,110.0,210,11,3,0,1.63
169,45112,0.9331,100.0,200,11,3,0,1.64
170,45368,0.9327,100.0,200,12,3,0,1.65
171,45624,0.9323,-10.0,190,11,1,0,1.66
172,45880,0.9319,120.0,220,11,3,0,1.67
173,46136,0.9315,40.0,140,9,3,0,1.68
174,46392,0.9311,30.0,130,8,3,0,1.69
175,46648,0.9307,50.0,150,9,3,0,1.7
176,46904,0.9303,-10.0,140,8,2,0,1.7
177,47160,0.9299,20.0,170,10,2,0,1.71
178,47416,0.9295,40.0,140,7,3,0,1.72
179,47672,0.9291,-50.0,100,6,2,0,1.73
180,47928,0.9287,130.0,230,12,3,0,1.74
181,48264,0.9284,110.0,310,16,1,0,1.75
182,48520,0.928,80.0,180,11,3,0,1.76
183,48904,0.9276,280.0,380,20,3,0,1.78
184,49160,0.9272,50.0,150,9,3,0,1.78
185,49424,0.9268,80.0,180,11,3,0,1.79
186,49680,0.9264,110.0,210,12,3,0,1.8
187,49936,0.926,140.0,240,13,3,0,1.81
188,50192,0.9256,80.0,180,10,3,0,1.82
189,50448,0.9252,20.0,170,10,2,0,1.83
190,50704,0.9248,130.0,230,11,3,0,1.84
191,50960,0.9244,-20.0,130,7,2,0,1.85
192,51216,0.924,20.0,120,7,3,0,1.86
193,51389,0.9236,-150.0,100,7,0,0,1.86
194,51645,0.9232,20.0,120,7,3,0,1.87
195,51901,0.9228,-10.0,140,8,2,0,1.88
196,52157,0.9224,110.0,210,12,3,0,1.89
197,52413,0.922,30.0,130,7,3,0,1.9
198,52669,0.9216,0.0,100,6,3,0,1.91
199,52925,0.9212,150.0,250,13,3,0,1.92
200,53181,0.9208,80.0,180,10,3,0,1.93
201,53445,0.9204,120.0,220,11,3,0,1.94
202,53701,0.92,40.0,140,8,3,0,1.95
203,53989,0.9196,60.0,160,9,3,0,1.96
204,54245,0.9193,120.0,220,13,3,0,1.97
205,54501,0.9189,140.0,240,13,3,0,1.97
206,54757,0.9185,0.0,100,7,3,0,1.98
207,55013,0.9181,80.0,180,11,3,0,1.99
208,55269,0.9177,100.0,200,11,3,0,2.0
209,55533,0.9173,120.0,220,12,3,0,2.01
210,55789,0.9169,70.0,170,10,3,0,2.02
211,56045,0.9165,70.0,220,12,2,0,2.03
212,56301,0.9161,180.0,280,15,3,0,2.04
213,56621,0.9157,90.0,190,12,3,0,2.05
214,56885,0.9153,190.0,290,16,3,0,2.06
215,57141,0.9149,20.0,120,7,3,0,2.07
216,57397,0.9145,100.0,200,11,3,0,2.08
217,57653,0.9141,100.0,200,10,3,0,2.09
218,57925,0.9137,-10.0,140,8,2,0,2.1
219,58181,0.9133,80.0,180,10,3,0,2.11
220,58437,0.9129,80.0,180,11,3,0,2.11
221,58693,0.9125,-10.0,140,8,2,0,2.12
222,58949,0.9121,90.0,190,12,3,0,2.13
223,59205,0.9117,160.0,260,14,3,0,2.14
224,59461,0.9113,30.0,130,9,3,0,2.15
225,59717,0.9109,10.0,110,7,3,0,2.16
226,59973,0.9105,170.0,270,15,3,0,2.17
227,60229,0.9101,30.0,180,10,2,0,2.18
228,60485,0.9098,90.0,190,10,3,0,2.19
229,60741,0.9094,90.0,190,10,3,0,2.2
230,60997,0.909,90.0,190,10,3,0,2.21
231,61253,0.9086,30.0,130,9,3,0,2.21
232,61549,0.9082,80.0,230,13,2,0,2.23
233,61805,0.9078,50.0,150,9,3,0,2.23
234,62061,0.9074,100.0,200,11,3,0,2.24
235,62317,0.907,-40.0,110,6,2,0,2.25
236,62573,0.9066,-30.0,70,4,3,0,2.26
237,62877,0.9062,170.0,270,14,3,0,2.27
238,63181,0.9058,160.0,310,17,2,0,2.28
239,63533,0.9054,180.0,280,15,3,0,2.3
240,63789,0.905,140.0,240,12,3,0,2.3
241,64045,0.9046,50.0,200,12,2,0,2.31
242,64301,0.9042,70.0,170,10,3,0,2.32
243,64557,0.9038,90.0,190,10,3,0,2.33
244,64813,0.9034,0.0,150,9,2,0,2.34
245,65069,0.903,40.0,140,10,3,0,2.35
246,65341,0.9026,150.0,250,13,3,0,2.36
247,65597,0.9022,110.0,210,12,3,0,2.37
248,65853,0.9018,120.0,220,13,3,0,2.38
249,66109,0.9014,70.0,170,10,3,0,2.39
250,66365,0.901,120.0,220,12,3,0,2.4
251,66621,0.9006,100.0,200,11,3,0,2.41
252,66877,0.9002,130.0,230,13,3,0,2.41
253,67237,0.8999,130.0,230,12,3,0,2.43
254,67493,0.8995,70.0,270,15,1,0,2.44
255,67749,0.8991,70.0,170,9,3,0,2.45
256,68005,0.8987,120.0,220,12,3,0,2.45
257,68285,0.8983,0.0,100,6,3,0,2.46
258,68541,0.8979,40.0,190,10,2,0,2.47
259,68797,0.8975,50.0,200,12,2,0,2.48
260,69053,0.8971,-30.0,70,6,3,0,2.49
261,69309,0.8967,180.0,280,15,3,0,2.5
262,69565,0.8963,150.0,250,13,3,0,2.51
263,69821,0.8959,40.0,140,7,3,0,2.52
264,70077,0.8955,90.0,290,14,1,0,2.53
265,70333,0.8951,110.0,210,12,3,0,2.54
266,70669,0.8947,210.0,360,18,2,0,2.55
267,70925,0.8943,50.0,200,11,2,0,2.56
268,71221,0.8939,140.0,240,13,3,0,2.57
269,71477,0.8935,100.0,200,12,3,0,2.58
270,71757,0.8931,0.0,150,8,2,0,2.59
271,72013,0.8927,40.0,140,9,3,0,2.6
272,72269,0.8923,-40.0,110,7,2,0,2.61
273,72525,0.8919,100.0,200,11,3,0,2.62
274,72805,0.8915,70.0,170,12,3,0,2.63
275,73061,0.8911,70.0,220,13,2,0,2.64
276,73317,0.8908,120.0,220,12,3,0,2.65
277,73573,0.8904,80.0,180,10,3,0,2.66
278,73829,0.89,100.0,200,10,3,0,2.67
279,74085,0.8896,100.0,200,11,3,0,2.68
280,74357,0.8892,130.0,230,12,3,0,2.69
281,74613,0.8888,110.0,210,11,3,0,2.7
282,74869,0.8884,80.0,180,9,3,0,2.71
283,75125,0.888,100.0,200,11,3,0,2.72
284,75381,0.8876,60.0,160,9,3,0,2.72
285,75637,0.8872,80.0,230,13,2,0,2.73
286,75893,0.8868,130.0,230,14,3,0,2.74
287,76181,0.8864,190.0,290,15,3,0,2.75
288,76437,0.886,50.0,200,11,2,0,2.76
289,76693,0.8856,30.0,180,10,2,0,2.77
290,77029,0.8852,140.0,240,13,3,0,2.78
291,77285,0.8848,-10.0,140,8,2,0,2.79
292,77541,0.8844,100.0,200,12,3,0,2.8
293,77797,0.884,20.0,120,7,3,0,2.81
294,78053,0.8836,90.0,190,10,3,0,2.82
295,78309,0.8832,160.0,260,14,3,0,2.83
296,78565,0.8828,80.0,180,10,3,0,2.84
297,78821,0.8824,20.0,170,10,2,0,2.85
298,79077,0.882,140.0,240,13,3,0,2.86
299,79333,0.8816,70.0,170,10,3,0,2.86
300,79589,0.8812,10.0,160,9,2,0,2.87
301,79845,0.8809,50.0,150,9,3,0,2.88
302,80101,0.8805,110.0,210,11,3,0,2.89
303,80357,0.8801,-60.0,140,9,1,0,2.9
304,80613,0.8797,30.0,130,8,3,0,2.91
305,80869,0.8793,90.0,240,12,2,0,2.92
306,81125,0.8789,80.0,180,10,3,0,2.93
307,81381,0.8785,110.0,210,10,3,0,2.94
308,81637,0.8781,30.0,130,9,3,0,2.95
309,81893,0.8777,70.0,170,9,3,0,2.96
310,82149,0.8773,50.0,150,10,3,0,2.96
311,82405,0.8769,90.0,190,10,3,0,2.97
312,82661,0.8765,90.0,240,13,2,0,2.98
313,82917,0.8761,120.0,220,12,3,0,2.99
314,83173,0.8757,90.0,190,12,3,0,3.0
315,83429,0.8753,70.0,220,13,2,0,3.01
316,83685,0.8749,40.0,140,8,3,0,3.02
317,83941,0.8745,100.0,250,14,2,0,3.03
318,84197,0.8741,20.0,120,8,3,0,3.04
319,84453,0.8737,-20.0,130,8,2,0,3.05
320,84709,0.8733,80.0,180,11,3,0,3.06
321,84965,0.8729,170.0,270,15,3,0,3.07
322,85221,0.8725,180.0,280,14,3,0,3.08
323,85485,0.8721,30.0,180,12,2,0,3.08
324,85741,0.8718,190.0,290,15,3,0,3.09
325,85997,0.8714,110.0,210,12,3,0,3.1
326,86253,0.871,80.0,180,10,3,0,3.11
327,86509,0.8706,70.0,170,9,3,0,3.12
328,86765,0.8702,210.0,310,16,3,0,3.13
329,87021,0.8698,140.0,240,14,3,0,3.14
330,87277,0.8694,50.0,200,11,2,0,3.15
331,87533,0.869,-40.0,160,9,1,0,3.16
332,87789,0.8686,0.0,100,7,3,0,3.17
333,88045,0.8682,100.0,200,11,3,0,3.18
334,88357,0.8678,160.0,260,14,3,0,3.19
335,88613,0.8674,80.0,180,9,3,0,3.2
336,88869,0.867,160.0,260,14,3,0,3.21
337,89125,0.8666,40.0,140,9,3,0,3.22
338,89381,0.8662,40.0,140,9,3,0,3.23
339,89637,0.8658,90.0,190,9,3,0,3.24
340,89893,0.8654,70.0,170,10,3,0,3.25
341,90149,0.865,90.0,190,10,3,0,3.26
342,90405,0.8646,40.0,140,9,3,0,3.27
343,90661,0.8642,-20.0,180,9,1,0,3.28
344,90917,0.8638,100.0,200,10,3,0,3.29
345,91173,0.8634,110.0,210,12,3,0,3.3
346,91429,0.863,80.0,180,11,3,0,3.31
347,91685,0.8626,130.0,230,12,3,0,3.32
348,91941,0.8622,80.0,230,13,2,0,3.33
349,92197,0.8619,120.0,220,12,3,0,3.34
350,92453,0.8615,0.0,150,9,2,0,3.35
351,92741,0.8611,140.0,240,12,3,0,3.36
352,92997,0.8607,120.0,220,13,3,0,3.37
353,93253,0.8603,70.0,170,10,3,0,3.38
354,93509,0.8599,80.0,180,10,3,0,3.39
355,93765,0.8595,0.0,100,8,3,0,3.4
356,94021,0.8591,170.0,270,14,3,0,3.41
357,94277,0.8587,150.0,250,13,3,0,3.42
358,94533,0.8583,0.0,200,11,1,0,3.43
359,94789,0.8579,100.0,200,11,3,0,3.44
360,95007,0.8575,-130.0,120,8,0,0,3.45
361,95263,0.8571,160.0,260,14,3,0,3.46
362,95519,0.8567,170.0,270,13,3,0,3.47
363,95775,0.8563,70.0,170,9,3,0,3.48
364,96031,0.8559,40.0,190,10,2,0,3.49
365,96287,0.8555,220.0,320,17,3,0,3.5
366,96543,0.8551,40.0,140,9,3,0,3.51
367,96799,0.8547,130.0,230,13,3,0,3.52
368,97055,0.8543,-10.0,140,9,2,0,3.53
369,97343,0.8539,100.0,200,12,3,0,3.54
370,97599,0.8535,110.0,210,11,3,0,3.55
371,97903,0.8531,80.0,180,12,3,0,3.56
372,98159,0.8528,70.0,220,12,2,0,3.57
373,98415,0.8524,70.0,170,10,3,0,3.58
374,98671,0.852,30.0,130,7,3,0,3.59
375,98927,0.8516,30.0,130,8,3,0,3.6
376,99183,0.8512,140.0,240,14,3,0,3.61
377,99439,0.8508,110.0,210,12,3,0,3.62
378,99695,0.8504,-90.0,110,8,1,0,3.63
379,99951,0.85,30.0,130,8,3,0,3.64
380,100207,0.8496,120.0,220,12,3,0,3.65
381,100503,0.8492,170.0,270,14,3,0,3.67
382,100759,0.8488,90.0,190,10,3,0,3.68
383,101015,0.8484,60.0,160,10,3,0,3.69
384,101327,0.848,70.0,170,9,3,0,3.7
385,101583,0.8476,10.0,160,10,2,0,3.71
386,101839,0.8472,60.0,160,8,3,0,3.72
387,102095,0.8468,80.0,230,12,2,0,3.73
388,102351,0.8464,160.0,260,14,3,0,3.74
389,102607,0.846,140.0,240,13,3,0,3.76
390,102863,0.8456,110.0,210,11,3,0,3.77
391,103159,0.8452,160.0,260,14,3,0,3.78
392,103415,0.8448,80.0,230,12,2,0,3.79
393,103695,0.8444,100.0,250,13,2,0,3.8
394,103951,0.844,50.0,150,10,3,0,3.81
395,104207,0.8436,120.0,220,11,3,0,3.82
396,104463,0.8433,100.0,200,11,3,0,3.83
397,104719,0.8429,80.0,180,9,3,0,3.84
398,104975,0.8425,80.0,180,9,3,0,3.85
399,105231,0.8421,130.0,230,13,3,0,3.86
400,105487,0.8417,100.0,200,11,3,0,3.87
401,105743,0.8413,90.0,190,10,3,0,3.88
402,105999,0.8409,40.0,190,10,2,0,3.9
403,106255,0.8405,60.0,160,9,3,0,3.91
404,106511,0.8401,10.0,210,11,1,0,3.92
405,106767,0.8397,120.0,220,11,3,0,3.93
406,107031,0.8393,120.0,220,12,3,0,3.94
407,107287,0.8389,80.0,180,11,3,0,3.95
408,107543,0.8385,50.0,200,10,2,0,3.96
409,107799,0.8381,140.0,240,12,3,0,3.97
410,108055,0.8377,-40.0,60,5,3,0,3.98
411,108311,0.8373,120.0,220,11,3,0,3.99
412,108567,0.8369,110.0,210,12,3,0,4.0
413,108823,0.8365,80.0,280,14,1,0,4.01
414,109079,0.8361,80.0,180,10,3,0,4.02
415,109335,0.8357,10.0,210,11,1,0,4.04
416,109591,0.8353,150.0,250,13,3,0,4.05
417,109847,0.8349,130.0,230,13,3,0,4.06
418,110103,0.8345,90.0,190,11,3,0,4.07
419,110359,0.8341,140.0,240,13,3,0,4.08
420,110615,0.8337,20.0,170,11,2,0,4.09
421,110871,0.8334,90.0,190,10,3,0,4.1
422,111127,0.833,60.0,160,8,3,0,4.11
423,111383,0.8326,50.0,150,8,3,0,4.12
424,111639,0.8322,210.0,310,16,3,0,4.13
425,111895,0.8318,100.0,250,14,2,0,4.14
426,112151,0.8314,50.0,200,12,2,0,4.14
427,112407,0.831,110.0,260,14,2,0,4.15
428,112719,0.8306,80.0,180,9,3,0,4.17
429,112975,0.8302,30.0,130,9,3,0,4.17
430,113231,0.8298,50.0,200,11,2,0,4.18
431,113487,0.8294,90.0,190,10,3,0,4.19
432,113743,0.829,90.0,190,10,3,0,4.2
433,113999,0.8286,180.0,280,16,3,0,4.21
434,114271,0.8282,110.0,210,11,3,0,4.22
435,114527,0.8278,120.0,220,12,3,0,4.23
436,114815,0.8274,150.0,250,14,3,0,4.24
437,115071,0.827,80.0,230,14,2,0,4.25
438,115359,0.8266,50.0,200,11,2,0,4.26
439,115615,0.8262,90.0,190,10,3,0,4.27
440,115871,0.8258,120.0,220,12,3,0,4.28
441,116127,0.8254,90.0,190,11,3,0,4.29
442,116383,0.825,150.0,250,14,3,0,4.3
443,116639,0.8246,20.0,170,11,2,0,4.31
444,116895,0.8243,40.0,140,8,3,0,4.32
445,117151,0.8239,-20.0,130,9,2,0,4.33
446,117407,0.8235,140.0,240,13,3,0,4.33
447,117663,0.8231,100.0,200,11,3,0,4.34
448,117919,0.8227,50.0,200,11,2,0,4.35
449,118175,0.8223,160.0,260,14,3,0,4.36
450,118431,0.8219,180.0,280,14,3,0,4.37
451,118711,0.8215,210.0,310,16,3,0,4.38
452,118967,0.8211,90.0,240,13,2,0,4.39
453,119223,0.8207,90.0,190,11,3,0,4.4
454,119479,0.8203,30.0,130,7,3,0,4.41
455,119759,0.8199,140.0,240,13,3,0,4.42
456,120015,0.8195,100.0,200,11,3,0,4.43
457,120271,0.8191,80.0,180,10,3,0,4.44
458,120527,0.8187,180.0,280,15,3,0,4.45
459,120783,0.8183,-20.0,180,10,1,0,4.45
460,121039,0.8179,70.0,170,9,3,0,4.46
461,121295,0.8175,150.0,250,12,3,0,4.47
462,121551,0.8171,140.0,240,12,3,0,4.48
463,121807,0.8167,70.0,220,13,2,0,4.49
464,122063,0.8163,110.0,210,12,3,0,4.5
465,122319,0.8159,40.0,190,10,2,0,4.51
466,122575,0.8155,140.0,240,14,3,0,4.52
467,122831,0.8151,40.0,140,8,3,0,4.53
468,123087,0.8147,80.0,180,10,3,0,4.54
469,123343,0.8144,60.0,210,12,2,0,4.55
470,123607,0.814,130.0,230,11,3,0,4.56
471,123863,0.8136,180.0,280,15,3,0,4.57
472,124119,0.8132,70.0,170,9,3,0,4.57
473,124375,0.8128,90.0,190,11,3,0,4.58
474,124711,0.8124,170.0,270,14,3,0,4.6
475,124967,0.812,140.0,240,13,3,0,4.6
476,125223,0.8116,90.0,190,11,3,0,4.61
477,125479,0.8112,160.0,260,14,3,0,4.62
478,125735,0.8108,130.0,230,12,3,0,4.63
479,125991,0.8104,20.0,120,7,3,0,4.64
480,126247,0.81,40.0,140,8,3,0,4.65
481,126503,0.8096,70.0,170,10,3,0,4.66
482,126759,0.8092,100.0,200,10,3,0,4.67
483,127015,0.8088,40.0,140,8,3,0,4.68
484,127271,0.8084,80.0,230,13,2,0,4.69
485,127527,0.808,50.0,150,9,3,0,4.7
486,127807,0.8076,110.0,260,14,2,0,4.71
487,128063,0.8072,40.0,190,10,2,0,4.72
488,128319,0.8068,80.0,180,11,3,0,4.72
489,128591,0.8064,80.0,230,11,2,0,4.73
490,128847,0.806,100.0,200,11,3,0,4.74
491,129103,0.8056,50.0,150,9,3,0,4.75
492,129359,0.8053,60.0,160,9,3,0,4.76
493,129615,0.8049,70.0,170,10,3,0,4.77
494,129871,0.8045,100.0,200,11,3,0,4.78
495,130143,0.8041,120.0,220,12,3,0,4.79
496,130399,0.8037,60.0,160,10,3,0,4.8
497,130655,0.8033,150.0,250,13,3,0,4.81
498,130911,0.8029,70.0,170,9,3,0,4.82
499,131167,0.8025,80.0,230,13,2,0,4.83
500,131423,0.8021,110.0,210,13,3,0,4.84
501,131679,0.8017,80.0,180,10,3,0,4.84
502,132055,0.8013,150.0,250,14,3,0,4.86
503,132311,0.8009,130.0,230,13,3,0,4.87
504,132567,0.8005,20.0,170,10,2,0,4.88
505,132823,0.8001,150.0,250,14,3,0,4.88
506,133079,0.7997,110.0,210,11,3,0,4.89
507,133335,0.7993,100.0,200,10,3,0,4.9
508,133591,0.7989,10.0,110,6,3,0,4.91
509,133863,0.7985,180.0,280,15,3,0,4.92
510,134119,0.7981,30.0,130,8,3,0,4.93
511,134375,0.7977,90.0,190,11,3,0,4.94
512,134631,0.7973,60.0,160,9,3,0,4.95
513,134887,0.7969,100.0,200,12,3,0,4.96
514,135143,0.7965,80.0,180,10,3,0,4.97
515,135399,0.7961,170.0,270,15,3,0,4.98
516,135655,0.7957,60.0,210,11,2,0,4.99
517,135911,0.7954,30.0,180,11,2,0,4.99
518,136167,0.795,80.0,180,10,3,0,5.0
519,136455,0.7946,110.0,210,11,3,0,5.01
520,136743,0.7942,80.0,230,13,2,0,5.02
521,137031,0.7938,140.0,240,13,3,0,5.03
522,137287,0.7934,70.0,170,10,3,0,5.04
523,137543,0.793,30.0,130,7,3,0,5.05
524,137799,0.7926,120.0,220,12,3,0,5.06
525,138055,0.7922,130.0,280,14,2,0,5.07
526,138311,0.7918,-50.0,150,9,1,0,5.08
527,138567,0.7914,60.0,160,10,3,0,5.09
528,138823,0.791,120.0,220,12,3,0,5.1
529,139111,0.7906,130.0,230,13,3,0,5.11
530,139367,0.7902,0.0,200,11,1,0,5.12
531,139639,0.7898,120.0,220,12,3,0,5.13
532,139895,0.7894,80.0,180,11,3,0,5.14
533,140151,0.789,30.0,130,8,3,0,5.14
534,140503,0.7886,220.0,320,17,3,0,5.16
535,140759,0.7882,20.0,120,7,3,0,5.17
536,141015,0.7878,50.0,150,9,3,0,5.17
537,141271,0.7874,20.0,170,9,2,0,5.18
538,141527,0.787,80.0,180,9,3,0,5.19
539,141783,0.7866,100.0,200,10,3,0,5.2
540,142039,0.7863,70.0,170,10,3,0,5.21
541,142295,0.7859,60.0,160,9,3,0,5.22
542,142551,0.7855,130.0,280,15,2,0,5.23
543,142807,0.7851,110.0,210,11,3,0,5.24
544,143063,0.7847,60.0,160,8,3,0,5.25
545,143319,0.7843,50.0,150,11,3,0,5.26
546,143575,0.7839,80.0,180,10,3,0,5.27
547,143831,0.7835,80.0,180,9,3,0,5.27
548,144087,0.7831,90.0,190,10,3,0,5.28
549,144343,0.7827,90.0,190,11,3,0,5.29
550,144599,0.7823,170.0,270,14,3,0,5.3
551,144855,0.7819,90.0,240,13,2,0,5.31
552,145111,0.7815,130.0,230,12,3,0,5.32
553,145367,0.7811,100.0,200,11,3,0,5.33
554,145655,0.7807,200.0,300,15,3,0,5.34
555,145975,0.7803,190.0,290,15,3,0,5.35
556,146231,0.7799,120.0,220,13,3,0,5.36
557,146487,0.7795,100.0,200,11,3,0,5.37
558,146775,0.7791,160.0,260,14,3,0,5.38
559,147031,0.7787,100.0,200,11,3,0,5.39
560,147287,0.7783,90.0,190,11,3,0,5.4
561,147543,0.7779,30.0,180,10,2,0,5.41
562,147799,0.7775,60.0,160,9,3,0,5.42
563,148055,0.7771,40.0,240,13,1,0,5.42
564,148311,0.7768,20.0,170,10,2,0,5.43
565,148567,0.7764,-40.0,160,9,1,0,5.44
566,148823,0.776,120.0,220,12,3,0,5.45
567,149079,0.7756,30.0,130,8,3,0,5.46
568,149335,0.7752,100.0,200,10,3,0,5.47
569,149591,0.7748,-30.0,120,9,2,0,5.48
570,149847,0.7744,120.0,220,12,3,0,5.49
571,150103,0.774,-90.0,60,5,2,0,5.5
572,150423,0.7736,200.0,300,16,3,0,5.51
573,150679,0.7732,50.0,150,9,3,0,5.52
574,150935,0.7728,10.0,160,9,2,0,5.53
575,151191,0.7724,160.0,260,14,3,0,5.54
576,151543,0.772,240.0,340,18,3,0,5.55
577,151799,0.7716,180.0,280,15,3,0,5.56
578,152055,0.7712,30.0,180,10,2,0,5.57
579,152311,0.7708,90.0,190,10,3,0,5.58
580,152567,0.7704,100.0,200,11,3,0,5.59
581,152823,0.77,180.0,280,15,3,0,5.59
582,153079,0.7696,60.0,210,12,2,0,5.6
583,153335,0.7692,-20.0,130,7,2,0,5.61
584,153591,0.7688,60.0,160,8,3,0,5.62
585,153927,0.7684,160.0,310,17,2,0,5.63
586,154183,0.768,130.0,230,13,3,0,5.64
587,154439,0.7676,120.0,220,13,3,0,5.65
588,154695,0.7672,130.0,280,13,2,0,5.66
589,154951,0.7669,160.0,260,13,3,0,5.67
590,155207,0.7665,160.0,260,15,3,0,5.68
591,155463,0.7661,50.0,200,12,2,0,5.69
592,155719,0.7657,110.0,210,11,3,0,5.7
593,155975,0.7653,150.0,250,13,3,0,5.71
594,156231,0.7649,120.0,220,12,3,0,5.72
595,156607,0.7645,210.0,310,16,3,0,5.73
596,156863,0.7641,90.0,190,10,3,0,5.74
597,157119,0.7637,130.0,230,13,3,0,5.75
598,157375,0.7633,80.0,180,11,3,0,5.76
599,157671,0.7629,180.0,330,16,2,0,5.77
600,157927,0.7625,120.0,220,12,3,0,5.77
601,158183,0.7621,60.0,160,9,3,0,5.78
602,158439,0.7617,0.0,150,9,2,0,5.79
603,158695,0.7613,160.0,260,15,3,0,5.8
604,158951,0.7609,130.0,230,14,3,0,5.81
605,159319,0.7605,230.0,330,18,3,0,5.82
606,159575,0.7601,40.0,190,12,2,0,5.83
607,159895,0.7597,200.0,300,17,3,0,5.84
608,160151,0.7593,160.0,260,14,3,0,5.85
609,160407,0.7589,130.0,230,12,3,0,5.86
610,160679,0.7585,130.0,230,12,3,0,5.87
611,160935,0.7581,150.0,250,13,3,0,5.88
612,161191,0.7578,100.0,200,11,3,0,5.89
613,161447,0.7574,100.0,200,11,3,0,5.9
614,161703,0.757,50.0,150,8,3,0,5.91
615,161959,0.7566,150.0,250,13,3,0,5.92
616,162239,0.7562,150.0,300,17,2,0,5.93
617,162511,0.7558,150.0,250,13,3,0,5.94
618,162767,0.7554,40.0,190,11,2,0,5.95
619,163023,0.755,170.0,270,14,3,0,5.96
620,163279,0.7546,80.0,180,10,3,0,5.96
621,163535,0.7542,80.0,180,10,3,0,5.97
622,163791,0.7538,120.0,270,13,2,0,5.98
623,164047,0.7534,90.0,190,10,3,0,5.99
624,164303,0.753,70.0,170,10,3,0,6.0
625,164559,0.7526,180.0,280,15,3,0,6.01
626,164815,0.7522,40.0,140,8,3,0,6.02
627,165071,0.7518,30.0,180,10,2,0,6.03
628,165327,0.7514,160.0,260,14,3,0,6.04
629,165583,0.751,100.0,250,13,2,0,6.05
630,165887,0.7506,130.0,230,13,3,0,6.06
631,166143,0.7502,60.0,160,9,3,0,6.07
632,166399,0.7498,80.0,180,10,3,0,6.07
633,166655,0.7494,100.0,200,11,3,0,6.08
634,166911,0.749,-10.0,140,9,2,0,6.09
635,167167,0.7486,-20.0,180,10,1,0,6.1
636,167423,0.7483,120.0,220,13,3,0,6.11
637,167679,0.7479,120.0,220,12,3,0,6.12
638,167935,0.7475,10.0,110,7,3,0,6.13
639,168191,0.7471,70.0,170,9,3,0,6.14
640,168447,0.7467,120.0,220,12,3,0,6.15
641,168703,0.7463,120.0,220,12,3,0,6.16
642,168959,0.7459,90.0,190,11,3,0,6.17
643,169215,0.7455,120.0,220,12,3,0,6.17
644,169471,0.7451,100.0,200,12,3,0,6.18
645,169727,0.7447,70.0,170,10,3,0,6.19
646,169983,0.7443,100.0,200,11,3,0,6.2
647,170239,0.7439,90.0,190,10,3,0,6.21
648,170495,0.7435,110.0,260,13,2,0,6.22
649,170791,0.7431,130.0,230,14,3,0,6.23
650,171047,0.7427,60.0,160,9,3,0,6.24
651,171327,0.7423,120.0,220,12,3,0,6.25
652,171583,0.7419,130.0,230,13,3,0,6.26
653,171839,0.7415,90.0,190,10,3,0,6.27
654,172095,0.7411,60.0,160,10,3,0,6.28
655,172351,0.7407,80.0,230,12,2,0,6.29
656,172607,0.7403,100.0,200,10,3,0,6.29
657,172919,0.7399,120.0,220,11,3,0,6.31
658,173175,0.7395,130.0,230,13,3,0,6.31
659,173431,0.7391,30.0,130,7,3,0,6.32
660,173727,0.7388,100.0,250,13,2,0,6.33
661,173983,0.7384,10.0,160,9,2,0,6.34
662,174239,0.738,30.0,130,8,3,0,6.35
663,174495,0.7376,20.0,170,9,2,0,6.36
664,174751,0.7372,140.0,240,13,3,0,6.37
665,175055,0.7368,220.0,320,17,3,0,6.38
666,175343,0.7364,130.0,280,15,2,0,6.39
667,175599,0.736,110.0,210,12,3,0,6.4
668,175855,0.7356,130.0,230,12,3,0,6.41
669,176111,0.7352,140.0,240,14,3,0,6.42
670,176367,0.7348,130.0,230,13,3,0,6.43
671,176623,0.7344,100.0,200,11,3,0,6.44
672,176879,0.734,100.0,200,10,3,0,6.45
673,177135,0.7336,150.0,250,14,3,0,6.45
674,177391,0.7332,0.0,100,7,3,0,6.46
675,177647,0.7328,110.0,210,13,3,0,6.47
676,177903,0.7324,0.0,200,10,1,0,6.48
677,178159,0.732,180.0,280,14,3,0,6.49
678,178431,0.7316,0.0,200,10,1,0,6.5
679,178711,0.7312,60.0,160,10,3,0,6.51
680,178967,0.7308,120.0,220,12,3,0,6.52
681,179223,0.7304,-130.0,70,5,1,0,6.53
682,179479,0.73,110.0,210,12,3,0,6.54
683,179839,0.7296,90.0,290,14,1,0,6.55
684,180095,0.7292,180.0,280,14,3,0,6.56
685,180351,0.7289,80.0,180,12,3,0,6.57
686,180607,0.7285,120.0,220,12,3,0,6.58
687,180863,0.7281,90.0,240,12,2,0,6.59
688,181119,0.7277,150.0,250,14,3,0,6.6
689,181375,0.7273,110.0,210,12,3,0,6.61
690,181631,0.7269,-30.0,170,9,1,0,6.61
691,181887,0.7265,120.0,220,13,3,0,6.62
692,182143,0.7261,150.0,250,14,3,0,6.63
693,182399,0.7257,80.0,180,11,3,0,6.64
694,182655,0.7253,90.0,190,10,3,0,6.65
695,182911,0.7249,120.0,220,13,3,0,6.66
696,183167,0.7245,220.0,320,17,3,0,6.67
697,183423,0.7241,170.0,270,14,3,0,6.68
698,183679,0.7237,130.0,230,14,3,0,6.69
699,183935,0.7233,110.0,210,10,3,0,6.7
700,184191,0.7229,60.0,160,9,3,0,6.71
701,184447,0.7225,60.0,160,9,3,0,6.71
702,184703,0.7221,100.0,200,11,3,0,6.72
703,184975,0.7217,50.0,150,8,3,0,6.73
704,185231,0.7213,60.0,160,9,3,0,6.74
705,185487,0.7209,80.0,180,11,3,0,6.75
706,185743,0.7205,110.0,210,12,3,0,6.76
707,185999,0.7201,80.0,180,9,3,0,6.77
708,186255,0.7198,110.0,210,12,3,0,6.78
709,186511,0.7194,90.0,190,12,3,0,6.79
710,186767,0.719,70.0,170,10,3,0,6.8
711,187047,0.7186,40.0,290,15,0,0,6.81
712,187303,0.7182,40.0,140,8,3,0,6.82
713,187559,0.7178,80.0,180,9,3,0,6.82
714,187815,0.7174,70.0,170,10,3,0,6.83
715,188095,0.717,160.0,260,15,3,0,6.84
716,188351,0.7166,150.0,300,14,2,0,6.85
717,188607,0.7162,50.0,150,9,3,0,6.86
718,188863,0.7158,70.0,220,13,2,0,6.87
719,189119,0.7154,160.0,260,14,3,0,6.88
720,189383,0.715,110.0,210,11,3,0,6.89
721,189639,0.7146,-70.0,80,6,2,0,6.9
722,189895,0.7142,90.0,190,11,3,0,6.91
723,190151,0.7138,70.0,220,12,2,0,6.92
724,190407,0.7134,220.0,320,16,3,0,6.93
725,190663,0.713,100.0,200,11,3,0,6.93
726,190919,0.7126,160.0,260,14,3,0,6.94
727,191175,0.7122,130.0,230,14,3,0,6.95
728,191431,0.7118,60.0,160,9,3,0,6.96
729,191687,0.7114,150.0,250,13,3,0,6.97
730,191943,0.711,160.0,260,13,3,0,6.98
731,192199,0.7106,60.0,160,10,3,0,6.99
732,192519,0.7103,80.0,280,15,1,0,7.0
733,192775,0.7099,60.0,160,9,3,0,7.01
734,193031,0.7095,-10.0,90,6,3,0,7.02
735,193319,0.7091,190.0,290,16,3,0,7.03
736,193575,0.7087,40.0,140,9,3,0,7.04
737,193831,0.7083,90.0,190,11,3,0,7.05
738,194087,0.7079,120.0,220,12,3,0,7.05
739,194343,0.7075,90.0,190,12,3,0,7.06
740,194599,0.7071,60.0,210,12,2,0,7.07
741,194855,0.7067,120.0,220,12,3,0,7.08
742,195111,0.7063,40.0,140,8,3,0,7.09
743,195367,0.7059,100.0,200,11,3,0,7.1
744,195639,0.7055,80.0,180,10,3,0,7.11
745,195895,0.7051,-30.0,120,7,2,0,7.12
746,196151,0.7047,100.0,200,11,3,0,7.13
747,196407,0.7043,-60.0,90,6,2,0,7.14
748,196663,0.7039,30.0,130,7,3,0,7.15
749,196919,0.7035,40.0,140,7,3,0,7.15
750,197175,0.7031,40.0,140,8,3,0,7.16
751,197431,0.7027,190.0,290,16,3,0,7.17
752,197687,0.7023,-40.0,110,6,2,0,7.18
753,197943,0.7019,80.0,180,10,3,0,7.19
754,198199,0.7015,80.0,180,12,3,0,7.2
755,198455,0.7011,90.0,190,12,3,0,7.21
756,198711,0.7007,120.0,270,15,2,0,7.22
757,198967,0.7004,90.0,190,11,3,0,7.23
758,199223,0.7,50.0,150,9,3,0,7.24
759,199479,0.6996,30.0,130,8,3,0,7.25
760,199735,0.6992,140.0,240,13,3,0,7.26
761,199991,0.6988,60.0,160,7,3,0,7.26
762,200247,0.6984,-10.0,190,11,1,0,7.27
763,200503,0.698,60.0,160,10,3,0,7.28
764,200807,0.6976,90.0,190,10,3,0,7.29
765,201063,0.6972,100.0,200,11,3,0,7.3
766,201319,0.6968,40.0,140,9,3,0,7.31
767,201623,0.6964,110.0,260,13,2,0,7.32
768,201879,0.696,130.0,230,12,3,0,7.33
769,202135,0.6956,140.0,240,12,3,0,7.34
770,202415,0.6952,110.0,310,16,1,0,7.35
771,202671,0.6948,120.0,220,12,3,0,7.36
772,202927,0.6944,110.0,210,10,3,0,7.37
773,203199,0.694,130.0,230,12,3,0,7.38
774,203455,0.6936,120.0,220,11,3,0,7.39
775,203711,0.6932,170.0,270,15,3,0,7.4
776,203967,0.6928,-20.0,130,7,2,0,7.4
777,204239,0.6924,100.0,200,12,3,0,7.41
778,204495,0.692,100.0,200,12,3,0,7.42
779,204807,0.6916,90.0,240,13,2,0,7.43
780,205063,0.6912,80.0,180,10,3,0,7.44
781,205319,0.6909,40.0,140,7,3,0,7.45
782,205575,0.6905,60.0,210,11,2,0,7.46
783,205831,0.6901,40.0,190,10,2,0,7.47
784,206087,0.6897,60.0,210,11,2,0,7.48
785,206343,0.6893,100.0,200,11,3,0,7.49
786,206599,0.6889,120.0,220,12,3,0,7.5
787,206863,0.6885,260.0,360,18,3,0,7.51
788,207119,0.6881,10.0,160,9,2,0,7.52
789,207375,0.6877,10.0,110,7,3,0,7.53
790,207639,0.6873,-10.0,140,8,2,0,7.54
791,207895,0.6869,10.0,110,8,3,0,7.55
792,208151,0.6865,120.0,220,13,3,0,7.56
793,208407,0.6861,150.0,300,16,2,0,7.56
794,208743,0.6857,130.0,230,13,3,0,7.58
795,208999,0.6853,130.0,230,13,3,0,7.59
796,209295,0.6849,140.0,240,12,3,0,7.6
797,209551,0.6845,100.0,200,12,3,0,7.6
798,209807,0.6841,130.0,230,12,3,0,7.61
799,210071,0.6837,130.0,230,12,3,0,7.62
800,210367,0.6833,170.0,270,15,3,0,7.63
801,210623,0.6829,70.0,170,9,3,0,7.64
802,210879,0.6825,150.0,250,14,3,0,7.65
803,211135,0.6821,90.0,190,10,3,0,7.66
804,211391,0.6818,130.0,230,14,3,0,7.67
805,211647,0.6814,180.0,280,15,3,0,7.68
806,211903,0.681,-30.0,170,11,1,0,7.69
807,212159,0.6806,100.0,200,10,3,0,7.7
808,212415,0.6802,70.0,170,10,3,0,7.71
809,212671,0.6798,50.0,200,11,2,0,7.72
810,212927,0.6794,50.0,250,13,1,0,7.72
811,213183,0.679,160.0,260,15,3,0,7.73
812,213439,0.6786,100.0,250,13,2,0,7.74
813,213695,0.6782,50.0,200,11,2,0,7.75
814,213951,0.6778,90.0,190,10,3,0,7.76
815,214207,0.6774,-90.0,110,7,1,0,7.77
816,214463,0.677,10.0,160,9,2,0,7.78
817,214719,0.6766,120.0,220,11,3,0,7.79
818,214975,0.6762,10.0,160,9,2,0,7.8
819,215231,0.6758,60.0,160,9,3,0,7.81
820,215487,0.6754,80.0,180,10,3,0,7.81
821,215743,0.675,60.0,160,9,3,0,7.82
822,215999,0.6746,120.0,220,12,3,0,7.83
823,216255,0.6742,60.0,160,9,3,0,7.84
824,216511,0.6738,20.0,220,12,1,0,7.85
825,216767,0.6734,120.0,270,14,2,0,7.86
826,217055,0.673,110.0,260,14,2,0,7.87
827,217311,0.6726,120.0,220,12,3,0,7.88
828,217567,0.6723,110.0,210,11,3,0,7.89
829,217831,0.6719,120.0,220,11,3,0,7.9
830,218087,0.6715,10.0,160,10,2,0,7.91
831,218343,0.6711,50.0,150,8,3,0,7.92
832,218599,0.6707,90.0,190,11,3,0,7.92
833,218863,0.6703,30.0,180,11,2,0,7.93
834,219119,0.6699,100.0,200,11,3,0,7.94
835,219375,0.6695,80.0,180,10,3,0,7.95
836,219631,0.6691,90.0,190,10,3,0,7.96
837,219887,0.6687,70.0,170,10,3,0,7.97
838,220143,0.6683,90.0,190,10,3,0,7.98
839,220399,0.6679,70.0,220,12,2,0,7.99
840,220655,0.6675,90.0,240,13,2,0,8.0
841,220911,0.6671,20.0,170,10,2,0,8.01
842,221167,0.6667,70.0,220,11,2,0,8.01
843,221423,0.6663,130.0,230,12,3,0,8.02
844,221679,0.6659,60.0,160,10,3,0,8.03
845,221935,0.6655,40.0,140,9,3,0,8.04
846,222191,0.6651,10.0,160,9,2,0,8.05
847,222447,0.6647,150.0,250,14,3,0,8.06
848,222703,0.6643,150.0,250,14,3,0,8.07
849,222959,0.6639,220.0,320,16,3,0,8.08
850,223215,0.6635,60.0,160,9,3,0,8.09
851,223471,0.6631,40.0,190,11,2,0,8.1
852,223727,0.6627,110.0,210,11,3,0,8.1
853,223983,0.6624,150.0,250,14,3,0,8.11
854,224239,0.662,70.0,170,10,3,0,8.12
855,224535,0.6616,160.0,310,16,2,0,8.13
856,224807,0.6612,190.0,290,16,3,0,8.14
857,225079,0.6608,170.0,270,14,3,0,8.15
858,225367,0.6604,80.0,180,9,3,0,8.16
859,225631,0.66,140.0,240,13,3,0,8.17
860,225895,0.6596,70.0,170,9,3,0,8.18
861,226151,0.6592,20.0,120,7,3,0,8.19
862,226431,0.6588,150.0,250,15,3,0,8.2
863,226687,0.6584,140.0,240,13,3,0,8.21
864,226943,0.658,80.0,180,10,3,0,8.22
865,227199,0.6576,60.0,210,12,2,0,8.23
866,227455,0.6572,70.0,220,11,2,0,8.24
867,227711,0.6568,100.0,200,11,3,0,8.25
868,227967,0.6564,140.0,240,13,3,0,8.26
869,228223,0.656,40.0,140,10,3,0,8.26
870,228479,0.6556,130.0,230,13,3,0,8.27
871,228735,0.6552,40.0,140,8,3,0,8.28
872,229007,0.6548,220.0,320,17,3,0,8.29
873,229263,0.6544,190.0,290,15,3,0,8.3
874,229535,0.654,150.0,250,13,3,0,8.31
875,229823,0.6536,150.0,250,12,3,0,8.32
876,230079,0.6533,180.0,280,15,3,0,8.33
877,230335,0.6529,230.0,330,17,3,0,8.34
878,230591,0.6525,50.0,200,12,2,0,8.35
879,230847,0.6521,80.0,230,11,2,0,8.36
880,231103,0.6517,80.0,180,11,3,0,8.37
881,231367,0.6513,10.0,210,13,1,0,8.38
882,231623,0.6509,180.0,280,15,3,0,8.39
883,231879,0.6505,40.0,190,10,2,0,8.39
884,232191,0.6501,50.0,150,9,3,0,8.41
885,232447,0.6497,-20.0,130,8,2,0,8.41
886,232703,0.6493,70.0,170,10,3,0,8.42
887,232959,0.6489,20.0,170,10,2,0,8.43
888,233295,0.6485,170.0,270,14,3,0,8.44
889,233551,0.6481,50.0,150,8,3,0,8.45
890,233807,0.6477,80.0,180,10,3,0,8.46
891,234127,0.6473,240.0,340,17,3,0,8.47
892,234391,0.6469,120.0,220,12,3,0,8.48
893,234671,0.6465,90.0,240,13,2,0,8.49
894,234967,0.6461,220.0,320,16,3,0,8.5
895,235223,0.6457,60.0,210,12,2,0,8.51
896,235479,0.6453,110.0,210,12,3,0,8.52
897,235751,0.6449,60.0,260,14,1,0,8.53
898,236007,0.6445,110.0,210,11,3,0,8.54
899,236263,0.6441,30.0,180,10,2,0,8.55
900,236575,0.6438,120.0,220,13,3,0,8.56
901,236895,0.6434,190.0,340,18,2,0,8.57
902,237151,0.643,120.0,220,13,3,0,8.58
903,237407,0.6426,110.0,210,11,3,0,8.59
904,237663,0.6422,80.0,180,10,3,0,8.6
905,237919,0.6418,150.0,250,14,3,0,8.61
906,238175,0.6414,100.0,200,11,3,0,8.62
907,238431,0.641,90.0,190,10,3,0,8.63
908,238687,0.6406,100.0,200,12,3,0,8.64
909,238943,0.6402,140.0,240,14,3,0,8.64
910,239199,0.6398,0.0,150,9,2,0,8.65
911,239455,0.6394,70.0,170,9,3,0,8.66
912,239719,0.639,180.0,280,15,3,0,8.67
913,239975,0.6386,80.0,180,10,3,0,8.68
914,240231,0.6382,140.0,240,14,3,0,8.69
915,240487,0.6378,100.0,200,10,3,0,8.7
916,240743,0.6374,90.0,190,11,3,0,8.71
917,240999,0.637,70.0,170,10,3,0,8.72
918,241279,0.6366,110.0,210,11,3,0,8.73
919,241559,0.6362,140.0,240,15,3,0,8.74
920,241815,0.6358,30.0,130,10,3,0,8.75
921,242087,0.6354,70.0,170,9,3,0,8.77
922,242519,0.635,290.0,390,20,3,0,8.78
923,242775,0.6346,120.0,220,12,3,0,8.79
924,243103,0.6342,170.0,270,15,3,0,8.81
925,243383,0.6339,110.0,210,11,3,0,8.82
926,243679,0.6335,90.0,190,11,3,0,8.83
927,243999,0.6331,180.0,280,14,3,0,8.84
928,244319,0.6327,290.0,390,19,3,0,8.85
929,244599,0.6323,120.0,220,12,3,0,8.86
930,244911,0.6319,210.0,310,16,3,0,8.87
931,245167,0.6315,190.0,290,16,3,0,8.88
932,245423,0.6311,200.0,300,16,3,0,8.89
933,245679,0.6307,120.0,220,12,3,0,8.9
934,245935,0.6303,80.0,180,10,3,0,8.91
935,246207,0.6299,160.0,260,14,3,0,8.92
936,246463,0.6295,80.0,180,10,3,0,8.92
937,246719,0.6291,80.0,180,10,3,0,8.93
938,246999,0.6287,140.0,240,12,3,0,8.94
939,247255,0.6283,160.0,260,13,3,0,8.95
940,247511,0.6279,150.0,250,15,3,0,8.96
941,247767,0.6275,80.0,230,13,2,0,8.97
942,248023,0.6271,40.0,140,9,3,0,8.98
943,248279,0.6267,140.0,240,12,3,0,8.99
944,248535,0.6263,30.0,130,7,3,0,9.0
945,248791,0.6259,100.0,200,11,3,0,9.01
946,249047,0.6255,180.0,280,15,3,0,9.02
947,249303,0.6251,10.0,110,7,3,0,9.03
948,249559,0.6248,100.0,200,10,3,0,9.03
949,249887,0.6244,170.0,320,16,2,0,9.05
950,250143,0.624,90.0,190,11,3,0,9.06
951,250399,0.6236,70.0,220,12,2,0,9.06
952,250655,0.6232,120.0,220,13,3,0,9.07
953,250911,0.6228,150.0,250,14,3,0,9.08
954,251167,0.6224,160.0,260,15,3,0,9.09
955,251423,0.622,100.0,200,12,3,0,9.1
956,251679,0.6216,70.0,170,10,3,0,9.11
957,251975,0.6212,240.0,340,18,3,0,9.12
958,252231,0.6208,130.0,230,12,3,0,9.13
959,252487,0.6204,60.0,160,9,3,0,9.14
960,252743,0.62,130.0,230,13,3,0,9.15
961,252999,0.6196,80.0,180,10,3,0,9.16
962,253255,0.6192,20.0,170,10,2,0,9.17
963,253511,0.6188,100.0,200,11,3,0,9.18
964,253767,0.6184,100.0,200,9,3,0,9.19
965,254023,0.618,30.0,180,10,2,0,9.2
966,254279,0.6176,90.0,190,10,3,0,9.21
967,254535,0.6172,70.0,170,11,3,0,9.22
968,254791,0.6168,100.0,200,11,3,0,9.23
969,255047,0.6164,70.0,170,10,3,0,9.24
970,255303,0.616,20.0,170,10,2,0,9.24
971,255559,0.6156,40.0,140,9,3,0,9.25
972,255815,0.6153,90.0,240,12,2,0,9.26
973,256071,0.6149,140.0,240,12,3,0,9.27
974,256327,0.6145,70.0,170,10,3,0,9.28
975,256583,0.6141,150.0,250,15,3,0,9.3
976,256839,0.6137,10.0,160,9,2,0,9.31
977,257095,0.6133,100.0,250,13,2,0,9.32
978,257351,0.6129,70.0,170,10,3,0,9.33
979,257607,0.6125,150.0,250,13,3,0,9.34
980,257863,0.6121,100.0,200,11,3,0,9.35
981,258119,0.6117,50.0,150,9,3,0,9.36
982,258375,0.6113,150.0,250,13,3,0,9.37
983,258663,0.6109,220.0,320,17,3,0,9.38
984,258919,0.6105,60.0,160,10,3,0,9.39
985,259175,0.6101,80.0,180,10,3,0,9.4
986,259431,0.6097,80.0,180,10,3,0,9.41
987,259687,0.6093,50.0,250,14,1,0,9.42
988,259943,0.6089,120.0,220,13,3,0,9.43
989,260199,0.6085,40.0,140,8,3,0,9.44
990,260591,0.6081,320.0,420,21,3,0,9.45
991,260847,0.6077,100.0,200,11,3,0,9.46
992,261103,0.6073,50.0,150,8,3,0,9.47
993,261359,0.6069,80.0,230,12,2,0,9.49
994,261615,0.6065,100.0,200,12,3,0,9.5
995,261871,0.6061,210.0,310,16,3,0,9.5
996,262127,0.6058,140.0,290,16,2,0,9.51
997,262383,0.6054,90.0,190,11,3,0,9.52
998,262639,0.605,30.0,180,11,2,0,9.53
999,262895,0.6046,70.0,220,12,2,0,9.54
1000,263151,0.6042,50.0,200,11,2,0,9.55
1001,263407,0.6038,90.0,190,9,3,0,9.56
1002,263663,0.6034,120.0,220,13,3,0,9.57
1003,263975,0.603,140.0,240,13,3,0,9.59
1004,264231,0.6026,70.0,170,10,3,0,9.6
1005,264487,0.6022,100.0,250,14,2,0,9.61
1006,264743,0.6018,140.0,240,13,3,0,9.62
1007,264999,0.6014,200.0,300,15,3,0,9.63
1008,265255,0.601,50.0,150,9,3,0,9.64
1009,265511,0.6006,100.0,200,11,3,0,9.65
1010,265767,0.6002,-20.0,130,7,2,0,9.66
1011,266023,0.5998,90.0,190,11,3,0,9.67
1012,266279,0.5994,90.0,240,13,2,0,9.68
1013,266535,0.599,130.0,230,12,3,0,9.68
1014,266791,0.5986,-20.0,180,11,1,0,9.69
1015,267047,0.5982,150.0,250,13,3,0,9.7
1016,267303,0.5978,130.0,230,13,3,0,9.72
1017,267559,0.5974,80.0,180,11,3,0,9.73
1018,267815,0.597,60.0,160,10,3,0,9.74
1019,268071,0.5966,10.0,160,9,2,0,9.75
1020,268327,0.5962,100.0,200,11,3,0,9.75
1021,268583,0.5959,50.0,150,10,3,0,9.76
1022,268839,0.5955,70.0,170,10,3,0,9.77
1023,269095,0.5951,70.0,220,11,2,0,9.78
1024,269415,0.5947,200.0,300,15,3,0,9.79
1025,269671,0.5943,90.0,190,10,3,0,9.8
1026,269927,0.5939,110.0,210,13,3,0,9.82
1027,270191,0.5935,170.0,270,15,3,0,9.83
1028,270447,0.5931,160.0,260,12,3,0,9.84
1029,270703,0.5927,110.0,210,12,3,0,9.85
1030,270959,0.5923,120.0,220,12,3,0,9.86
1031,271215,0.5919,120.0,220,12,3,0,9.87
1032,271471,0.5915,140.0,240,12,3,0,9.88
1033,271727,0.5911,30.0,180,9,2,0,9.89
1034,271983,0.5907,100.0,200,11,3,0,9.9
1035,272263,0.5903,90.0,190,10,3,0,9.91
1036,272519,0.5899,110.0,210,10,3,0,9.92
1037,272775,0.5895,80.0,180,12,3,0,9.93
1038,273031,0.5891,70.0,170,10,3,0,9.94
1039,273287,0.5887,160.0,260,14,3,0,9.95
1040,273543,0.5883,90.0,190,10,3,0,9.96
1041,273799,0.5879,120.0,220,10,3,0,9.97
1042,274055,0.5875,150.0,250,13,3,0,9.98
1043,274311,0.5871,170.0,270,15,3,0,9.99
1044,274583,0.5867,80.0,230,11,2,0,10.0
1045,274839,0.5864,80.0,180,10,3,0,10.01
1046,275095,0.586,80.0,180,11,3,0,10.02
1047,275351,0.5856,40.0,190,10,2,0,10.03
1048,275607,0.5852,40.0,140,9,3,0,10.04
1049,275887,0.5848,90.0,190,11,3,0,10.05
1050,276143,0.5844,140.0,290,16,2,0,10.06
1051,276399,0.584,80.0,180,10,3,0,10.08
1052,276655,0.5836,110.0,210,11,3,0,10.09
1053,276911,0.5832,130.0,230,12,3,0,10.1
1054,277167,0.5828,90.0,240,13,2,0,10.11
1055,277495,0.5824,130.0,230,13,3,0,10.12
1056,277751,0.582,170.0,270,15,3,0,10.13
1057,278007,0.5816,110.0,210,12,3,0,10.14
1058,278263,0.5812,60.0,160,10,3,0,10.15
1059,278551,0.5808,60.0,160,9,3,0,10.16
1060,278807,0.5804,80.0,180,11,3,0,10.17
1061,279063,0.58,-10.0,90,7,3,0,10.18
1062,279319,0.5796,40.0,140,8,3,0,10.19
1063,279575,0.5792,90.0,190,11,3,0,10.19
1064,279831,0.5788,20.0,170,11,2,0,10.2
1065,280111,0.5784,120.0,220,14,3,0,10.21
1066,280367,0.578,140.0,240,13,3,0,10.22
1067,280623,0.5776,100.0,200,12,3,0,10.23
1068,280943,0.5773,180.0,280,15,3,0,10.24
1069,281199,0.5769,140.0,240,13,3,0,10.25
1070,281455,0.5765,20.0,120,8,3,0,10.26
1071,281711,0.5761,110.0,210,11,3,0,10.27
1072,281967,0.5757,70.0,170,10,3,0,10.28
1073,282223,0.5753,20.0,120,6,3,0,10.29
1074,282479,0.5749,80.0,180,10,3,0,10.3
1075,282735,0.5745,20.0,120,7,3,0,10.31
1076,282991,0.5741,70.0,170,10,3,0,10.33
1077,283247,0.5737,90.0,190,12,3,0,10.34
1078,283599,0.5733,180.0,280,14,3,0,10.35
1079,283919,0.5729,100.0,200,11,3,0,10.36
1080,284175,0.5725,50.0,150,8,3,0,10.37
1081,284431,0.5721,130.0,230,13,3,0,10.38
1082,284703,0.5717,140.0,240,14,3,0,10.39
1083,284959,0.5713,50.0,200,11,2,0,10.4
1084,285215,0.5709,60.0,160,9,3,0,10.41
1085,285471,0.5705,130.0,230,12,3,0,10.42
1086,285727,0.5701,60.0,160,8,3,0,10.43
1087,285983,0.5697,110.0,210,11,3,0,10.44
1088,286239,0.5693,100.0,200,12,3,0,10.45
1089,286495,0.5689,120.0,220,14,3,0,10.46
1090,286751,0.5685,0.0,150,9,2,0,10.47
1091,287007,0.5681,140.0,240,12,3,0,10.48
1092,287263,0.5677,80.0,180,11,3,0,10.5
1093,287519,0.5674,90.0,190,11,3,0,10.51
1094,287783,0.567,130.0,230,14,3,0,10.52
1095,288039,0.5666,150.0,250,13,3,0,10.53
1096,288295,0.5662,130.0,230,13,3,0,10.54
1097,288551,0.5658,120.0,220,12,3,0,10.55
1098,288807,0.5654,90.0,190,10,3,0,10.56
1099,289063,0.565,180.0,280,14,3,0,10.57
1100,289319,0.5646,70.0,170,9,3,0,10.58
1101,289599,0.5642,150.0,250,14,3,0,10.59
1102,289855,0.5638,70.0,220,12,2,0,10.6
1103,290111,0.5634,60.0,160,9,3,0,10.61
1104,290367,0.563,110.0,210,12,3,0,10.62
1105,290623,0.5626,90.0,240,14,2,0,10.63
1106,290879,0.5622,20.0,170,10,2,0,10.64
1107,291135,0.5618,0.0,150,9,2,0,10.65
1108,291423,0.5614,100.0,200,11,3,0,10.66
1109,291679,0.561,-60.0,90,6,2,0,10.67
1110,292127,0.5606,270.0,370,20,3,0,10.68
1111,292383,0.5602,140.0,240,14,3,0,10.69
1112,292639,0.5598,-30.0,120,7,2,0,10.7
1113,292895,0.5594,70.0,170,11,3,0,10.71
1114,293151,0.559,120.0,220,12,3,0,10.72
1115,293407,0.5586,30.0,130,7,3,0,10.73
1116,293663,0.5582,120.0,220,12,3,0,10.74
1117,293919,0.5579,140.0,240,14,3,0,10.75
1118,294175,0.5575,130.0,230,13,3,0,10.76
1119,294431,0.5571,100.0,200,12,3,0,10.76
1120,294687,0.5567,140.0,240,14,3,0,10.77
1121,294943,0.5563,100.0,200,10,3,0,10.78
1122,295199,0.5559,60.0,160,8,3,0,10.79
1123,295455,0.5555,100.0,250,14,2,0,10.8
1124,295711,0.5551,60.0,210,12,2,0,10.81
1125,295967,0.5547,80.0,180,10,3,0,10.82
1126,296247,0.5543,10.0,210,14,1,0,10.83
1127,296503,0.5539,160.0,260,15,3,0,10.84
1128,296759,0.5535,40.0,190,10,2,0,10.85
1129,297015,0.5531,40.0,140,8,3,0,10.86
1130,297271,0.5527,100.0,200,11,3,0,10.87
1131,297527,0.5523,100.0,200,10,3,0,10.88
1132,297783,0.5519,180.0,280,15,3,0,10.88
1133,298039,0.5515,10.0,160,11,2,0,10.89
1134,298319,0.5511,80.0,180,12,3,0,10.9
1135,298575,0.5507,100.0,200,10,3,0,10.91
1136,298831,0.5503,30.0,180,10,2,0,10.92
1137,299087,0.5499,130.0,230,11,3,0,10.93
1138,299343,0.5495,110.0,260,13,2,0,10.94
1139,299599,0.5491,130.0,230,13,3,0,10.95
1140,299855,0.5488,100.0,200,12,3,0,10.96
1141,300111,0.5484,60.0,210,13,2,0,10.97
1142,300367,0.548,120.0,220,12,3,0,10.98
1143,300623,0.5476,160.0,260,14,3,0,10.99
1144,300879,0.5472,90.0,240,14,2,0,10.99
1145,301135,0.5468,100.0,200,11,3,0,11.0
1146,301391,0.5464,10.0,160,10,2,0,11.01
1147,301647,0.546,80.0,230,12,2,0,11.02
1148,301903,0.5456,160.0,260,14,3,0,11.03
1149,302159,0.5452,30.0,180,11,2,0,11.04
1150,302415,0.5448,60.0,160,10,3,0,11.05
1151,302671,0.5444,180.0,280,15,3,0,11.06
1152,302927,0.544,140.0,240,13,3,0,11.07
1153,303207,0.5436,160.0,260,16,3,0,11.08
1154,303503,0.5432,100.0,200,12,3,0,11.09
1155,303759,0.5428,80.0,180,11,3,0,11.1
1156,304015,0.5424,-50.0,150,9,1,0,11.11
1157,304271,0.542,-20.0,130,9,2,0,11.11
1158,304527,0.5416,10.0,160,11,2,0,11.12
1159,304783,0.5412,130.0,230,13,3,0,11.13
1160,305039,0.5408,50.0,150,8,3,0,11.14
1161,305295,0.5404,70.0,220,13,2,0,11.15
1162,305551,0.54,80.0,180,12,3,0,11.16
1163,305807,0.5396,20.0,120,8,3,0,11.17
1164,306087,0.5393,170.0,270,16,3,0,11.18
1165,306367,0.5389,200.0,300,17,3,0,11.19
1166,306647,0.5385,150.0,250,15,3,0,11.2
1167,306903,0.5381,110.0,210,12,3,0,11.21
1168,307159,0.5377,60.0,210,11,2,0,11.22
1169,307415,0.5373,50.0,150,8,3,0,11.23
1170,307695,0.5369,200.0,300,16,3,0,11.24
1171,307951,0.5365,130.0,230,12,3,0,11.25
1172,308207,0.5361,190.0,290,15,3,0,11.26
1173,308463,0.5357,120.0,220,12,3,0,11.27
1174,308719,0.5353,70.0,170,10,3,0,11.28
1175,308975,0.5349,70.0,170,10,3,0,11.29
1176,309231,0.5345,100.0,200,10,3,0,11.3
1177,309487,0.5341,140.0,240,12,3,0,11.31
1178,309783,0.5337,160.0,260,14,3,0,11.32
1179,310047,0.5333,150.0,250,13,3,0,11.33
1180,310303,0.5329,60.0,160,10,3,0,11.34
1181,310559,0.5325,150.0,250,14,3,0,11.35
1182,310855,0.5321,240.0,340,16,3,0,11.36
1183,311111,0.5317,50.0,200,11,2,0,11.37
1184,311367,0.5313,50.0,150,9,3,0,11.38
1185,311623,0.5309,100.0,200,10,3,0,11.39
1186,311879,0.5305,20.0,170,11,2,0,11.4
1187,312143,0.5301,180.0,280,16,3,0,11.41
1188,312407,0.5298,50.0,200,12,2,0,11.42
1189,312663,0.5294,80.0,180,11,3,0,11.43
1190,312919,0.529,80.0,180,11,3,0,11.45
1191,313199,0.5286,180.0,280,17,3,0,11.46
1192,313455,0.5282,20.0,120,9,3,0,11.47
1193,313711,0.5278,120.0,220,11,3,0,11.48
1194,313983,0.5274,130.0,230,13,3,0,11.49
1195,314239,0.527,-10.0,140,9,2,0,11.5
1196,314495,0.5266,150.0,300,15,2,0,11.51
1197,314751,0.5262,140.0,240,12,3,0,11.52
1198,315031,0.5258,120.0,220,14,3,0,11.53
1199,315287,0.5254,90.0,190,12,3,0,11.54
1200,315559,0.525,120.0,220,12,3,0,11.56
1201,315815,0.5246,110.0,210,13,3,0,11.57
1202,316071,0.5242,100.0,300,16,1,0,11.57
1203,316351,0.5238,180.0,280,16,3,0,11.58
1204,316607,0.5234,90.0,190,11,3,0,11.59
1205,316863,0.523,60.0,210,13,2,0,11.6
1206,317119,0.5226,120.0,220,12,3,0,11.61
1207,317375,0.5222,90.0,190,11,3,0,11.62
1208,317631,0.5218,50.0,150,8,3,0,11.63
1209,317895,0.5214,90.0,190,11,3,0,11.64
1210,318175,0.521,90.0,190,11,3,0,11.65
1211,318431,0.5206,70.0,170,10,3,0,11.67
1212,318687,0.5203,110.0,210,13,3,0,11.68
1213,318943,0.5199,160.0,260,14,3,0,11.69
1214,319199,0.5195,110.0,210,12,3,0,11.7
1215,319455,0.5191,40.0,140,8,3,0,11.71
1216,319783,0.5187,230.0,330,18,3,0,11.72
1217,320039,0.5183,60.0,160,9,3,0,11.73
1218,320295,0.5179,130.0,230,12,3,0,11.74
1219,320575,0.5175,220.0,320,16,3,0,11.75
1220,320831,0.5171,80.0,180,11,3,0,11.76
1221,321087,0.5167,100.0,200,11,3,0,11.77
1222,321343,0.5163,10.0,160,7,2,0,11.78
1223,321631,0.5159,150.0,250,13,3,0,11.79
1224,321887,0.5155,80.0,180,9,3,0,11.8
1225,322175,0.5151,170.0,270,14,3,0,11.81
1226,322431,0.5147,80.0,230,13,2,0,11.81
1227,322687,0.5143,120.0,270,14,2,0,11.82
1228,323095,0.5139,280.0,380,20,3,0,11.84
1229,323351,0.5135,70.0,170,10,3,0,11.85
1230,323671,0.5131,160.0,260,15,3,0,11.86
1231,323927,0.5127,110.0,210,13,3,0,11.87
1232,324183,0.5123,0.0,150,9,2,0,11.88
1233,324439,0.5119,80.0,230,13,2,0,11.89
1234,324695,0.5115,160.0,260,13,3,0,11.9
1235,324951,0.5111,60.0,160,10,3,0,11.91
1236,325207,0.5108,120.0,220,11,3,0,11.92
1237,325463,0.5104,10.0,160,10,2,0,11.93
1238,325719,0.51,120.0,220,13,3,0,11.94
1239,325975,0.5096,80.0,180,9,3,0,11.95
1240,326231,0.5092,180.0,280,14,3,0,11.96
1241,326487,0.5088,180.0,280,15,3,0,11.97
1242,326743,0.5084,130.0,230,13,3,0,11.98
1243,326999,0.508,120.0,220,13,3,0,11.99
1244,327255,0.5076,160.0,260,14,3,0,12.0
1245,327511,0.5072,160.0,260,13,3,0,12.01
1246,327767,0.5068,90.0,190,12,3,0,12.02
1247,328023,0.5064,60.0,160,9,3,0,12.03
1248,328279,0.506,100.0,250,14,2,0,12.04
1249,328535,0.5056,70.0,170,10,3,0,12.05
1250,328791,0.5052,100.0,200,12,3,0,12.06
1251,329047,0.5048,60.0,160,9,3,0,12.07
1252,329303,0.5044,100.0,200,11,3,0,12.08
1253,329567,0.504,180.0,280,16,3,0,12.09
1254,329823,0.5036,50.0,150,8,3,0,12.1
1255,330079,0.5032,20.0,170,10,2,0,12.11
1256,330335,0.5028,30.0,130,8,3,0,12.12
1257,330591,0.5024,120.0,220,11,3,0,12.13
1258,330863,0.502,80.0,180,11,3,0,12.14
1259,331119,0.5016,190.0,290,15,3,0,12.15
1260,331391,0.5012,210.0,310,16,3,0,12.16
1261,331663,0.5009,160.0,260,14,3,0,12.17
1262,331919,0.5005,170.0,270,14,3,0,12.18
1263,332175,0.5001,160.0,260,15,3,0,12.19
1264,332431,0.4997,180.0,280,16,3,0,12.2
1265,332719,0.4993,160.0,260,15,3,0,12.21
1266,332975,0.4989,140.0,240,14,3,0,12.22
1267,333343,0.4985,180.0,330,17,2,0,12.23
1268,333599,0.4981,140.0,240,14,3,0,12.24
1269,333855,0.4977,60.0,160,9,3,0,12.25
1270,334111,0.4973,120.0,220,12,3,0,12.26
1271,334367,0.4969,250.0,350,17,3,0,12.27
1272,334623,0.4965,200.0,300,15,3,0,12.28
1273,334879,0.4961,40.0,190,11,2,0,12.29
1274,335135,0.4957,80.0,180,10,3,0,12.3
1275,335391,0.4953,80.0,180,10,3,0,12.31
1276,335647,0.4949,130.0,230,12,3,0,12.32
1277,335903,0.4945,120.0,220,12,3,0,12.33
1278,336159,0.4941,160.0,260,14,3,0,12.34
1279,336463,0.4937,170.0,270,14,3,0,12.35
1280,336719,0.4933,100.0,200,11,3,0,12.36
1281,336975,0.4929,10.0,160,10,2,0,12.37
1282,337231,0.4925,150.0,250,13,3,0,12.38
1283,337503,0.4921,100.0,250,14,2,0,12.39
1284,337759,0.4918,20.0,170,10,2,0,12.4
1285,338015,0.4914,60.0,210,12,2,0,12.41
1286,338271,0.491,90.0,190,10,3,0,12.42
1287,338551,0.4906,150.0,250,14,3,0,12.43
1288,338847,0.4902,130.0,230,13,3,0,12.44
1289,339103,0.4898,160.0,260,14,3,0,12.45
1290,339359,0.4894,40.0,240,13,1,0,12.47
1291,339761,0.489,480.0,580,24,1,1,12.48
1292,340017,0.4886,90.0,240,12,2,0,12.49
1293,340393,0.4882,270.0,370,20,3,0,12.51
1294,340649,0.4878,70.0,170,9,3,0,12.52
1295,340905,0.4874,30.0,130,8,3,0,12.52
1296,341161,0.487,150.0,250,12,3,0,12.53
1297,341481,0.4866,170.0,270,14,3,0,12.55
1298,341769,0.4862,80.0,180,10,3,0,12.56
1299,342025,0.4858,130.0,230,12,3,0,12.57
1300,342281,0.4854,90.0,190,11,3,0,12.58
1301,342577,0.485,80.0,180,11,3,0,12.59
1302,342833,0.4846,80.0,180,10,3,0,12.6
1303,343129,0.4842,60.0,210,12,2,0,12.61
1304,343409,0.4838,120.0,220,12,3,0,12.62
1305,343713,0.4834,160.0,260,13,3,0,12.63
1306,343985,0.483,150.0,250,14,3,0,12.64
1307,344241,0.4826,80.0,180,11,3,0,12.65
1308,344497,0.4823,110.0,210,11,3,0,12.66
1309,344777,0.4819,50.0,150,9,3,0,12.67
1310,345153,0.4815,170.0,270,14,3,0,12.68
1311,345433,0.4811,120.0,220,13,3,0,12.69
1312,345689,0.4807,70.0,170,9,3,0,12.7
1313,346017,0.4803,150.0,250,14,3,0,12.71
1314,346273,0.4799,120.0,220,11,3,0,12.72
1315,346529,0.4795,160.0,260,14,3,0,12.73
1316,346785,0.4791,50.0,200,11,2,0,12.74
1317,347041,0.4787,80.0,180,12,3,0,12.75
1318,347297,0.4783,90.0,190,12,3,0,12.76
1319,347625,0.4779,110.0,260,14,2,0,12.77
1320,347881,0.4775,70.0,170,11,3,0,12.78
1321,348185,0.4771,30.0,180,11,2,0,12.79
1322,348537,0.4767,100.0,300,16,1,0,12.8
1323,348793,0.4763,190.0,290,16,3,0,12.81
1324,349049,0.4759,160.0,260,13,3,0,12.82
1325,349305,0.4755,60.0,210,12,2,0,12.83
1326,349569,0.4751,110.0,210,11,3,0,12.84
1327,349825,0.4747,40.0,190,10,2,0,12.85
1328,350185,0.4743,210.0,310,16,3,0,12.86
1329,350441,0.4739,230.0,330,17,3,0,12.87
1330,350697,0.4735,90.0,190,11,3,0,12.88
1331,350953,0.4731,50.0,200,11,2,0,12.89
1332,351209,0.4728,30.0,180,11,2,0,12.9
1333,351465,0.4724,60.0,160,9,3,0,12.91
1334,351721,0.472,-50.0,100,6,2,0,12.92
1335,351977,0.4716,100.0,200,13,3,0,12.93
1336,352257,0.4712,230.0,330,18,3,0,12.94
1337,352513,0.4708,110.0,210,13,3,0,12.95
1338,352793,0.4704,160.0,260,13,3,0,12.96
1339,353049,0.47,160.0,260,13,3,0,12.97
1340,353305,0.4696,120.0,220,12,3,0,12.98
1341,353561,0.4692,160.0,260,13,3,0,12.98
1342,353817,0.4688,110.0,210,11,3,0,12.99
1343,354073,0.4684,200.0,300,16,3,0,13.0
1344,354329,0.468,40.0,140,9,3,0,13.01
1345,354585,0.4676,90.0,190,11,3,0,13.02
1346,354873,0.4672,180.0,280,15,3,0,13.03
1347,355129,0.4668,50.0,150,9,3,0,13.04
1348,355385,0.4664,70.0,170,10,3,0,13.05
1349,355641,0.466,-30.0,120,9,2,0,13.06
1350,355961,0.4656,240.0,340,17,3,0,13.07
1351,356217,0.4652,220.0,320,17,3,0,13.08
1352,356473,0.4648,70.0,170,11,3,0,13.09
1353,356745,0.4644,140.0,240,12,3,0,13.1
1354,357001,0.464,30.0,130,9,3,0,13.11
1355,357257,0.4636,80.0,180,10,3,0,13.12
1356,357537,0.4632,170.0,270,16,3,0,13.13
1357,357793,0.4629,130.0,230,13,3,0,13.14
1358,358049,0.4625,120.0,220,12,3,0,13.15
1359,358305,0.4621,90.0,190,10,3,0,13.16
1360,358561,0.4617,170.0,270,15,3,0,13.17
1361,358865,0.4613,220.0,320,17,3,0,13.18
1362,359121,0.4609,40.0,140,8,3,0,13.19
1363,359377,0.4605,60.0,160,9,3,0,13.2
1364,359641,0.4601,110.0,210,12,3,0,13.21
1365,359945,0.4597,120.0,220,12,3,0,13.22
1366,360201,0.4593,30.0,130,8,3,0,13.23
1367,360505,0.4589,110.0,260,14,2,0,13.24
1368,360761,0.4585,20.0,170,9,2,0,13.25
1369,361017,0.4581,160.0,260,13,3,0,13.26
1370,361297,0.4577,230.0,330,18,3,0,13.27
1371,361553,0.4573,60.0,160,10,3,0,13.28
1372,361857,0.4569,80.0,230,13,2,0,13.29
1373,362113,0.4565,20.0,170,10,2,0,13.3
1374,362401,0.4561,220.0,320,18,3,0,13.31
1375,362657,0.4557,150.0,250,13,3,0,13.32
1376,362913,0.4553,130.0,230,13,3,0,13.33
1377,363169,0.4549,60.0,210,13,2,0,13.34
1378,363449,0.4545,110.0,260,16,2,0,13.35
1379,363705,0.4541,30.0,180,11,2,0,13.36
1380,363961,0.4537,-20.0,130,9,2,0,13.37
1381,364217,0.4534,120.0,270,13,2,0,13.38
1382,364473,0.453,70.0,170,11,3,0,13.39
1383,364729,0.4526,180.0,280,16,3,0,13.4
1384,365009,0.4522,130.0,230,15,3,0,13.41
1385,365265,0.4518,160.0,260,15,3,0,13.42
1386,365521,0.4514,40.0,140,9,3,0,13.43
1387,365777,0.451,110.0,210,12,3,0,13.44
1388,366033,0.4506,60.0,160,9,3,0,13.45
1389,366305,0.4502,110.0,210,11,3,0,13.46
1390,366561,0.4498,80.0,180,10,3,0,13.47
1391,366817,0.4494,-20.0,130,8,2,0,13.48
1392,367073,0.449,20.0,170,10,2,0,13.49
1393,367329,0.4486,70.0,170,11,3,0,13.5
1394,367585,0.4482,30.0,180,10,2,0,13.51
1395,367873,0.4478,120.0,220,11,3,0,13.52
1396,368129,0.4474,180.0,280,16,3,0,13.53
1397,368385,0.447,90.0,190,11,3,0,13.54
1398,368641,0.4466,30.0,180,11,2,0,13.55
1399,368897,0.4462,130.0,230,14,3,0,13.56
1400,369153,0.4458,140.0,240,14,3,0,13.57
1401,369433,0.4454,160.0,260,15,3,0,13.58
1402,369713,0.445,140.0,290,17,2,0,13.59
1403,370049,0.4446,260.0,360,19,3,0,13.61
1404,370305,0.4443,230.0,330,17,3,0,13.62
1405,370561,0.4439,0.0,200,12,1,0,13.63
1406,370817,0.4435,-20.0,80,4,3,0,13.64
1407,371073,0.4431,30.0,130,9,3,0,13.65
1408,371361,0.4427,170.0,270,14,3,0,13.66
1409,371617,0.4423,110.0,210,12,3,0,13.67
1410,371873,0.4419,120.0,220,12,3,0,13.68
1411,372129,0.4415,100.0,200,10,3,0,13.69
1412,372385,0.4411,140.0,240,13,3,0,13.7
1413,372641,0.4407,110.0,260,14,2,0,13.72
1414,372897,0.4403,110.0,260,14,2,0,13.73
1415,373153,0.4399,30.0,180,10,2,0,13.74
1416,373409,0.4395,80.0,180,11,3,0,13.75
1417,373665,0.4391,170.0,270,15,3,0,13.76
1418,373921,0.4387,110.0,210,12,3,0,13.77
1419,374177,0.4383,170.0,270,15,3,0,13.78
1420,374449,0.4379,30.0,230,12,1,0,13.79
1421,374737,0.4375,160.0,260,13,3,0,13.8
1422,374993,0.4371,80.0,180,10,3,0,13.81
1423,375249,0.4367,140.0,240,11,3,0,13.83
1424,375505,0.4363,100.0,250,14,2,0,13.84
1425,375761,0.4359,120.0,220,13,3,0,13.85
1426,376017,0.4355,140.0,240,13,3,0,13.86
1427,376273,0.4351,160.0,260,15,3,0,13.87
1428,376529,0.4348,120.0,220,13,3,0,13.88
1429,376785,0.4344,110.0,210,12,3,0,13.89
1430,377041,0.434,80.0,180,11,3,0,13.9
1431,377297,0.4336,-10.0,140,10,2,0,13.91
1432,377553,0.4332,100.0,200,10,3,0,13.92
1433,377841,0.4328,110.0,260,15,2,0,13.93
1434,378097,0.4324,140.0,240,12,3,0,13.94
1435,378353,0.432,150.0,250,13,3,0,13.96
1436,378609,0.4316,120.0,270,15,2,0,13.97
1437,378865,0.4312,220.0,320,15,3,0,13.98
1438,379121,0.4308,170.0,270,14,3,0,13.99
1439,379377,0.4304,150.0,300,15,2,0,14.0
1440,379633,0.43,170.0,270,14,3,0,14.01
1441,379889,0.4296,40.0,190,11,2,0,14.02
1442,380145,0.4292,110.0,210,11,3,0,14.03
1443,380401,0.4288,20.0,120,8,3,0,14.04
1444,380657,0.4284,20.0,220,12,1,0,14.05
1445,380913,0.428,110.0,210,12,3,0,14.06
1446,381169,0.4276,110.0,210,12,3,0,14.07
1447,381425,0.4272,80.0,180,11,3,0,14.08
1448,381681,0.4268,170.0,270,14,3,0,14.1
1449,381953,0.4264,150.0,250,13,3,0,14.11
1450,382257,0.426,70.0,220,12,2,0,14.12
1451,382553,0.4256,200.0,300,16,3,0,14.13
1452,382833,0.4253,120.0,270,14,2,0,14.14
1453,383089,0.4249,80.0,180,11,3,0,14.15
1454,383361,0.4245,70.0,170,9,3,0,14.17
1455,383617,0.4241,100.0,200,11,3,0,14.18
1456,383873,0.4237,-10.0,90,6,3,0,14.19
1457,384145,0.4233,140.0,240,13,3,0,14.2
1458,384401,0.4229,160.0,260,14,3,0,14.21
1459,384657,0.4225,80.0,230,12,2,0,14.22
1460,384913,0.4221,60.0,160,9,3,0,14.23
1461,385169,0.4217,10.0,160,9,2,0,14.24
1462,385425,0.4213,120.0,220,12,3,0,14.25
1463,385681,0.4209,110.0,210,12,3,0,14.26
1464,385969,0.4205,190.0,290,16,3,0,14.27
1465,386225,0.4201,60.0,160,10,3,0,14.28
1466,386481,0.4197,120.0,220,11,3,0,14.29
1467,386737,0.4193,100.0,200,11,3,0,14.3
1468,387001,0.4189,140.0,240,13,3,0,14.31
1469,387257,0.4185,150.0,300,16,2,0,14.32
1470,387545,0.4181,190.0,290,15,3,0,14.33
1471,387801,0.4177,170.0,320,17,2,0,14.34
1472,388057,0.4173,80.0,180,9,3,0,14.35
1473,388313,0.4169,130.0,230,12,3,0,14.36
1474,388601,0.4165,150.0,250,12,3,0,14.37
1475,388857,0.4161,60.0,210,10,2,0,14.38
1476,389113,0.4157,20.0,170,11,2,0,14.39
1477,389369,0.4154,120.0,220,12,3,0,14.4
1478,389633,0.415,170.0,270,14,3,0,14.41
1479,389889,0.4146,160.0,260,14,3,0,14.42
1480,390145,0.4142,220.0,320,17,3,0,14.43
1481,390401,0.4138,170.0,270,13,3,0,14.44
1482,390657,0.4134,90.0,240,13,2,0,14.45
1483,390913,0.413,80.0,230,12,2,0,14.46
1484,391169,0.4126,50.0,150,9,3,0,14.47
1485,391425,0.4122,50.0,200,11,2,0,14.48
1486,391681,0.4118,80.0,180,11,3,0,14.49
1487,391937,0.4114,160.0,260,14,3,0,14.51
1488,392193,0.411,100.0,250,13,2,0,14.51
1489,392449,0.4106,40.0,190,10,2,0,14.52
1490,392705,0.4102,100.0,200,10,3,0,14.53
1491,392961,0.4098,20.0,120,8,3,0,14.54
1492,393321,0.4094,270.0,370,20,3,0,14.55
1493,393577,0.409,190.0,290,15,3,0,14.57
1494,393833,0.4086,-10.0,140,9,2,0,14.58
1495,394121,0.4082,180.0,330,17,2,0,14.59
1496,394377,0.4078,100.0,200,11,3,0,14.6
1497,394633,0.4074,160.0,260,14,3,0,14.61
1498,394889,0.407,120.0,220,11,3,0,14.62
1499,395145,0.4066,110.0,210,12,3,0,14.63
1500,395409,0.4062,70.0,220,12,2,0,14.64
1501,395841,0.4059,300.0,450,23,2,0,14.65
1502,396097,0.4055,140.0,240,14,3,0,14.66
1503,396425,0.4051,220.0,320,17,3,0,14.67
1504,396681,0.4047,90.0,240,12,2,0,14.69
1505,396937,0.4043,140.0,240,12,3,0,14.7
1506,397193,0.4039,150.0,250,13,3,0,14.71
1507,397449,0.4035,120.0,220,12,3,0,14.72
1508,397705,0.4031,170.0,270,15,3,0,14.73
1509,397961,0.4027,150.0,250,14,3,0,14.74
1510,398289,0.4023,160.0,310,18,2,0,14.75
1511,398545,0.4019,150.0,250,14,3,0,14.76
1512,398801,0.4015,110.0,210,12,3,0,14.77
1513,399057,0.4011,60.0,160,11,3,0,14.78
1514,399361,0.4007,180.0,280,15,3,0,14.79
1515,399617,0.4003,90.0,190,11,3,0,14.8
1516,399905,0.3999,90.0,190,10,3,0,14.81
1517,400161,0.3995,20.0,170,10,2,0,14.82
1518,400417,0.3991,130.0,230,12,3,0,14.83
1519,400729,0.3987,200.0,300,17,3,0,14.84
1520,401001,0.3983,40.0,140,8,3,0,14.85
1521,401353,0.3979,90.0,190,10,3,0,14.87
1522,401609,0.3975,40.0,140,9,3,0,14.88
1523,401865,0.3971,60.0,160,9,3,0,14.88
1524,402129,0.3968,70.0,220,12,2,0,14.89
1525,402401,0.3964,100.0,200,11,3,0,14.9
1526,402657,0.396,130.0,230,11,3,0,14.92
1527,402913,0.3956,40.0,140,8,3,0,14.93
1528,403169,0.3952,40.0,140,7,3,0,14.94
1529,403425,0.3948,40.0,140,8,3,0,14.95
1530,403721,0.3944,120.0,220,12,3,0,14.96
1531,404113,0.394,300.0,400,21,3,0,14.98
1532,404369,0.3936,70.0,170,9,3,0,14.99
1533,404625,0.3932,150.0,250,13,3,0,15.0
1534,404881,0.3928,120.0,270,15,2,0,15.0
1535,405137,0.3924,110.0,210,11,3,0,15.01
1536,405393,0.392,70.0,170,10,3,0,15.02
1537,405649,0.3916,70.0,170,10,3,0,15.03
1538,405905,0.3912,10.0,160,10,2,0,15.04
1539,406209,0.3908,110.0,210,12,3,0,15.05
1540,406465,0.3904,80.0,230,11,2,0,15.06
1541,406745,0.39,190.0,290,17,3,0,15.08
1542,407001,0.3896,70.0,170,11,3,0,15.09
1543,407281,0.3892,70.0,170,12,3,0,15.1
1544,407537,0.3888,50.0,200,10,2,0,15.1
1545,407841,0.3884,120.0,220,13,3,0,15.12
1546,408097,0.388,50.0,200,12,2,0,15.12
1547,408353,0.3876,180.0,280,15,3,0,15.13
1548,408673,0.3872,200.0,300,15,3,0,15.15
1549,408929,0.3869,100.0,200,12,3,0,15.16
1550,409185,0.3865,70.0,170,10,3,0,15.17
1551,409441,0.3861,40.0,140,9,3,0,15.18
1552,409697,0.3857,160.0,260,14,3,0,15.19
1553,409953,0.3853,50.0,150,9,3,0,15.2
1554,410209,0.3849,100.0,200,11,3,0,15.21
1555,410465,0.3845,100.0,200,10,3,0,15.22
1556,410721,0.3841,170.0,270,15,3,0,15.23
1557,410977,0.3837,70.0,170,10,3,0,15.24
1558,411233,0.3833,230.0,330,17,3,0,15.25
1559,411489,0.3829,60.0,210,11,2,0,15.26
1560,411745,0.3825,130.0,230,14,3,0,15.27
1561,412001,0.3821,60.0,210,11,2,0,15.28
1562,412257,0.3817,50.0,150,10,3,0,15.29
1563,412513,0.3813,140.0,240,13,3,0,15.29
1564,412769,0.3809,30.0,180,9,2,0,15.3
1565,413025,0.3805,40.0,190,13,2,0,15.31
1566,413281,0.3801,0.0,100,7,3,0,15.32
1567,413537,0.3797,90.0,240,14,2,0,15.33
1568,413793,0.3793,60.0,160,9,3,0,15.34
1569,414049,0.3789,70.0,170,10,3,0,15.35
1570,414305,0.3785,90.0,190,12,3,0,15.36
1571,414561,0.3781,120.0,220,11,3,0,15.37
1572,414817,0.3778,60.0,160,10,3,0,15.38
1573,415073,0.3774,80.0,180,10,3,0,15.39
1574,415329,0.377,140.0,240,13,3,0,15.4
1575,415585,0.3766,100.0,200,11,3,0,15.4
1576,415841,0.3762,80.0,230,13,2,0,15.41
1577,416097,0.3758,100.0,200,11,3,0,15.42
1578,416353,0.3754,140.0,240,12,3,0,15.43
1579,416609,0.375,70.0,170,10,3,0,15.44
1580,416865,0.3746,170.0,270,15,3,0,15.45
1581,417121,0.3742,90.0,190,11,3,0,15.46
1582,417393,0.3738,130.0,230,13,3,0,15.47
1583,417649,0.3734,70.0,170,10,3,0,15.48
1584,417905,0.373,90.0,190,12,3,0,15.49
1585,418161,0.3726,110.0,210,12,3,0,15.5
1586,418417,0.3722,140.0,240,14,3,0,15.51
1587,418705,0.3718,210.0,310,16,3,0,15.52
1588,418961,0.3714,130.0,230,11,3,0,15.52
1589,419217,0.371,120.0,220,12,3,0,15.53
1590,419473,0.3706,60.0,160,10,3,0,15.54
1591,419865,0.3702,320.0,420,22,3,0,15.56
1592,420121,0.3698,90.0,190,11,3,0,15.57
1593,420377,0.3694,40.0,190,11,2,0,15.57
1594,420633,0.369,60.0,160,10,3,0,15.58
1595,420889,0.3686,60.0,160,10,3,0,15.59
1596,421145,0.3683,130.0,230,14,3,0,15.6
1597,421401,0.3679,110.0,210,13,3,0,15.61
1598,421681,0.3675,200.0,300,17,3,0,15.62
1599,421937,0.3671,60.0,160,11,3,0,15.63
1600,422193,0.3667,150.0,250,13,3,0,15.64
1601,422537,0.3663,120.0,270,16,2,0,15.65
1602,422793,0.3659,100.0,250,14,2,0,15.66
1603,423049,0.3655,110.0,210,13,3,0,15.67
1604,423305,0.3651,70.0,220,13,2,0,15.68
1605,423561,0.3647,110.0,210,10,3,0,15.69
1606,423817,0.3643,50.0,150,10,3,0,15.7
1607,424113,0.3639,220.0,370,20,2,0,15.71
1608,424369,0.3635,150.0,250,14,3,0,15.72
1609,424657,0.3631,90.0,190,10,3,0,15.73
1610,424913,0.3627,90.0,190,11,3,0,15.74
1611,425169,0.3623,130.0,230,13,3,0,15.74
1612,425425,0.3619,160.0,260,14,3,0,15.75
1613,425681,0.3615,120.0,220,13,3,0,15.76
1614,425961,0.3611,120.0,220,14,3,0,15.77
1615,426249,0.3607,80.0,180,9,3,0,15.78
1616,426641,0.3603,230.0,330,18,3,0,15.8
1617,426897,0.3599,110.0,210,11,3,0,15.81
1618,427153,0.3595,70.0,170,10,3,0,15.82
1619,427409,0.3591,70.0,170,10,3,0,15.82
1620,427665,0.3588,30.0,130,8,3,0,15.83
1621,427921,0.3584,130.0,230,13,3,0,15.84
1622,428185,0.358,60.0,210,11,2,0,15.85
1623,428473,0.3576,90.0,190,12,3,0,15.86
1624,428729,0.3572,50.0,150,9,3,0,15.87
1625,428985,0.3568,190.0,290,16,3,0,15.88
1626,429241,0.3564,110.0,210,11,3,0,15.89
1627,429497,0.356,120.0,220,12,3,0,15.9
1628,429753,0.3556,150.0,300,16,2,0,15.91
1629,430009,0.3552,80.0,180,11,3,0,15.92
1630,430265,0.3548,140.0,240,13,3,0,15.93
1631,430521,0.3544,40.0,140,9,3,0,15.93
1632,430777,0.354,190.0,290,16,3,0,15.94
1633,431033,0.3536,100.0,250,13,2,0,15.95
1634,431289,0.3532,40.0,140,8,3,0,15.96
1635,431545,0.3528,150.0,250,14,3,0,15.97
1636,431801,0.3524,160.0,260,14,3,0,15.98
1637,432057,0.352,110.0,210,12,3,0,15.99
1638,432313,0.3516,10.0,210,12,1,0,16.0
1639,432569,0.3512,110.0,210,11,3,0,16.01
1640,432833,0.3508,-10.0,140,8,2,0,16.02
1641,433089,0.3504,180.0,280,15,3,0,16.03
1642,433345,0.35,130.0,230,13,3,0,16.04
1643,433665,0.3496,210.0,310,16,3,0,16.05
1644,433921,0.3493,130.0,230,12,3,0,16.06
1645,434201,0.3489,40.0,140,8,3,0,16.08
1646,434457,0.3485,30.0,130,8,3,0,16.09
1647,434729,0.3481,90.0,190,10,3,0,16.1
1648,434985,0.3477,70.0,170,10,3,0,16.11
1649,435241,0.3473,10.0,110,8,3,0,16.12
1650,435497,0.3469,130.0,230,13,3,0,16.12
1651,435753,0.3465,110.0,210,13,3,0,16.13
1652,436009,0.3461,120.0,220,13,3,0,16.14
1653,436281,0.3457,70.0,170,9,3,0,16.15
1654,436537,0.3453,140.0,240,14,3,0,16.16
1655,436793,0.3449,-50.0,150,10,1,0,16.17
1656,437049,0.3445,80.0,180,11,3,0,16.19
1657,437305,0.3441,40.0,140,9,3,0,16.2
1658,437585,0.3437,120.0,220,13,3,0,16.21
1659,437841,0.3433,90.0,190,12,3,0,16.21
1660,438097,0.3429,40.0,140,9,3,0,16.22
1661,438353,0.3425,50.0,150,9,3,0,16.23
1662,438609,0.3421,150.0,250,14,3,0,16.24
1663,438873,0.3417,190.0,290,16,3,0,16.25
1664,439129,0.3413,110.0,210,12,3,0,16.26
1665,439385,0.3409,90.0,190,10,3,0,16.28
1666,439641,0.3405,90.0,190,11,3,0,16.29
1667,439897,0.3401,110.0,210,12,3,0,16.3
1668,440153,0.3397,70.0,170,10,3,0,16.3
1669,440409,0.3394,70.0,170,11,3,0,16.31
1670,440665,0.339,100.0,200,12,3,0,16.32
1671,440961,0.3386,110.0,210,11,3,0,16.33
1672,441225,0.3382,20.0,170,8,2,0,16.34
1673,441481,0.3378,80.0,180,11,3,0,16.35
1674,441769,0.3374,210.0,310,16,3,0,16.37
1675,442025,0.337,140.0,240,13,3,0,16.38
1676,442281,0.3366,40.0,190,12,2,0,16.39
1677,442537,0.3362,60.0,160,8,3,0,16.4
1678,442793,0.3358,60.0,160,9,3,0,16.41
1679,443049,0.3354,80.0,180,12,3,0,16.42
1680,443305,0.335,120.0,220,12,3,0,16.43
1681,443561,0.3346,90.0,190,11,3,0,16.44
1682,443817,0.3342,150.0,250,13,3,0,16.45
1683,444073,0.3338,10.0,110,7,3,0,16.46
1684,444329,0.3334,120.0,220,10,3,0,16.47
1685,444585,0.333,120.0,220,12,3,0,16.48
1686,444841,0.3326,150.0,250,14,3,0,16.49
1687,445097,0.3322,60.0,160,9,3,0,16.5
1688,445353,0.3318,70.0,170,9,3,0,16.51
1689,445609,0.3314,120.0,220,11,3,0,16.52
1690,445865,0.331,100.0,200,11,3,0,16.53
1691,446121,0.3306,70.0,170,9,3,0,16.54
1692,446377,0.3303,150.0,250,13,3,0,16.55
1693,446633,0.3299,80.0,180,10,3,0,16.56
1694,446889,0.3295,160.0,260,14,3,0,16.57
1695,447145,0.3291,150.0,250,13,3,0,16.57
1696,447401,0.3287,30.0,180,9,2,0,16.58
1697,447657,0.3283,80.0,280,15,1,0,16.59
1698,447913,0.3279,20.0,170,9,2,0,16.61
1699,448169,0.3275,130.0,280,16,2,0,16.62
1700,448457,0.3271,210.0,310,17,3,0,16.63
1701,448713,0.3267,140.0,240,13,3,0,16.64
1702,448969,0.3263,60.0,160,9,3,0,16.65
1703,449225,0.3259,130.0,230,14,3,0,16.66
1704,449481,0.3255,150.0,250,14,3,0,16.66
1705,449737,0.3251,110.0,210,11,3,0,16.67
1706,450017,0.3247,100.0,250,15,2,0,16.68
1707,450273,0.3243,60.0,210,12,2,0,16.7
1708,450553,0.3239,240.0,340,18,3,0,16.71
1709,450841,0.3235,200.0,300,15,3,0,16.72
1710,451097,0.3231,150.0,250,14,3,0,16.73
1711,451353,0.3227,10.0,160,9,2,0,16.74
1712,451609,0.3223,130.0,230,13,3,0,16.75
1713,451865,0.3219,180.0,280,15,3,0,16.76
1714,452121,0.3215,-40.0,160,8,1,0,16.77
1715,452377,0.3211,90.0,240,14,2,0,16.78
1716,452633,0.3208,140.0,240,14,3,0,16.79
1717,452889,0.3204,120.0,270,14,2,0,16.8
1718,453145,0.32,70.0,170,10,3,0,16.81
1719,453401,0.3196,80.0,180,9,3,0,16.82
1720,453729,0.3192,260.0,360,19,3,0,16.83
1721,453985,0.3188,110.0,210,11,3,0,16.84
1722,454265,0.3184,150.0,250,15,3,0,16.85
1723,454521,0.318,90.0,190,10,3,0,16.86
1724,454777,0.3176,110.0,210,12,3,0,16.87
1725,455033,0.3172,110.0,210,10,3,0,16.88
1726,455289,0.3168,10.0,160,9,2,0,16.89
1727,455561,0.3164,60.0,210,11,2,0,16.91
1728,455817,0.316,140.0,290,15,2,0,16.92
1729,456073,0.3156,-40.0,110,7,2,0,16.92
1730,456329,0.3152,60.0,160,10,3,0,16.93
1731,456585,0.3148,70.0,170,10,3,0,16.94
1732,456841,0.3144,130.0,230,12,3,0,16.95
1733,457097,0.314,110.0,210,11,3,0,16.96
1734,457353,0.3136,90.0,190,12,3,0,16.97
1735,457609,0.3132,130.0,230,12,3,0,16.98
1736,457865,0.3128,170.0,270,15,3,0,16.99
1737,458121,0.3124,110.0,210,11,3,0,17.0
1738,458377,0.312,40.0,190,10,2,0,17.01
1739,458633,0.3116,40.0,140,8,3,0,17.02
1740,458889,0.3113,110.0,210,13,3,0,17.03
1741,459145,0.3109,40.0,140,10,3,0,17.04
1742,459401,0.3105,80.0,230,12,2,0,17.05
1743,459657,0.3101,100.0,200,11,3,0,17.06
1744,459961,0.3097,100.0,200,11,3,0,17.07
1745,460217,0.3093,50.0,150,8,3,0,17.08
1746,460497,0.3089,150.0,250,15,3,0,17.09
1747,460753,0.3085,20.0,120,9,3,0,17.1
1748,461009,0.3081,90.0,190,11,3,0,17.11
1749,461265,0.3077,70.0,220,11,2,0,17.12
1750,461521,0.3073,140.0,240,14,3,0,17.13
1751,461777,0.3069,120.0,220,12,3,0,17.14
1752,462033,0.3065,0.0,100,6,3,0,17.15
1753,462289,0.3061,100.0,200,11,3,0,17.16
1754,462545,0.3057,20.0,170,10,2,0,17.17
1755,462801,0.3053,110.0,210,11,3,0,17.18
1756,463057,0.3049,170.0,270,14,3,0,17.19
1757,463313,0.3045,80.0,180,10,3,0,17.2
1758,463593,0.3041,160.0,260,15,3,0,17.21
1759,463849,0.3037,120.0,220,12,3,0,17.22
1760,464105,0.3033,100.0,200,12,3,0,17.23
1761,464361,0.3029,50.0,150,9,3,0,17.24
1762,464641,0.3025,80.0,230,14,2,0,17.26
1763,464953,0.3021,140.0,240,14,3,0,17.27
1764,465209,0.3018,60.0,160,9,3,0,17.28
1765,465465,0.3014,150.0,250,14,3,0,17.28
1766,465737,0.301,150.0,250,14,3,0,17.29
1767,465993,0.3006,160.0,260,14,3,0,17.3
1768,466249,0.3002,150.0,250,14,3,0,17.31
1769,466569,0.2998,80.0,230,13,2,0,17.33
1770,466825,0.2994,50.0,150,8,3,0,17.34
1771,467081,0.299,20.0,120,8,3,0,17.35
1772,467353,0.2986,40.0,140,8,3,0,17.36
1773,467609,0.2982,140.0,240,12,3,0,17.37
1774,467865,0.2978,50.0,150,8,3,0,17.38
1775,468121,0.2974,70.0,170,11,3,0,17.39
1776,468377,0.297,160.0,260,14,3,0,17.39
1777,468665,0.2966,50.0,150,9,3,0,17.41
1778,468969,0.2962,0.0,150,9,2,0,17.42
1779,469225,0.2958,80.0,180,11,3,0,17.43
1780,469481,0.2954,160.0,260,14,3,0,17.44
1781,469769,0.295,80.0,180,11,3,0,17.45
1782,470025,0.2946,140.0,240,13,3,0,17.46
1783,470281,0.2942,130.0,230,13,3,0,17.47
1784,470537,0.2938,130.0,230,13,3,0,17.48
1785,470809,0.2934,120.0,220,12,3,0,17.49
1786,471065,0.293,80.0,180,10,3,0,17.5
1787,471321,0.2926,100.0,250,14,2,0,17.51
1788,471577,0.2923,20.0,120,8,3,0,17.52
1789,471833,0.2919,90.0,190,10,3,0,17.52
1790,472089,0.2915,130.0,230,13,3,0,17.53
1791,472345,0.2911,100.0,200,10,3,0,17.54
1792,472601,0.2907,120.0,220,11,3,0,17.55
1793,472857,0.2903,60.0,160,10,3,0,17.56
1794,473113,0.2899,30.0,130,8,3,0,17.57
1795,473369,0.2895,170.0,270,14,3,0,17.58
1796,473625,0.2891,80.0,180,10,3,0,17.59
1797,473961,0.2887,170.0,270,14,3,0,17.6
1798,474217,0.2883,120.0,220,11,3,0,17.61
1799,474473,0.2879,60.0,160,10,3,0,17.62
1800,474729,0.2875,50.0,150,9,3,0,17.63
1801,474985,0.2871,70.0,170,9,3,0,17.64
1802,475241,0.2867,30.0,130,8,3,0,17.65
1803,475497,0.2863,60.0,160,8,3,0,17.65
1804,475769,0.2859,100.0,200,10,3,0,17.66
1805,476073,0.2855,100.0,200,11,3,0,17.68
1806,476393,0.2851,170.0,270,14,3,0,17.69
1807,476649,0.2847,10.0,160,11,2,0,17.7
1808,476905,0.2843,-20.0,80,5,3,0,17.71
1809,477289,0.2839,250.0,350,18,3,0,17.72
1810,477545,0.2835,60.0,160,8,3,0,17.73
1811,477801,0.2831,100.0,200,11,3,0,17.74
1812,478057,0.2828,120.0,220,12,3,0,17.75
1813,478313,0.2824,100.0,200,11,3,0,17.75
1814,478577,0.282,70.0,220,12,2,0,17.76
1815,478833,0.2816,20.0,120,7,3,0,17.77
1816,479089,0.2812,180.0,280,14,3,0,17.78
1817,479345,0.2808,120.0,220,12,3,0,17.79
1818,479601,0.2804,90.0,190,11,3,0,17.8
1819,479857,0.28,90.0,190,10,3,0,17.81
1820,480161,0.2796,180.0,280,16,3,0,17.82
1821,480417,0.2792,30.0,130,9,3,0,17.83
1822,480673,0.2788,60.0,160,9,3,0,17.84
1823,480953,0.2784,150.0,300,17,2,0,17.85
1824,481209,0.278,150.0,250,13,3,0,17.86
1825,481465,0.2776,50.0,200,10,2,0,17.87
1826,481721,0.2772,130.0,230,12,3,0,17.88
1827,481985,0.2768,120.0,220,12,3,0,17.89
1828,482265,0.2764,150.0,250,15,3,0,17.89
1829,482521,0.276,60.0,160,10,3,0,17.9
1830,482777,0.2756,60.0,160,11,3,0,17.91
1831,483033,0.2752,70.0,220,12,2,0,17.92
1832,483289,0.2748,20.0,120,8,3,0,17.93
1833,483545,0.2744,120.0,220,13,3,0,17.94
1834,483801,0.274,120.0,220,13,3,0,17.95
1835,484057,0.2736,-20.0,130,8,2,0,17.96
1836,484313,0.2733,140.0,240,14,3,0,17.97
1837,484569,0.2729,20.0,120,8,3,0,17.98
1838,484825,0.2725,0.0,100,7,3,0,17.99
1839,485105,0.2721,110.0,210,11,3,0,18.0
1840,485361,0.2717,0.0,100,6,3,0,18.0
1841,485617,0.2713,60.0,160,10,3,0,18.01
1842,485873,0.2709,80.0,230,13,2,0,18.02
1843,486129,0.2705,60.0,160,9,3,0,18.03
1844,486385,0.2701,140.0,290,15,2,0,18.04
1845,486641,0.2697,50.0,200,12,2,0,18.05
1846,486897,0.2693,100.0,200,11,3,0,18.06
1847,487201,0.2689,150.0,250,13,3,0,18.07
1848,487457,0.2685,170.0,270,15,3,0,18.08
1849,487713,0.2681,160.0,260,14,3,0,18.09
1850,487969,0.2677,70.0,220,13,2,0,18.1
1851,488225,0.2673,150.0,250,14,3,0,18.11
1852,488481,0.2669,80.0,180,10,3,0,18.12
1853,488753,0.2665,50.0,150,9,3,0,18.13
1854,489009,0.2661,110.0,210,13,3,0,18.13
1855,489265,0.2657,110.0,210,12,3,0,18.14
1856,489521,0.2653,60.0,160,11,3,0,18.15
1857,489777,0.2649,20.0,170,10,2,0,18.16
1858,490065,0.2645,100.0,200,10,3,0,18.17
1859,490321,0.2641,70.0,170,11,3,0,18.18
1860,490577,0.2638,10.0,210,11,1,0,18.19
1861,490833,0.2634,50.0,200,12,2,0,18.2
1862,491089,0.263,30.0,130,9,3,0,18.21
1863,491345,0.2626,60.0,160,10,3,0,18.22
1864,491601,0.2622,60.0,160,9,3,0,18.23
1865,491857,0.2618,100.0,200,11,3,0,18.24
1866,492113,0.2614,150.0,250,13,3,0,18.25
1867,492369,0.261,20.0,220,13,1,0,18.26
1868,492625,0.2606,120.0,220,13,3,0,18.27
1869,492881,0.2602,80.0,180,11,3,0,18.28
1870,493137,0.2598,130.0,230,13,3,0,18.29
1871,493393,0.2594,20.0,170,10,2,0,18.3
1872,493753,0.259,300.0,400,21,3,0,18.31
1873,494033,0.2586,190.0,340,18,2,0,18.32
1874,494289,0.2582,70.0,220,13,2,0,18.33
1875,494545,0.2578,110.0,210,11,3,0,18.34
1876,494801,0.2574,10.0,160,11,2,0,18.35
1877,495057,0.257,40.0,140,9,3,0,18.36
1878,495313,0.2566,170.0,270,15,3,0,18.37
1879,495569,0.2562,40.0,240,14,1,0,18.38
1880,495825,0.2558,110.0,210,11,3,0,18.39
1881,496081,0.2554,80.0,180,10,3,0,18.4
1882,496337,0.255,10.0,160,11,2,0,18.41
1883,496593,0.2546,100.0,200,12,3,0,18.42
1884,496849,0.2542,0.0,100,7,3,0,18.43
1885,497105,0.2539,90.0,190,10,3,0,18.44
1886,497361,0.2535,-20.0,130,8,2,0,18.45
1887,497617,0.2531,80.0,180,11,3,0,18.46
1888,497873,0.2527,40.0,190,10,2,0,18.47
1889,498129,0.2523,70.0,170,11,3,0,18.48
1890,498385,0.2519,40.0,140,8,3,0,18.49
1891,498641,0.2515,100.0,200,12,3,0,18.5
1892,498897,0.2511,80.0,180,11,3,0,18.51
1893,499153,0.2507,150.0,300,15,2,0,18.52
1894,499497,0.2503,200.0,300,15,3,0,18.54
1895,499753,0.2499,30.0,130,7,3,0,18.55
1896,500009,0.2495,-10.0,140,9,2,0,18.56
1897,500265,0.2491,140.0,240,12,3,0,18.57
1898,500521,0.2487,20.0,170,10,2,0,18.58
1899,500777,0.2483,220.0,320,16,3,0,18.59
1900,501033,0.2479,30.0,130,8,3,0,18.6
1901,501313,0.2475,120.0,220,14,3,0,18.61
1902,501569,0.2471,100.0,200,10,3,0,18.62
1903,501825,0.2467,40.0,140,8,3,0,18.63
1904,502081,0.2463,120.0,220,12,3,0,18.64
1905,502337,0.2459,140.0,240,13,3,0,18.65
1906,502593,0.2455,120.0,220,12,3,0,18.66
1907,502849,0.2451,30.0,130,8,3,0,18.67
1908,503105,0.2448,0.0,100,7,3,0,18.68
1909,503361,0.2444,130.0,230,13,3,0,18.69
1910,503617,0.244,70.0,170,9,3,0,18.69
1911,503953,0.2436,170.0,270,14,3,0,18.71
1912,504265,0.2432,210.0,310,18,3,0,18.72
1913,504521,0.2428,80.0,230,12,2,0,18.73
1914,504777,0.2424,110.0,260,14,2,0,18.74
1915,505033,0.242,160.0,260,14,3,0,18.75
1916,505289,0.2416,90.0,190,11,3,0,18.76
1917,505545,0.2412,40.0,140,8,3,0,18.77
1918,505825,0.2408,100.0,200,12,3,0,18.78
1919,506081,0.2404,80.0,180,10,3,0,18.79
1920,506337,0.24,50.0,200,10,2,0,18.8
1921,506593,0.2396,170.0,270,13,3,0,18.81
1922,506873,0.2392,140.0,240,12,3,0,18.82
1923,507129,0.2388,110.0,210,12,3,0,18.83
1924,507385,0.2384,90.0,190,11,3,0,18.84
1925,507641,0.238,70.0,170,9,3,0,18.85
1926,507921,0.2376,30.0,130,8,3,0,18.86
1927,508177,0.2372,10.0,110,7,3,0,18.87
1928,508433,0.2368,50.0,150,9,3,0,18.89
1929,508689,0.2364,40.0,140,8,3,0,18.9
1930,508945,0.236,-10.0,190,10,1,0,18.91
1931,509201,0.2356,120.0,220,11,3,0,18.92
1932,509457,0.2353,100.0,200,11,3,0,18.93
1933,509713,0.2349,140.0,240,13,3,0,18.94
1934,509969,0.2345,50.0,200,11,2,0,18.95
1935,510225,0.2341,60.0,210,11,2,0,18.96
1936,510481,0.2337,160.0,260,14,3,0,18.97
1937,510737,0.2333,110.0,210,13,3,0,18.98
1938,511041,0.2329,170.0,320,17,2,0,19.0
1939,511297,0.2325,90.0,190,10,3,0,19.01
1940,511553,0.2321,120.0,220,11,3,0,19.02
1941,511809,0.2317,190.0,290,15,3,0,19.03
1942,512065,0.2313,110.0,210,10,3,0,19.04
1943,512321,0.2309,120.0,220,11,3,0,19.05
1944,512577,0.2305,90.0,240,14,2,0,19.06
1945,512833,0.2301,80.0,180,10,3,0,19.07
1946,513089,0.2297,130.0,230,12,3,0,19.08
1947,513345,0.2293,170.0,270,14,3,0,19.09
1948,513601,0.2289,150.0,250,14,3,0,19.1
1949,513857,0.2285,80.0,180,10,3,0,19.11
1950,514113,0.2281,20.0,120,7,3,0,19.12
1951,514369,0.2277,110.0,210,11,3,0,19.13
1952,514625,0.2273,90.0,190,11,3,0,19.14
1953,514881,0.2269,30.0,130,8,3,0,19.15
1954,515137,0.2265,120.0,320,17,1,0,19.16
1955,515393,0.2261,130.0,280,14,2,0,19.18
1956,515649,0.2258,80.0,180,10,3,0,19.19
1957,515905,0.2254,60.0,210,13,2,0,19.2
1958,516161,0.225,120.0,220,13,3,0,19.21
1959,516417,0.2246,70.0,170,9,3,0,19.22
1960,516673,0.2242,30.0,130,8,3,0,19.23
1961,516929,0.2238,120.0,270,15,2,0,19.24
1962,517185,0.2234,120.0,270,15,2,0,19.25
1963,517441,0.223,110.0,210,11,3,0,19.26
1964,517729,0.2226,110.0,260,14,2,0,19.27
1965,517985,0.2222,80.0,180,9,3,0,19.28
1966,518241,0.2218,110.0,210,11,3,0,19.29
1967,518497,0.2214,120.0,220,13,3,0,19.3
1968,518753,0.221,50.0,150,9,3,0,19.31
1969,519009,0.2206,90.0,190,11,3,0,19.33
1970,519305,0.2202,100.0,200,11,3,0,19.34
1971,519585,0.2198,80.0,230,12,2,0,19.35
1972,519841,0.2194,140.0,240,14,3,0,19.35
1973,520097,0.219,40.0,190,11,2,0,19.36
1974,520409,0.2186,40.0,240,13,1,0,19.37
1975,520745,0.2182,130.0,280,14,2,0,19.39
1976,521065,0.2178,20.0,170,10,2,0,19.4
1977,521377,0.2174,250.0,350,17,3,0,19.41
1978,521641,0.217,120.0,220,12,3,0,19.43
1979,521897,0.2166,120.0,220,13,3,0,19.43
1980,522153,0.2163,60.0,160,9,3,0,19.44
1981,522417,0.2159,100.0,250,15,2,0,19.45
1982,522729,0.2155,240.0,340,18,3,0,19.46
1983,522985,0.2151,40.0,140,8,3,0,19.47
1984,523241,0.2147,170.0,270,14,3,0,19.48
1985,523505,0.2143,30.0,180,11,2,0,19.49
1986,523761,0.2139,40.0,140,9,3,0,19.51
1987,524017,0.2135,80.0,180,11,3,0,19.52
1988,524321,0.2131,140.0,240,14,3,0,19.53
1989,524577,0.2127,40.0,140,10,3,0,19.54
1990,524833,0.2123,100.0,200,10,3,0,19.55
1991,525089,0.2119,20.0,120,6,3,0,19.56
1992,525369,0.2115,150.0,250,13,3,0,19.57
1993,525625,0.2111,90.0,190,12,3,0,19.58
1994,525881,0.2107,30.0,130,8,3,0,19.59
1995,526137,0.2103,200.0,300,16,3,0,19.6
1996,526417,0.2099,80.0,230,12,2,0,19.61
1997,526673,0.2095,20.0,170,9,2,0,19.62
1998,526929,0.2091,90.0,190,12,3,0,19.63
1999,527185,0.2087,60.0,160,9,3,0,19.64
2000,527441,0.2083,90.0,240,14,2,0,19.65
2001,527697,0.2079,140.0,240,13,3,0,19.66
2002,527993,0.2075,80.0,180,10,3,0,19.67
2003,528249,0.2071,80.0,230,14,2,0,19.68
2004,528505,0.2067,10.0,110,6,3,0,19.69
2005,528833,0.2064,230.0,330,17,3,0,19.71
2006,529105,0.206,70.0,170,10,3,0,19.72
2007,529361,0.2056,80.0,180,10,3,0,19.73
2008,529617,0.2052,70.0,170,10,3,0,19.74
2009,529873,0.2048,70.0,170,9,3,0,19.75
2010,530177,0.2044,90.0,190,11,3,0,19.76
2011,530433,0.204,70.0,170,10,3,0,19.77
2012,530689,0.2036,40.0,140,8,3,0,19.78
2013,530953,0.2032,70.0,170,10,3,0,19.79
2014,531265,0.2028,140.0,240,14,3,0,19.8
2015,531521,0.2024,140.0,240,13,3,0,19.81
2016,531777,0.202,90.0,190,10,3,0,19.82
2017,532033,0.2016,100.0,200,11,3,0,19.83
2018,532289,0.2012,80.0,230,13,2,0,19.84
2019,532569,0.2008,220.0,320,18,3,0,19.85
2020,532825,0.2004,10.0,160,10,2,0,19.86
2021,533081,0.2,140.0,240,14,3,0,19.86
2022,533337,0.1996,30.0,130,7,3,0,19.87
2023,533593,0.1992,80.0,180,10,3,0,19.88
2024,533849,0.1988,160.0,260,14,3,0,19.89
2025,534137,0.1984,100.0,250,14,2,0,19.9
2026,534393,0.198,60.0,160,9,3,0,19.91
2027,534649,0.1976,120.0,270,14,2,0,19.92
2028,534905,0.1973,40.0,140,8,3,0,19.93
2029,535161,0.1969,70.0,170,9,3,0,19.94
2030,535417,0.1965,100.0,200,11,3,0,19.95
2031,535673,0.1961,10.0,210,12,1,0,19.96
2032,535929,0.1957,50.0,150,10,3,0,19.96
2033,536185,0.1953,60.0,160,10,3,0,19.97
2034,536441,0.1949,20.0,170,10,2,0,19.98
2035,536697,0.1945,20.0,120,7,3,0,19.99
2036,536953,0.1941,180.0,330,17,2,0,20.0
2037,537265,0.1937,110.0,260,16,2,0,20.01
2038,537553,0.1933,250.0,350,19,3,0,20.02
2039,537809,0.1929,150.0,250,14,3,0,20.03
2040,538065,0.1925,110.0,210,12,3,0,20.04
2041,538321,0.1921,150.0,250,15,3,0,20.05
2042,538577,0.1917,130.0,230,13,3,0,20.06
2043,538833,0.1913,180.0,280,15,3,0,20.07
2044,539089,0.1909,110.0,210,12,3,0,20.08
2045,539345,0.1905,10.0,110,7,3,0,20.09
2046,539601,0.1901,160.0,260,15,3,0,20.1
2047,539857,0.1897,10.0,160,9,2,0,20.1
2048,540113,0.1893,100.0,200,12,3,0,20.11
2049,540369,0.1889,130.0,230,13,3,0,20.12
2050,540625,0.1885,110.0,210,11,3,0,20.13
2051,540905,0.1881,70.0,170,11,3,0,20.14
2052,541161,0.1878,130.0,230,14,3,0,20.15
2053,541417,0.1874,150.0,250,13,3,0,20.16
2054,541673,0.187,100.0,200,12,3,0,20.17
2055,541929,0.1866,70.0,170,11,3,0,20.18
2056,542185,0.1862,80.0,180,12,3,0,20.19
2057,542465,0.1858,150.0,250,16,3,0,20.2
2058,542721,0.1854,20.0,120,8,3,0,20.21
2059,542977,0.185,-30.0,120,7,2,0,20.21
2060,543233,0.1846,110.0,260,15,2,0,20.22
2061,543489,0.1842,150.0,250,14,3,0,20.23
2062,543745,0.1838,130.0,230,12,3,0,20.24
2063,544001,0.1834,10.0,210,12,1,0,20.25
2064,544257,0.183,160.0,260,15,3,0,20.26
2065,544513,0.1826,90.0,190,10,3,0,20.27
2066,544769,0.1822,90.0,240,14,2,0,20.28
2067,545025,0.1818,90.0,190,11,3,0,20.29
2068,545281,0.1814,170.0,270,15,3,0,20.3
2069,545537,0.181,160.0,260,15,3,0,20.31
2070,545793,0.1806,140.0,240,14,3,0,20.31
2071,546049,0.1802,120.0,220,13,3,0,20.32
2072,546305,0.1798,190.0,290,16,3,0,20.33
2073,546561,0.1794,150.0,250,15,3,0,20.34
2074,546817,0.179,70.0,170,10,3,0,20.35
2075,547073,0.1786,90.0,240,14,2,0,20.36
2076,547329,0.1783,80.0,180,11,3,0,20.37
2077,547633,0.1779,60.0,210,12,2,0,20.38
2078,547889,0.1775,130.0,230,12,3,0,20.39
2079,548145,0.1771,90.0,190,11,3,0,20.4
2080,548401,0.1767,110.0,210,12,3,0,20.41
2081,548657,0.1763,140.0,240,14,3,0,20.42
2082,548913,0.1759,160.0,260,15,3,0,20.43
2083,549169,0.1755,20.0,120,8,3,0,20.43
2084,549425,0.1751,100.0,200,13,3,0,20.44
2085,549729,0.1747,190.0,290,15,3,0,20.45
2086,549985,0.1743,140.0,240,14,3,0,20.46
2087,550241,0.1739,130.0,230,13,3,0,20.47
2088,550521,0.1735,160.0,260,16,3,0,20.48
2089,550777,0.1731,130.0,230,13,3,0,20.49
2090,551033,0.1727,190.0,290,16,3,0,20.5
2091,551289,0.1723,260.0,360,18,3,0,20.51
2092,551545,0.1719,140.0,240,13,3,0,20.52
2093,551801,0.1715,20.0,170,10,2,0,20.53
2094,552057,0.1711,140.0,290,16,2,0,20.54
2095,552313,0.1707,110.0,210,13,3,0,20.55
2096,552593,0.1703,90.0,240,14,2,0,20.56
2097,552849,0.1699,50.0,150,9,3,0,20.57
2098,553105,0.1695,180.0,280,15,3,0,20.58
2099,553361,0.1691,20.0,120,7,3,0,20.59
2100,553617,0.1687,40.0,140,8,3,0,20.6
2101,553873,0.1684,80.0,180,10,3,0,20.61
2102,554129,0.168,60.0,160,10,3,0,20.62
2103,554473,0.1676,240.0,340,19,3,0,20.63
2104,554729,0.1672,60.0,160,10,3,0,20.64
2105,554985,0.1668,60.0,160,9,3,0,20.65
2106,555241,0.1664,40.0,140,7,3,0,20.66
2107,555497,0.166,60.0,160,10,3,0,20.67
2108,555753,0.1656,150.0,250,14,3,0,20.68
2109,556009,0.1652,70.0,170,9,3,0,20.7
2110,556265,0.1648,190.0,290,16,3,0,20.71
2111,556521,0.1644,120.0,220,13,3,0,20.72
2112,556777,0.164,130.0,230,13,3,0,20.73
2113,557057,0.1636,190.0,290,17,3,0,20.74
2114,557313,0.1632,20.0,170,10,2,0,20.75
2115,557569,0.1628,60.0,160,10,3,0,20.75
2116,557825,0.1624,70.0,170,11,3,0,20.76
2117,558081,0.162,80.0,180,10,3,0,20.77
2118,558337,0.1616,90.0,190,10,3,0,20.78
2119,558593,0.1612,180.0,280,14,3,0,20.79
2120,558849,0.1608,10.0,110,7,3,0,20.8
2121,559105,0.1604,-60.0,90,6,2,0,20.82
2122,559361,0.16,50.0,200,11,2,0,20.82
2123,559617,0.1596,70.0,170,10,3,0,20.83
2124,559873,0.1593,140.0,240,12,3,0,20.84
2125,560129,0.1589,40.0,140,9,3,0,20.85
2126,560385,0.1585,60.0,160,8,3,0,20.86
2127,560641,0.1581,80.0,180,10,3,0,20.87
2128,560897,0.1577,140.0,240,12,3,0,20.88
2129,561153,0.1573,130.0,230,13,3,0,20.89
2130,561409,0.1569,50.0,150,8,3,0,20.9
2131,561665,0.1565,50.0,200,11,2,0,20.91
2132,561921,0.1561,100.0,200,11,3,0,20.92
2133,562177,0.1557,110.0,210,12,3,0,20.93
2134,562433,0.1553,130.0,230,11,3,0,20.93
2135,562689,0.1549,100.0,200,10,3,0,20.94
2136,562945,0.1545,160.0,260,15,3,0,20.95
2137,563209,0.1541,160.0,260,14,3,0,20.96
2138,563465,0.1537,100.0,200,11,3,0,20.97
2139,563721,0.1533,80.0,180,10,3,0,20.98
2140,563977,0.1529,60.0,160,9,3,0,20.99
2141,564233,0.1525,90.0,190,12,3,0,21.0
2142,564489,0.1521,80.0,180,9,3,0,21.01
2143,564745,0.1517,-40.0,160,9,1,0,21.02
2144,565001,0.1513,70.0,170,10,3,0,21.03
2145,565257,0.1509,40.0,140,8,3,0,21.03
2146,565513,0.1505,90.0,190,12,3,0,21.04
2147,565769,0.1501,20.0,220,13,1,0,21.05
2148,566025,0.1498,100.0,200,11,3,0,21.06
2149,566281,0.1494,160.0,260,14,3,0,21.07
2150,566537,0.149,130.0,280,14,2,0,21.08
2151,566801,0.1486,100.0,200,11,3,0,21.09
2152,567057,0.1482,230.0,330,18,3,0,21.1
2153,567313,0.1478,80.0,180,10,3,0,21.11
2154,567569,0.1474,50.0,150,10,3,0,21.12
2155,567849,0.147,60.0,210,12,2,0,21.13
2156,568105,0.1466,100.0,200,12,3,0,21.14
2157,568369,0.1462,110.0,210,12,3,0,21.15
2158,568625,0.1458,60.0,160,9,3,0,21.15
2159,568881,0.1454,40.0,140,9,3,0,21.16
2160,569137,0.145,130.0,230,12,3,0,21.17
2161,569401,0.1446,160.0,260,15,3,0,21.18
2162,569689,0.1442,130.0,230,13,3,0,21.19
2163,569945,0.1438,130.0,230,13,3,0,21.2
2164,570201,0.1434,150.0,250,12,3,0,21.21
2165,570457,0.143,130.0,230,13,3,0,21.22
2166,570753,0.1426,220.0,320,16,3,0,21.23
2167,571009,0.1422,0.0,100,8,3,0,21.24
2168,571265,0.1418,100.0,200,11,3,0,21.25
2169,571593,0.1414,220.0,370,19,2,0,21.26
2170,571849,0.141,120.0,220,13,3,0,21.27
2171,572105,0.1406,120.0,220,12,3,0,21.28
2172,572361,0.1402,40.0,140,7,3,0,21.29
2173,572617,0.1399,130.0,230,13,3,0,21.3
2174,572873,0.1395,120.0,220,12,3,0,21.31
2175,573129,0.1391,50.0,150,11,3,0,21.31
2176,573385,0.1387,90.0,190,11,3,0,21.32
2177,573649,0.1383,130.0,230,14,3,0,21.33
2178,573913,0.1379,140.0,240,14,3,0,21.34
2179,574169,0.1375,-40.0,110,7,2,0,21.35
2180,574425,0.1371,80.0,180,10,3,0,21.36
2181,574681,0.1367,130.0,230,13,3,0,21.37
2182,574937,0.1363,80.0,180,11,3,0,21.38
2183,575193,0.1359,100.0,200,12,3,0,21.39
2184,575449,0.1355,10.0,110,7,3,0,21.4
2185,575705,0.1351,140.0,290,16,2,0,21.41
2186,575961,0.1347,120.0,220,11,3,0,21.41
2187,576217,0.1343,120.0,220,12,3,0,21.42
2188,576473,0.1339,150.0,250,13,3,0,21.43
2189,576729,0.1335,150.0,250,13,3,0,21.44
2190,577049,0.1331,80.0,280,15,1,0,21.45
2191,577345,0.1327,140.0,240,14,3,0,21.46
2192,577601,0.1323,90.0,190,11,3,0,21.47
2193,577857,0.1319,40.0,190,10,2,0,21.48
2194,578113,0.1315,40.0,140,9,3,0,21.49
2195,578369,0.1311,110.0,210,12,3,0,21.5
2196,578625,0.1308,-10.0,90,6,3,0,21.51
2197,578881,0.1304,30.0,130,9,3,0,21.52
2198,579153,0.13,150.0,250,13,3,0,21.53
2199,579457,0.1296,180.0,280,14,3,0,21.54
2200,579849,0.1292,220.0,320,17,3,0,21.55
2201,580105,0.1288,10.0,110,7,3,0,21.56
2202,580361,0.1284,90.0,190,11,3,0,21.57
2203,580625,0.128,130.0,230,13,3,0,21.58
2204,580881,0.1276,150.0,250,14,3,0,21.59
2205,581137,0.1272,170.0,270,14,3,0,21.6
2206,581393,0.1268,110.0,210,11,3,0,21.61
2207,581649,0.1264,60.0,160,9,3,0,21.62
2208,581905,0.126,50.0,150,8,3,0,21.63
2209,582161,0.1256,140.0,240,13,3,0,21.64
2210,582417,0.1252,80.0,180,10,3,0,21.64
2211,582673,0.1248,80.0,180,9,3,0,21.66
2212,582929,0.1244,120.0,270,15,2,0,21.67
2213,583185,0.124,50.0,150,9,3,0,21.68
2214,583441,0.1236,110.0,210,12,3,0,21.69
2215,583697,0.1232,140.0,240,13,3,0,21.7
2216,583977,0.1228,160.0,260,14,3,0,21.71
2217,584233,0.1224,160.0,260,13,3,0,21.72
2218,584489,0.122,80.0,230,12,2,0,21.72
2219,584745,0.1216,120.0,220,13,3,0,21.73
2220,585001,0.1212,40.0,190,11,2,0,21.74
2221,585257,0.1209,60.0,160,9,3,0,21.75
2222,585513,0.1205,70.0,220,12,2,0,21.76
2223,585769,0.1201,-10.0,190,11,1,0,21.77
2224,586033,0.1197,120.0,220,13,3,0,21.78
2225,586289,0.1193,60.0,160,9,3,0,21.79
2226,586545,0.1189,110.0,260,14,2,0,21.8
2227,586801,0.1185,120.0,220,11,3,0,21.81
2228,587065,0.1181,120.0,220,12,3,0,21.82
2229,587321,0.1177,110.0,210,12,3,0,21.83
2230,587577,0.1173,20.0,170,10,2,0,21.84
2231,587833,0.1169,90.0,190,11,3,0,21.85
2232,588089,0.1165,50.0,150,9,3,0,21.86
2233,588345,0.1161,70.0,170,10,3,0,21.87
2234,588601,0.1157,100.0,200,11,3,0,21.88
2235,588857,0.1153,20.0,220,12,1,0,21.89
2236,589113,0.1149,80.0,180,10,3,0,21.9
2237,589369,0.1145,150.0,250,13,3,0,21.91
2238,589625,0.1141,180.0,280,15,3,0,21.92
2239,589881,0.1137,70.0,170,10,3,0,21.93
2240,590137,0.1133,110.0,210,11,3,0,21.94
2241,590393,0.1129,160.0,260,14,3,0,21.95
2242,590649,0.1125,110.0,210,11,3,0,21.96
2243,590905,0.1121,120.0,220,12,3,0,21.96
2244,591161,0.1118,140.0,240,13,3,0,21.97
2245,591465,0.1114,170.0,270,14,3,0,21.99
2246,591721,0.111,90.0,190,11,3,0,22.0
2247,592001,0.1106,100.0,200,11,3,0,22.01
2248,592257,0.1102,20.0,170,10,2,0,22.02
2249,592513,0.1098,20.0,120,9,3,0,22.03
2250,592769,0.1094,70.0,170,9,3,0,22.04
2251,593025,0.109,120.0,220,13,3,0,22.05
2252,593281,0.1086,0.0,150,9,2,0,22.06
2253,593561,0.1082,130.0,230,12,3,0,22.07
2254,593817,0.1078,70.0,170,10,3,0,22.07
2255,594089,0.1074,90.0,190,11,3,0,22.09
2256,594441,0.107,250.0,350,19,3,0,22.1
2257,594697,0.1066,140.0,240,13,3,0,22.11
2258,594953,0.1062,230.0,330,18,3,0,22.12
2259,595209,0.1058,140.0,290,15,2,0,22.13
2260,595465,0.1054,20.0,170,10,2,0,22.14
2261,595721,0.105,150.0,250,13,3,0,22.15
2262,595977,0.1046,150.0,250,14,3,0,22.16
2263,596233,0.1042,60.0,160,10,3,0,22.17
2264,596489,0.1038,40.0,190,11,2,0,22.18
2265,596745,0.1034,140.0,240,13,3,0,22.19
2266,597001,0.103,130.0,230,12,3,0,22.2
2267,597257,0.1026,140.0,240,13,3,0,22.21
2268,597513,0.1023,150.0,250,13,3,0,22.22
2269,597777,0.1019,100.0,250,14,2,0,22.23
2270,598033,0.1015,30.0,180,9,2,0,22.24
2271,598289,0.1011,20.0,170,11,2,0,22.25
2272,598545,0.1007,40.0,140,7,3,0,22.26
2273,598801,0.1003,130.0,230,12,3,0,22.26
2274,599089,0.0999,120.0,270,14,2,0,22.28
2275,599345,0.0995,90.0,190,11,3,0,22.29
2276,599601,0.0991,170.0,270,14,3,0,22.3
2277,599857,0.0987,90.0,190,10,3,0,22.31
2278,600113,0.0983,120.0,220,13,3,0,22.32
2279,600369,0.0979,-10.0,90,6,3,0,22.33
2280,600625,0.0975,70.0,170,10,3,0,22.34
2281,600881,0.0971,140.0,240,13,3,0,22.35
2282,601137,0.0967,80.0,180,10,3,0,22.36
2283,601441,0.0963,120.0,220,12,3,0,22.37
2284,601697,0.0959,110.0,210,13,3,0,22.38
2285,602017,0.0955,110.0,210,13,3,0,22.39
2286,602321,0.0951,80.0,230,13,2,0,22.4
2287,602577,0.0947,160.0,260,15,3,0,22.41
2288,602833,0.0943,160.0,260,14,3,0,22.42
2289,603121,0.0939,260.0,410,20,2,0,22.43
2290,603377,0.0935,-10.0,190,10,1,0,22.44
2291,603633,0.0931,110.0,210,11,3,0,22.46
2292,603889,0.0927,30.0,130,8,3,0,22.46
2293,604145,0.0924,20.0,120,8,3,0,22.47
2294,604401,0.092,10.0,160,10,2,0,22.48
2295,604657,0.0916,90.0,190,10,3,0,22.49
2296,604913,0.0912,100.0,200,12,3,0,22.5
2297,605169,0.0908,60.0,160,8,3,0,22.51
2298,605425,0.0904,30.0,180,11,2,0,22.52
2299,605681,0.09,140.0,240,12,3,0,22.53
2300,605937,0.0896,50.0,150,9,3,0,22.54
2301,606193,0.0892,20.0,170,10,2,0,22.55
2302,606561,0.0888,210.0,310,17,3,0,22.57
2303,606817,0.0884,170.0,270,14,3,0,22.58
2304,607073,0.088,110.0,210,10,3,0,22.58
2305,607401,0.0876,180.0,280,15,3,0,22.6
2306,607657,0.0872,50.0,150,9,3,0,22.61
2307,607993,0.0868,100.0,200,11,3,0,22.62
2308,608249,0.0864,30.0,130,8,3,0,22.63
2309,608505,0.086,80.0,180,9,3,0,22.64
2310,608761,0.0856,80.0,180,11,3,0,22.65
2311,609017,0.0852,120.0,220,13,3,0,22.66
2312,609273,0.0848,20.0,120,8,3,0,22.67
2313,609529,0.0844,120.0,220,11,3,0,22.68
2314,609785,0.084,50.0,150,9,3,0,22.69
2315,610041,0.0836,40.0,140,9,3,0,22.7
2316,610297,0.0833,100.0,200,12,3,0,22.71
2317,610569,0.0829,130.0,230,14,3,0,22.72
2318,610825,0.0825,40.0,140,9,3,0,22.73
2319,611081,0.0821,90.0,190,10,3,0,22.74
2320,611337,0.0817,30.0,180,10,2,0,22.75
2321,611593,0.0813,120.0,220,12,3,0,22.76
2322,611849,0.0809,70.0,170,9,3,0,22.77
2323,612105,0.0805,210.0,310,17,3,0,22.78
2324,612377,0.0801,120.0,220,11,3,0,22.79
2325,612633,0.0797,100.0,200,12,3,0,22.8
2326,612889,0.0793,30.0,130,8,3,0,22.81
2327,613145,0.0789,110.0,210,11,3,0,22.82
2328,613401,0.0785,30.0,130,8,3,0,22.83
2329,613657,0.0781,0.0,100,6,3,0,22.84
2330,613929,0.0777,60.0,210,12,2,0,22.85
2331,614201,0.0773,100.0,200,11,3,0,22.86
2332,614457,0.0769,180.0,280,15,3,0,22.87
2333,614729,0.0765,150.0,250,14,3,0,22.88
2334,614985,0.0761,-40.0,160,10,1,0,22.89
2335,615241,0.0757,40.0,190,11,2,0,22.9
2336,615497,0.0753,170.0,270,14,3,0,22.91
2337,615753,0.0749,70.0,170,10,3,0,22.92
2338,616041,0.0745,160.0,260,15,3,0,22.93
2339,616297,0.0741,60.0,160,9,3,0,22.94
2340,616553,0.0737,70.0,170,10,3,0,22.95
2341,616809,0.0734,100.0,200,11,3,0,22.96
2342,617065,0.073,30.0,130,9,3,0,22.97
2343,617321,0.0726,90.0,290,16,1,0,22.98
2344,617609,0.0722,160.0,260,13,3,0,22.99
2345,617929,0.0718,290.0,390,20,3,0,23.0
2346,618185,0.0714,110.0,210,12,3,0,23.01
2347,618441,0.071,110.0,210,12,3,0,23.02
2348,618697,0.0706,130.0,230,13,3,0,23.03
2349,618977,0.0702,50.0,200,13,2,0,23.04
2350,619233,0.0698,90.0,190,11,3,0,23.05
2351,619649,0.0694,220.0,320,18,3,0,23.07
2352,619905,0.069,150.0,250,13,3,0,23.08
2353,620177,0.0686,120.0,220,12,3,0,23.09
2354,620433,0.0682,-10.0,90,6,3,0,23.1
2355,620689,0.0678,0.0,150,9,2,0,23.11
2356,620945,0.0674,10.0,110,7,3,0,23.12
2357,621233,0.067,80.0,180,10,3,0,23.14
2358,621537,0.0666,150.0,250,13,3,0,23.15
2359,621841,0.0662,10.0,160,9,2,0,23.16
2360,622193,0.0658,120.0,220,12,3,0,23.18
2361,622449,0.0654,20.0,120,7,3,0,23.19
2362,622769,0.065,160.0,260,14,3,0,23.2
2363,623121,0.0646,150.0,250,14,3,0,23.21
2364,623377,0.0643,40.0,140,8,3,0,23.22
2365,623633,0.0639,70.0,170,10,3,0,23.23
2366,623889,0.0635,100.0,200,11,3,0,23.24
2367,624145,0.0631,50.0,150,9,3,0,23.25
2368,624401,0.0627,110.0,210,12,3,0,23.26
2369,624657,0.0623,110.0,210,12,3,0,23.27
2370,624913,0.0619,120.0,220,11,3,0,23.28
2371,625169,0.0615,70.0,170,10,3,0,23.29
2372,625425,0.0611,120.0,220,12,3,0,23.3
2373,625809,0.0607,210.0,310,17,3,0,23.32
2374,626065,0.0603,60.0,160,9,3,0,23.33
2375,626465,0.0599,150.0,300,15,2,0,23.34
2376,626721,0.0595,50.0,150,7,3,0,23.35
2377,626977,0.0591,140.0,240,13,3,0,23.36
2378,627233,0.0587,50.0,150,9,3,0,23.37
2379,627505,0.0583,100.0,200,10,3,0,23.38
2380,627761,0.0579,130.0,230,13,3,0,23.39
2381,628017,0.0575,70.0,170,9,3,0,23.4
2382,628305,0.0571,170.0,270,14,3,0,23.41
2383,628601,0.0567,170.0,320,17,2,0,23.42
2384,628857,0.0563,50.0,200,12,2,0,23.43
2385,629113,0.0559,170.0,270,15,3,0,23.44
2386,629369,0.0555,100.0,200,11,3,0,23.45
2387,629625,0.0551,150.0,250,13,3,0,23.46
2388,629881,0.0548,90.0,240,13,2,0,23.47
2389,630137,0.0544,60.0,210,12,2,0,23.48
2390,630393,0.054,140.0,240,12,3,0,23.49
2391,630665,0.0536,120.0,270,14,2,0,23.5
2392,630921,0.0532,90.0,190,10,3,0,23.51
2393,631177,0.0528,90.0,190,10,3,0,23.52
2394,631433,0.0524,50.0,150,9,3,0,23.53
2395,631721,0.052,130.0,280,15,2,0,23.54
2396,631977,0.0516,100.0,200,11,3,0,23.55
2397,632233,0.0512,80.0,180,10,3,0,23.56
2398,632489,0.0508,30.0,130,8,3,0,23.57
2399,632745,0.0504,80.0,180,10,3,0,23.58
2400,633041,0.05,220.0,320,16,3,0,23.59
2401,633297,0.05,80.0,180,10,3,0,23.6
2402,633553,0.05,160.0,260,14,3,0,23.61
2403,633809,0.05,120.0,220,12,3,0,23.62
2404,634065,0.05,50.0,150,8,3,0,23.63
2405,634369,0.05,120.0,220,12,3,0,23.64
2406,634625,0.05,160.0,260,13,3,0,23.65
2407,634881,0.05,0.0,150,9,2,0,23.66
2408,635137,0.05,40.0,190,10,2,0,23.67
2409,635393,0.05,100.0,200,11,3,0,23.68
2410,635665,0.05,150.0,250,14,3,0,23.69
2411,635921,0.05,100.0,200,11,3,0,23.71
2412,636177,0.05,90.0,190,10,3,0,23.72
2413,636433,0.05,40.0,140,8,3,0,23.73
2414,636689,0.05,50.0,200,11,2,0,23.74
2415,636945,0.05,100.0,200,11,3,0,23.75
2416,637201,0.05,150.0,250,14,3,0,23.76
2417,637457,0.05,100.0,200,11,3,0,23.77
2418,637713,0.05,100.0,200,11,3,0,23.78
2419,637977,0.05,130.0,230,12,3,0,23.79
2420,638233,0.05,120.0,220,12,3,0,23.8
2421,638489,0.05,10.0,160,9,2,0,23.81
2422,638745,0.05,40.0,140,9,3,0,23.82
2423,639001,0.05,40.0,140,9,3,0,23.83
2424,639257,0.05,70.0,220,12,2,0,23.84
2425,639513,0.05,70.0,220,12,2,0,23.85
2426,639769,0.05,90.0,190,10,3,0,23.86
2427,640025,0.05,180.0,280,16,3,0,23.87
2428,640281,0.05,150.0,250,13,3,0,23.88
2429,640593,0.05,120.0,220,12,3,0,23.89
2430,640849,0.05,170.0,270,15,3,0,23.9
2431,641105,0.05,40.0,190,11,2,0,23.91
2432,641361,0.05,170.0,270,15,3,0,23.92
2433,641617,0.05,220.0,320,17,3,0,23.93
2434,641897,0.05,220.0,320,18,3,0,23.94
2435,642153,0.05,90.0,190,11,3,0,23.95
2436,642409,0.05,60.0,160,9,3,0,23.96
2437,642665,0.05,50.0,150,9,3,0,23.97
2438,643065,0.05,320.0,420,22,3,0,23.99
2439,643425,0.05,100.0,250,15,2,0,24.0
2440,643681,0.05,60.0,160,11,3,0,24.01
2441,643937,0.05,30.0,130,7,3,0,24.02
2442,644193,0.05,160.0,260,13,3,0,24.03
2443,644449,0.05,80.0,180,11,3,0,24.04
2444,644769,0.05,230.0,330,18,3,0,24.06
2445,645025,0.05,200.0,300,16,3,0,24.07
2446,645281,0.05,140.0,240,13,3,0,24.08
2447,645537,0.05,130.0,230,12,3,0,24.09
2448,645793,0.05,70.0,170,10,3,0,24.1
2449,646049,0.05,110.0,210,12,3,0,24.11
2450,646305,0.05,120.0,220,12,3,0,24.12
2451,646478,0.05,-100.0,150,9,0,0,24.13
2452,646734,0.05,160.0,260,14,3,0,24.14
2453,646990,0.05,60.0,210,11,2,0,24.15
2454,647246,0.05,150.0,250,13,3,0,24.16
2455,647502,0.05,110.0,210,11,3,0,24.17
2456,647758,0.05,120.0,220,12,3,0,24.18
2457,648014,0.05,90.0,190,11,3,0,24.19
2458,648270,0.05,90.0,190,12,3,0,24.2
2459,648526,0.05,60.0,160,9,3,0,24.21
2460,648790,0.05,80.0,180,10,3,0,24.22
2461,649046,0.05,40.0,140,8,3,0,24.23
2462,649302,0.05,60.0,160,9,3,0,24.24
2463,649558,0.05,80.0,180,11,3,0,24.25
2464,649814,0.05,120.0,220,13,3,0,24.26
2465,650126,0.05,140.0,240,13,3,0,24.27
2466,650382,0.05,0.0,150,8,2,0,24.28
2467,650638,0.05,160.0,260,14,3,0,24.29
2468,650894,0.05,50.0,200,12,2,0,24.3
2469,651150,0.05,140.0,240,14,3,0,24.31
2470,651446,0.05,20.0,220,12,1,0,24.33
2471,651702,0.05,90.0,240,13,2,0,24.34
2472,651958,0.05,50.0,150,9,3,0,24.35
2473,652214,0.05,10.0,160,9,2,0,24.36
2474,652470,0.05,140.0,240,13,3,0,24.37
2475,652726,0.05,120.0,220,12,3,0,24.38
2476,652982,0.05,90.0,190,11,3,0,24.39
2477,653286,0.05,190.0,290,15,3,0,24.4
2478,653542,0.05,140.0,240,13,3,0,24.41
2479,653798,0.05,100.0,200,12,3,0,24.42
2480,654054,0.05,10.0,160,8,2,0,24.43
2481,654310,0.05,170.0,270,14,3,0,24.44
2482,654566,0.05,160.0,260,14,3,0,24.45
2483,654822,0.05,90.0,190,11,3,0,24.46
2484,655078,0.05,150.0,250,14,3,0,24.47
2485,655334,0.05,120.0,270,15,2,0,24.48
2486,655590,0.05,60.0,160,9,3,0,24.49
2487,655878,0.05,90.0,190,11,3,0,24.5
2488,656190,0.05,140.0,240,15,3,0,24.51
2489,656446,0.05,160.0,260,15,3,0,24.52
2490,656742,0.05,230.0,330,18,3,0,24.53
2491,657022,0.05,150.0,250,15,3,0,24.54
2492,657278,0.05,90.0,190,12,3,0,24.55
2493,657534,0.05,140.0,240,14,3,0,24.56
2494,657790,0.05,120.0,220,13,3,0,24.57
2495,658070,0.05,190.0,290,17,3,0,24.58
2496,658326,0.05,70.0,170,11,3,0,24.59
2497,658582,0.05,150.0,250,15,3,0,24.6
2498,658838,0.05,130.0,230,14,3,0,24.6
2499,659094,0.05,150.0,250,14,3,0,24.61
2500,659350,0.05,130.0,230,14,3,0,24.62
2501,659630,0.05,150.0,250,16,3,0,24.63
2502,659910,0.05,80.0,230,14,2,0,24.64
2503,660166,0.05,120.0,220,13,3,0,24.65
2504,660446,0.05,160.0,260,16,3,0,24.66
2505,660726,0.05,120.0,270,16,2,0,24.67
2506,660982,0.05,80.0,180,10,3,0,24.68
2507,661254,0.05,140.0,290,15,2,0,24.69
2508,661510,0.05,110.0,210,11,3,0,24.7
2509,661766,0.05,160.0,260,15,3,0,24.71
2510,662022,0.05,140.0,240,14,3,0,24.72
2511,662278,0.05,160.0,260,14,3,0,24.73
2512,662550,0.05,140.0,290,15,2,0,24.74
2513,662806,0.05,50.0,200,12,2,0,24.75
2514,663062,0.05,150.0,250,14,3,0,24.76
2515,663318,0.05,160.0,310,16,2,0,24.76
2516,663574,0.05,140.0,240,14,3,0,24.77
2517,663830,0.05,200.0,300,17,3,0,24.78
2518,664214,0.05,290.0,390,21,3,0,24.8
2519,664494,0.05,200.0,300,17,3,0,24.81
2520,664750,0.05,170.0,270,14,3,0,24.82
2521,665006,0.05,80.0,180,10,3,0,24.82
2522,665294,0.05,150.0,250,13,3,0,24.83
2523,665550,0.05,70.0,170,10,3,0,24.84
2524,665806,0.05,160.0,260,14,3,0,24.85
2525,666086,0.05,90.0,190,12,3,0,24.86
2526,666366,0.05,120.0,220,12,3,0,24.87
2527,666654,0.05,160.0,260,15,3,0,24.88
2528,666910,0.05,30.0,130,9,3,0,24.89
2529,667166,0.05,30.0,180,11,2,0,24.9
2530,667558,0.05,270.0,370,20,3,0,24.91
2531,667814,0.05,150.0,250,14,3,0,24.92
2532,668102,0.05,190.0,290,16,3,0,24.93
2533,668374,0.05,80.0,230,12,2,0,24.94
2534,668630,0.05,160.0,260,15,3,0,24.95
2535,668886,0.05,80.0,180,12,3,0,24.96
2536,669142,0.05,220.0,320,17,3,0,24.97
2537,669398,0.05,160.0,260,15,3,0,24.98
2538,669654,0.05,90.0,240,13,2,0,24.99
2539,669942,0.05,230.0,330,17,3,0,25.0
2540,670278,0.05,220.0,320,18,3,0,25.01
2541,670534,0.05,20.0,120,8,3,0,25.02
2542,670790,0.05,100.0,200,10,3,0,25.03
2543,671102,0.05,140.0,240,13,3,0,25.04
2544,671438,0.05,200.0,300,16,3,0,25.05
2545,671758,0.05,180.0,330,18,2,0,25.06
2546,672014,0.05,110.0,210,10,3,0,25.07
2547,672270,0.05,110.0,210,13,3,0,25.08
2548,672566,0.05,30.0,180,10,2,0,25.09
2549,672822,0.05,80.0,180,10,3,0,25.1
2550,673078,0.05,140.0,240,13,3,0,25.11
2551,673334,0.05,150.0,300,17,2,0,25.12
2552,673590,0.05,70.0,220,12,2,0,25.13
2553,673846,0.05,90.0,190,12,3,0,25.14
2554,674102,0.05,100.0,200,11,3,0,25.15
2555,674422,0.05,170.0,270,13,3,0,25.16
2556,674678,0.05,80.0,180,10,3,0,25.17
2557,674934,0.05,120.0,220,13,3,0,25.18
2558,675190,0.05,150.0,250,14,3,0,25.19
2559,675478,0.05,300.0,400,21,3,0,25.2
2560,675734,0.05,90.0,190,10,3,0,25.21
2561,675990,0.05,80.0,180,11,3,0,25.22
2562,676246,0.05,50.0,200,12,2,0,25.23
2563,676502,0.05,110.0,210,12,3,0,25.24
2564,676854,0.05,180.0,330,18,2,0,25.25
2565,677126,0.05,160.0,260,13,3,0,25.26
2566,677382,0.05,90.0,190,11,3,0,25.27
2567,677638,0.05,90.0,190,10,3,0,25.28
2568,677894,0.05,240.0,340,17,3,0,25.29
2569,678174,0.05,260.0,360,19,3,0,25.3
2570,678430,0.05,-20.0,130,8,2,0,25.31
2571,678686,0.05,60.0,160,9,3,0,25.32
2572,679109,0.05,580.0,580,24,3,1,25.33
2573,679413,0.05,270.0,420,22,2,0,25.34
2574,679669,0.05,170.0,270,14,3,0,25.35
2575,679925,0.05,140.0,240,13,3,0,25.36
2576,680181,0.05,40.0,190,11,2,0,25.37
2577,680437,0.05,140.0,240,14,3,0,25.38
2578,680693,0.05,100.0,200,12,3,0,25.39
2579,680949,0.05,70.0,170,10,3,0,25.4
2580,681205,0.05,40.0,190,11,2,0,25.41
2581,681461,0.05,160.0,260,15,3,0,25.42
2582,681741,0.05,190.0,290,16,3,0,25.43
2583,681997,0.05,80.0,180,10,3,0,25.43
2584,682253,0.05,90.0,190,10,3,0,25.44
2585,682509,0.05,70.0,170,9,3,0,25.45
2586,682765,0.05,110.0,210,12,3,0,25.46
2587,683021,0.05,50.0,150,8,3,0,25.47
2588,683277,0.05,100.0,200,11,3,0,25.48
2589,683573,0.05,220.0,320,18,3,0,25.49
2590,683829,0.05,70.0,170,10,3,0,25.5
2591,684117,0.05,110.0,210,12,3,0,25.51
2592,684429,0.05,240.0,340,19,3,0,25.52
2593,684717,0.05,160.0,260,15,3,0,25.53
2594,684973,0.05,100.0,200,11,3,0,25.54
2595,685229,0.05,60.0,160,10,3,0,25.55
2596,685485,0.05,90.0,190,11,3,0,25.56
2597,685741,0.05,10.0,160,10,2,0,25.57
2598,686021,0.05,160.0,310,18,2,0,25.58
2599,686277,0.05,100.0,200,11,3,0,25.59
2600,686533,0.05,70.0,170,10,3,0,25.6
2601,686789,0.05,70.0,170,10,3,0,25.61
2602,687045,0.05,160.0,260,15,3,0,25.62
2603,687301,0.05,60.0,160,9,3,0,25.62
2604,687557,0.05,80.0,180,10,3,0,25.63
2605,687861,0.05,320.0,420,22,3,0,25.64
2606,688117,0.05,140.0,240,12,3,0,25.65
2607,688405,0.05,100.0,250,14,2,0,25.66
2608,688661,0.05,130.0,280,15,2,0,25.67
2609,688917,0.05,120.0,220,12,3,0,25.68
2610,689173,0.05,70.0,170,8,3,0,25.69
2611,689445,0.05,170.0,270,15,3,0,25.7
2612,689701,0.05,120.0,220,12,3,0,25.71
2613,689957,0.05,80.0,180,11,3,0,25.72
2614,690213,0.05,150.0,250,13,3,0,25.73
2615,690469,0.05,50.0,150,8,3,0,25.74
2616,690725,0.05,140.0,240,12,3,0,25.75
2617,690981,0.05,60.0,160,10,3,0,25.76
2618,691237,0.05,160.0,260,15,3,0,25.76
2619,691493,0.05,150.0,250,14,3,0,25.77
2620,691749,0.05,70.0,170,9,3,0,25.78
2621,692005,0.05,150.0,250,14,3,0,25.79
2622,692261,0.05,90.0,190,12,3,0,25.8
2623,692517,0.05,140.0,240,13,3,0,25.82
2624,692797,0.05,200.0,300,17,3,0,25.83
2625,693053,0.05,90.0,190,10,3,0,25.84
2626,693309,0.05,100.0,200,12,3,0,25.85
2627,693565,0.05,60.0,160,10,3,0,25.85
2628,693821,0.05,80.0,180,10,3,0,25.86
2629,694077,0.05,-30.0,170,10,1,0,25.87
2630,694333,0.05,70.0,170,10,3,0,25.88
2631,694589,0.05,90.0,190,12,3,0,25.89
2632,694845,0.05,70.0,220,12,2,0,25.9
2633,695101,0.05,150.0,250,14,3,0,25.91
2634,695357,0.05,130.0,230,12,3,0,25.92
2635,695613,0.05,60.0,210,13,2,0,25.93
2636,695869,0.05,100.0,200,12,3,0,25.94
2637,696181,0.05,240.0,340,19,3,0,25.95
2638,696437,0.05,140.0,240,14,3,0,25.96
2639,696693,0.05,120.0,220,13,3,0,25.97
2640,696949,0.05,80.0,180,11,3,0,25.97
2641,697205,0.05,200.0,300,15,3,0,25.98
2642,697461,0.05,100.0,200,12,3,0,25.99
2643,697717,0.05,-30.0,120,8,2,0,26.0
2644,697973,0.05,70.0,170,10,3,0,26.01
2645,698229,0.05,20.0,170,11,2,0,26.02
2646,698485,0.05,130.0,230,12,3,0,26.03
2647,698741,0.05,110.0,210,12,3,0,26.04
2648,698997,0.05,70.0,220,12,2,0,26.05
2649,699253,0.05,60.0,160,10,3,0,26.06
2650,699509,0.05,90.0,190,10,3,0,26.07
2651,699765,0.05,30.0,130,8,3,0,26.07
2652,700021,0.05,120.0,220,12,3,0,26.08
2653,700277,0.05,80.0,180,10,3,0,26.09
2654,700533,0.05,10.0,110,9,3,0,26.1
2655,700789,0.05,-40.0,60,5,3,0,26.11
2656,701045,0.05,70.0,170,10,3,0,26.12
2657,701301,0.05,120.0,220,13,3,0,26.13
2658,701557,0.05,40.0,140,8,3,0,26.14
2659,701813,0.05,80.0,180,11,3,0,26.15
2660,702069,0.05,60.0,160,10,3,0,26.16
2661,702325,0.05,170.0,270,14,3,0,26.17
2662,702605,0.05,200.0,300,16,3,0,26.18
2663,702861,0.05,70.0,170,11,3,0,26.18
2664,703117,0.05,0.0,150,9,2,0,26.19
2665,703373,0.05,0.0,150,9,2,0,26.2
2666,703629,0.05,110.0,210,11,3,0,26.21
2667,703885,0.05,90.0,190,12,3,0,26.22
2668,704141,0.05,-10.0,90,6,3,0,26.23
2669,704397,0.05,40.0,140,9,3,0,26.24
2670,704653,0.05,30.0,180,9,2,0,26.25
2671,704909,0.05,100.0,200,12,3,0,26.26
2672,705165,0.05,90.0,190,10,3,0,26.27
2673,705421,0.05,150.0,250,13,3,0,26.28
2674,705677,0.05,160.0,260,15,3,0,26.28
2675,705933,0.05,90.0,240,14,2,0,26.29
2676,706189,0.05,90.0,190,11,3,0,26.3
2677,706445,0.05,0.0,150,9,2,0,26.31
2678,706701,0.05,140.0,240,14,3,0,26.32
2679,706957,0.05,100.0,200,11,3,0,26.33
2680,707213,0.05,110.0,210,12,3,0,26.34
2681,707469,0.05,140.0,240,14,3,0,26.35
2682,707749,0.05,190.0,290,17,3,0,26.36
2683,708005,0.05,120.0,220,13,3,0,26.37
2684,708261,0.05,50.0,150,10,3,0,26.38
2685,708517,0.05,130.0,230,13,3,0,26.39
2686,708773,0.05,80.0,180,11,3,0,26.39
2687,709109,0.05,210.0,310,18,3,0,26.41
2688,709365,0.05,80.0,180,10,3,0,26.42
2689,709621,0.05,100.0,200,12,3,0,26.42
2690,709877,0.05,110.0,210,13,3,0,26.43
2691,710133,0.05,60.0,160,10,3,0,26.44
2692,710413,0.05,170.0,270,16,3,0,26.45
2693,710669,0.05,100.0,200,12,3,0,26.46
2694,710981,0.05,170.0,270,16,3,0,26.47
2695,711309,0.05,220.0,320,17,3,0,26.48
2696,711565,0.05,120.0,220,13,3,0,26.49
2697,711845,0.05,220.0,320,18,3,0,26.5
2698,712101,0.05,160.0,310,17,2,0,26.51
2699,712357,0.05,90.0,190,12,3,0,26.52
2700,712613,0.05,120.0,270,15,2,0,26.54
2701,712869,0.05,50.0,200,11,2,0,26.55
2702,713197,0.05,330.0,430,22,3,0,26.56
2703,713477,0.05,280.0,380,20,3,0,26.57
2704,713733,0.05,120.0,220,13,3,0,26.58
2705,714081,0.05,580.0,580,24,3,1,26.59
2706,714337,0.05,120.0,220,13,3,0,26.6
2707,714593,0.05,100.0,200,11,3,0,26.61
2708,714849,0.05,70.0,170,11,3,0,26.62
2709,715105,0.05,100.0,250,14,2,0,26.63
2710,715361,0.05,60.0,160,9,3,0,26.63
2711,715617,0.05,90.0,190,12,3,0,26.64
2712,715873,0.05,140.0,240,14,3,0,26.65
2713,716129,0.05,30.0,130,8,3,0,26.66
2714,716409,0.05,150.0,250,15,3,0,26.67
2715,716665,0.05,110.0,210,13,3,0,26.68
2716,716921,0.05,-10.0,90,5,3,0,26.69
2717,717177,0.05,0.0,100,8,3,0,26.7
2718,717433,0.05,90.0,240,12,2,0,26.71
2719,717689,0.05,50.0,150,9,3,0,26.72
2720,717945,0.05,120.0,220,13,3,0,26.73
2721,718201,0.05,80.0,180,12,3,0,26.74
2722,718457,0.05,90.0,240,13,2,0,26.75
2723,718737,0.05,70.0,220,14,2,0,26.76
2724,718993,0.05,110.0,210,13,3,0,26.76
2725,719273,0.05,140.0,240,15,3,0,26.77
2726,719529,0.05,80.0,230,12,2,0,26.78
2727,719785,0.05,120.0,220,13,3,0,26.79
2728,720041,0.05,90.0,190,11,3,0,26.8
2729,720337,0.05,190.0,290,17,3,0,26.81
2730,720593,0.05,50.0,200,12,2,0,26.82
2731,720849,0.05,60.0,160,11,3,0,26.83
2732,721129,0.05,160.0,260,16,3,0,26.84
2733,721385,0.05,120.0,220,10,3,0,26.85
2734,721641,0.05,140.0,240,13,3,0,26.86
2735,721897,0.05,60.0,160,9,3,0,26.87
2736,722209,0.05,230.0,330,18,3,0,26.88
2737,722465,0.05,10.0,110,6,3,0,26.89
2738,722745,0.05,100.0,250,15,2,0,26.9
2739,723001,0.05,150.0,250,13,3,0,26.91
2740,723281,0.05,190.0,290,17,3,0,26.92
2741,723561,0.05,190.0,290,17,3,0,26.93
2742,723841,0.05,180.0,280,16,3,0,26.94
2743,724121,0.05,220.0,320,18,3,0,26.95
2744,724401,0.05,130.0,230,14,3,0,26.96
2745,724657,0.05,20.0,170,10,2,0,26.97
2746,724937,0.05,90.0,190,12,3,0,26.98
2747,725193,0.05,90.0,190,12,3,0,26.98
2748,725449,0.05,90.0,190,12,3,0,26.99
2749,725705,0.05,70.0,170,12,3,0,27.0
2750,725961,0.05,60.0,160,9,3,0,27.01
2751,726249,0.05,100.0,200,11,3,0,27.02
2752,726513,0.05,120.0,220,13,3,0,27.03
2753,726793,0.05,150.0,250,15,3,0,27.04
2754,727049,0.05,20.0,120,7,3,0,27.05
2755,727305,0.05,40.0,140,8,3,0,27.06
2756,727681,0.05,250.0,400,21,2,0,27.07
2757,727937,0.05,100.0,200,12,3,0,27.08
2758,728193,0.05,90.0,190,10,3,0,27.09
2759,728449,0.05,140.0,240,13,3,0,27.1
2760,728705,0.05,80.0,180,10,3,0,27.11
2761,728961,0.05,-20.0,180,11,1,0,27.12
2762,729217,0.05,70.0,170,9,3,0,27.13
2763,729473,0.05,190.0,290,15,3,0,27.14
2764,729729,0.05,130.0,280,15,2,0,27.15
2765,729985,0.05,140.0,240,14,3,0,27.15
2766,730241,0.05,80.0,180,11,3,0,27.16
2767,730497,0.05,170.0,270,14,3,0,27.17
2768,730753,0.05,90.0,190,11,3,0,27.18
2769,731009,0.05,20.0,120,7,3,0,27.19
2770,731281,0.05,70.0,170,9,3,0,27.2
2771,731561,0.05,180.0,280,17,3,0,27.21
2772,731817,0.05,20.0,120,7,3,0,27.22
2773,732073,0.05,0.0,100,6,3,0,27.23
2774,732329,0.05,100.0,250,14,2,0,27.24
2775,732585,0.05,30.0,130,8,3,0,27.25
2776,732841,0.05,80.0,180,11,3,0,27.26
2777,733097,0.05,30.0,130,9,3,0,27.27
2778,733377,0.05,180.0,280,16,3,0,27.28
2779,733633,0.05,180.0,280,15,3,0,27.28
2780,733889,0.05,60.0,160,11,3,0,27.29
2781,734145,0.05,100.0,200,12,3,0,27.3
2782,734401,0.05,100.0,200,12,3,0,27.31
2783,734657,0.05,70.0,220,12,2,0,27.32
2784,734913,0.05,70.0,170,9,3,0,27.33
2785,735193,0.05,100.0,200,11,3,0,27.34
2786,735449,0.05,110.0,210,13,3,0,27.35
2787,735705,0.05,160.0,260,15,3,0,27.36
2788,735961,0.05,150.0,250,14,3,0,27.37
2789,736217,0.05,120.0,220,12,3,0,27.38
2790,736473,0.05,160.0,260,14,3,0,27.39
2791,736729,0.05,70.0,170,9,3,0,27.39
2792,736985,0.05,40.0,140,8,3,0,27.4
2793,737241,0.05,100.0,200,12,3,0,27.41
2794,737505,0.05,80.0,180,10,3,0,27.42
2795,737761,0.05,10.0,110,7,3,0,27.43
2796,738017,0.05,70.0,170,9,3,0,27.44
2797,738281,0.05,60.0,160,10,3,0,27.45
2798,738537,0.05,120.0,220,11,3,0,27.46
2799,738793,0.05,170.0,270,14,3,0,27.47
2800,739049,0.05,30.0,180,11,2,0,27.48
2801,739305,0.05,210.0,310,16,3,0,27.49
2802,739561,0.05,70.0,170,10,3,0,27.49
2803,739817,0.05,10.0,160,9,2,0,27.5
2804,740073,0.05,60.0,160,8,3,0,27.51
2805,740329,0.05,90.0,240,14,2,0,27.52
2806,740585,0.05,150.0,250,14,3,0,27.53
2807,740841,0.05,90.0,190,11,3,0,27.54
2808,741105,0.05,150.0,250,14,3,0,27.55
2809,741361,0.05,210.0,310,17,3,0,27.56
2810,741617,0.05,40.0,140,8,3,0,27.57
2811,741873,0.05,40.0,140,8,3,0,27.58
2812,742129,0.05,40.0,140,8,3,0,27.59
2813,742385,0.05,30.0,130,7,3,0,27.6
2814,742641,0.05,120.0,220,12,3,0,27.61
2815,742897,0.05,40.0,140,8,3,0,27.61
2816,743153,0.05,90.0,190,10,3,0,27.62
2817,743409,0.05,30.0,180,10,2,0,27.63
2818,743665,0.05,90.0,190,10,3,0,27.64
2819,743921,0.05,10.0,110,7,3,0,27.65
2820,744177,0.05,150.0,250,14,3,0,27.66
2821,744433,0.05,100.0,200,12,3,0,27.67
2822,744689,0.05,100.0,200,11,3,0,27.68
2823,745041,0.05,220.0,320,17,3,0,27.69
2824,745297,0.05,60.0,160,9,3,0,27.7
2825,745577,0.05,220.0,320,17,3,0,27.71
2826,745897,0.05,160.0,260,15,3,0,27.72
2827,746153,0.05,150.0,250,14,3,0,27.73
2828,746425,0.05,140.0,240,13,3,0,27.74
2829,746681,0.05,180.0,280,14,3,0,27.75
2830,746937,0.05,-70.0,130,8,1,0,27.76
2831,747193,0.05,110.0,210,12,3,0,27.77
2832,747449,0.05,20.0,120,7,3,0,27.78
2833,747705,0.05,0.0,100,6,3,0,27.79
2834,747961,0.05,140.0,240,13,3,0,27.79
2835,748217,0.05,10.0,110,7,3,0,27.8
2836,748473,0.05,90.0,190,11,3,0,27.81
2837,748729,0.05,40.0,140,8,3,0,27.82
2838,748985,0.05,60.0,160,10,3,0,27.83
2839,749241,0.05,130.0,230,12,3,0,27.84
2840,749497,0.05,100.0,200,11,3,0,27.85
2841,749753,0.05,90.0,190,10,3,0,27.86
2842,750057,0.05,130.0,230,12,3,0,27.87
2843,750313,0.05,180.0,280,15,3,0,27.88
2844,750665,0.05,190.0,390,21,1,0,27.89
2845,750921,0.05,110.0,210,11,3,0,27.9
2846,751177,0.05,20.0,120,8,3,0,27.91
2847,751433,0.05,150.0,250,13,3,0,27.92
2848,751689,0.05,120.0,220,11,3,0,27.93
2849,752233,0.05,350.0,450,23,3,0,27.94
2850,752489,0.05,0.0,100,6,3,0,27.95
2851,752745,0.05,50.0,150,8,3,0,27.96
2852,753001,0.05,40.0,190,10,2,0,27.97
2853,753257,0.05,10.0,160,9,2,0,27.98
2854,753513,0.05,60.0,160,9,3,0,27.99
2855,753769,0.05,40.0,190,10,2,0,28.0
2856,754025,0.05,10.0,160,9,2,0,28.01
2857,754281,0.05,40.0,190,11,2,0,28.02
2858,754585,0.05,190.0,290,15,3,0,28.03
2859,754857,0.05,30.0,180,10,2,0,28.04
2860,755177,0.05,210.0,310,16,3,0,28.05
2861,755481,0.05,80.0,180,10,3,0,28.06
2862,755753,0.05,90.0,190,11,3,0,28.07
2863,756009,0.05,80.0,180,9,3,0,28.08
2864,756265,0.05,60.0,160,8,3,0,28.09
2865,756521,0.05,50.0,200,12,2,0,28.1
2866,756777,0.05,70.0,170,10,3,0,28.11
2867,757057,0.05,130.0,230,12,3,0,28.12
2868,757353,0.05,250.0,350,19,3,0,28.13
2869,757609,0.05,150.0,250,15,3,0,28.14
2870,757865,0.05,70.0,170,9,3,0,28.14
2871,758121,0.05,100.0,200,11,3,0,28.15
2872,758401,0.05,140.0,240,15,3,0,28.16
2873,758657,0.05,90.0,190,11,3,0,28.17
2874,758913,0.05,90.0,190,11,3,0,28.18
2875,759169,0.05,90.0,190,10,3,0,28.19
2876,759425,0.05,60.0,160,10,3,0,28.2
2877,759681,0.05,40.0,140,9,3,0,28.21
2878,759937,0.05,90.0,190,11,3,0,28.22
2879,760193,0.05,70.0,170,10,3,0,28.23
2880,760449,0.05,110.0,210,12,3,0,28.24
2881,760705,0.05,150.0,300,16,2,0,28.25
2882,760961,0.05,130.0,230,12,3,0,28.25
2883,761217,0.05,110.0,210,11,3,0,28.26
2884,761473,0.05,70.0,220,12,2,0,28.27
2885,761729,0.05,90.0,240,12,2,0,28.28
2886,761985,0.05,120.0,220,13,3,0,28.29
2887,762241,0.05,160.0,260,14,3,0,28.3
2888,762497,0.05,70.0,170,11,3,0,28.31
2889,762753,0.05,110.0,210,11,3,0,28.32
2890,763033,0.05,170.0,270,16,3,0,28.33
2891,763361,0.05,240.0,340,19,3,0,28.34
2892,763641,0.05,250.0,350,19,3,0,28.35
2893,763897,0.05,110.0,210,11,3,0,28.36
2894,764153,0.05,50.0,150,10,3,0,28.37
2895,764409,0.05,40.0,190,10,2,0,28.38
2896,764665,0.05,140.0,240,13,3,0,28.39
2897,764921,0.05,70.0,170,9,3,0,28.4
2898,765177,0.05,90.0,190,10,3,0,28.4
2899,765433,0.05,80.0,230,13,2,0,28.41
2900,765713,0.05,140.0,240,15,3,0,28.42
2901,765969,0.05,90.0,190,12,3,0,28.43
2902,766225,0.05,-70.0,130,8,1,0,28.44
2903,766481,0.05,-20.0,130,8,2,0,28.45
2904,766753,0.05,180.0,280,16,3,0,28.46
2905,767009,0.05,130.0,230,12,3,0,28.47
2906,767265,0.05,140.0,240,13,3,0,28.48
2907,767521,0.05,50.0,200,12,2,0,28.49
2908,767777,0.05,150.0,250,13,3,0,28.5
2909,768057,0.05,150.0,250,16,3,0,28.51
2910,768313,0.05,70.0,170,9,3,0,28.52
2911,768569,0.05,150.0,250,12,3,0,28.53
2912,768825,0.05,180.0,280,15,3,0,28.53
2913,769081,0.05,90.0,190,10,3,0,28.54
2914,769337,0.05,120.0,220,11,3,0,28.55
2915,769593,0.05,50.0,150,8,3,0,28.56
2916,769849,0.05,-40.0,110,7,2,0,28.57
2917,770105,0.05,80.0,180,10,3,0,28.58
2918,770361,0.05,120.0,220,12,3,0,28.59
2919,770681,0.05,220.0,320,17,3,0,28.6
2920,770937,0.05,70.0,170,10,3,0,28.61
2921,771193,0.05,70.0,170,11,3,0,28.62
2922,771449,0.05,100.0,200,11,3,0,28.63
2923,771705,0.05,70.0,170,10,3,0,28.64
2924,771961,0.05,90.0,190,12,3,0,28.65
2925,772241,0.05,140.0,240,15,3,0,28.66
2926,772529,0.05,30.0,180,11,2,0,28.67
2927,772785,0.05,50.0,150,7,3,0,28.67
2928,773041,0.05,120.0,220,11,3,0,28.68
2929,773297,0.05,90.0,190,12,3,0,28.69
2930,773577,0.05,180.0,280,17,3,0,28.7
2931,773833,0.05,120.0,220,12,3,0,28.71
2932,774089,0.05,120.0,220,12,3,0,28.72
2933,774345,0.05,100.0,200,11,3,0,28.73
2934,774601,0.05,50.0,150,9,3,0,28.74
2935,774857,0.05,80.0,180,10,3,0,28.75
2936,775113,0.05,0.0,150,9,2,0,28.76
2937,775393,0.05,120.0,220,14,3,0,28.77
2938,775649,0.05,80.0,180,11,3,0,28.78
2939,775905,0.05,-10.0,140,8,2,0,28.79
2940,776161,0.05,80.0,180,11,3,0,28.79
2941,776417,0.05,110.0,210,11,3,0,28.8
2942,776673,0.05,150.0,300,16,2,0,28.81
2943,776953,0.05,100.0,250,15,2,0,28.82
2944,777209,0.05,100.0,200,11,3,0,28.83
2945,777505,0.05,190.0,290,17,3,0,28.84
2946,777761,0.05,150.0,250,15,3,0,28.85
2947,778017,0.05,90.0,190,11,3,0,28.86
2948,778297,0.05,130.0,230,14,3,0,28.87
2949,778577,0.05,180.0,280,16,3,0,28.88
2950,778833,0.05,10.0,160,9,2,0,28.89
2951,779089,0.05,110.0,210,11,3,0,28.9
2952,779345,0.05,110.0,210,12,3,0,28.91
2953,779601,0.05,90.0,190,12,3,0,28.92
2954,779857,0.05,130.0,230,12,3,0,28.93
2955,780113,0.05,140.0,240,12,3,0,28.93
2956,780369,0.05,90.0,240,14,2,0,28.94
2957,780625,0.05,90.0,190,11,3,0,28.95
2958,780881,0.05,110.0,210,13,3,0,28.96
2959,781137,0.05,120.0,220,13,3,0,28.97
2960,781401,0.05,120.0,220,13,3,0,28.98
2961,781657,0.05,140.0,240,13,3,0,28.99
2962,781913,0.05,80.0,180,10,3,0,29.0
2963,782193,0.05,130.0,230,14,3,0,29.01
2964,782449,0.05,140.0,240,12,3,0,29.02
2965,782737,0.05,170.0,270,13,3,0,29.03
2966,782993,0.05,40.0,140,8,3,0,29.04
2967,783265,0.05,100.0,200,12,3,0,29.05
2968,783521,0.05,220.0,320,17,3,0,29.06
2969,783777,0.05,100.0,200,11,3,0,29.07
2970,784033,0.05,170.0,270,13,3,0,29.08
2971,784417,0.05,320.0,420,22,3,0,29.09
2972,784713,0.05,220.0,320,18,3,0,29.1
2973,784985,0.05,100.0,250,15,2,0,29.11
2974,785265,0.05,190.0,290,17,3,0,29.12
2975,785545,0.05,190.0,290,17,3,0,29.13
2976,785865,0.05,130.0,280,15,2,0,29.14
2977,786121,0.05,120.0,220,13,3,0,29.15
2978,786377,0.05,170.0,270,15,3,0,29.16
2979,786769,0.05,270.0,370,20,3,0,29.18
2980,787041,0.05,170.0,270,13,3,0,29.19
2981,787353,0.05,260.0,360,20,3,0,29.2
2982,787625,0.05,120.0,220,12,3,0,29.21
2983,787881,0.05,140.0,240,14,3,0,29.22
2984,788161,0.05,160.0,260,16,3,0,29.23
2985,788417,0.05,10.0,110,7,3,0,29.24
2986,788737,0.05,200.0,300,17,3,0,29.25
2987,788993,0.05,60.0,160,9,3,0,29.26
2988,789249,0.05,100.0,200,12,3,0,29.27
2989,789505,0.05,150.0,250,14,3,0,29.28
2990,789761,0.05,120.0,220,12,3,0,29.29
2991,790041,0.05,200.0,300,17,3,0,29.3
2992,790297,0.05,80.0,180,9,3,0,29.31
2993,790553,0.05,50.0,200,11,2,0,29.32
2994,790833,0.05,160.0,260,16,3,0,29.33
2995,791089,0.05,10.0,160,9,2,0,29.34
2996,791553,0.05,320.0,420,22,3,0,29.35
2997,791809,0.05,0.0,150,9,2,0,29.36
2998,792065,0.05,150.0,250,14,3,0,29.37
2999,792321,0.05,130.0,230,12,3,0,29.38
