episode,total_steps,epsilon,episode_reward,score,aliens_killed,lives_left,won,wall_time_s
0,256,1.0,60.0,160,8,3,0,0.04
1,512,0.9999,50.0,150,9,3,0,0.05
2,768,0.9998,70.0,170,10,3,0,0.06
3,1064,0.9996,60.0,160,9,3,0,0.07
4,1320,0.9995,-20.0,80,6,3,0,0.08
5,1576,0.9994,20.0,120,6,3,0,0.09
6,1832,0.9993,30.0,130,7,3,0,0.09
7,2168,0.9992,120.0,220,13,3,0,0.1
8,2424,0.999,170.0,270,14,3,0,0.11
9,2696,0.9989,40.0,140,7,3,0,0.12
10,2952,0.9988,120.0,220,13,3,0,0.13
11,3240,0.9987,100.0,200,10,3,0,0.14
12,3496,0.9986,0.0,150,8,2,0,0.15
13,3752,0.9985,120.0,220,12,3,0,0.16
14,4032,0.9983,20.0,120,7,3,0,0.17
15,4296,0.9982,40.0,140,9,3,0,0.18
16,4552,0.9981,90.0,190,10,3,0,0.19
17,4808,0.998,0.0,150,9,2,0,0.19
18,5064,0.9979,90.0,190,11,3,0,0.2
19,5320,0.9977,-10.0,90,6,3,0,0.21
20,5576,0.9976,50.0,150,9,3,0,0.22
21,5872,0.9975,170.0,270,12,3,0,0.23
22,6128,0.9974,50.0,200,10,2,0,0.24
23,6384,0.9973,40.0,140,9,3,0,0.25
24,6640,0.9971,70.0,170,9,3,0,0.26
25,6896,0.997,40.0,140,7,3,0,0.26
26,7152,0.9969,110.0,210,11,3,0,0.27
27,7408,0.9968,50.0,150,9,3,0,0.28
28,7664,0.9967,80.0,180,9,3,0,0.29
29,7936,0.9966,-20.0,130,9,2,0,0.3
30,8192,0.9964,20.0,120,7,3,0,0.31
31,8448,0.9963,30.0,130,7,3,0,0.32
32,8720,0.9962,80.0,180,10,3,0,0.33
33,8984,0.9961,60.0,160,7,3,0,0.33
34,9240,0.996,40.0,190,10,2,0,0.34
35,9496,0.9958,30.0,180,11,2,0,0.35
36,9784,0.9957,60.0,210,11,2,0,0.36
37,10040,0.9956,160.0,260,12,3,0,0.37
38,10296,0.9955,90.0,190,10,3,0,0.38
39,10552,0.9954,-50.0,50,5,3,0,0.39
40,10840,0.9952,70.0,220,13,2,0,0.4
41,11104,0.9951,50.0,200,11,2,0,0.41
42,11368,0.995,0.0,100,5,3,0,0.41
43,11624,0.9949,120.0,220,12,3,0,0.42
44,11880,0.9948,90.0,190,11,3,0,0.43
45,12136,0.9947,110.0,210,13,3,0,0.44
46,12392,0.9945,80.0,180,10,3,0,0.45
47,12648,0.9944,90.0,190,11,3,0,0.46
48,12904,0.9943,80.0,180,11,3,0,0.47
49,13160,0.9942,80.0,180,9,3,0,0.48
50,13416,0.9941,10.0,110,6,3,0,0.49
51,13704,0.9939,110.0,210,12,3,0,0.5
52,13960,0.9938,160.0,260,13,3,0,0.5
53,14216,0.9937,50.0,150,8,3,0,0.51
54,14472,0.9936,100.0,200,12,3,0,0.52
55,14728,0.9935,10.0,110,6,3,0,0.53
56,14984,0.9933,10.0,160,10,2,0,0.54
57,15240,0.9932,50.0,150,9,3,0,0.55
58,15496,0.9931,90.0,190,10,3,0,0.56
59,15768,0.993,90.0,190,10,3,0,0.57
60,16024,0.9929,-20.0,80,5,3,0,0.58
61,16296,0.9928,0.0,100,7,3,0,0.59
62,16552,0.9926,0.0,100,7,3,0,0.6
63,16808,0.9925,30.0,180,10,2,0,0.61
64,17064,0.9924,120.0,220,13,3,0,0.62
65,17320,0.9923,-20.0,80,5,3,0,0.63
66,17576,0.9922,70.0,270,14,1,0,0.63
67,17864,0.992,150.0,250,14,3,0,0.64
68,18120,0.9919,40.0,140,8,3,0,0.65
69,18376,0.9918,20.0,120,6,3,0,0.66
70,18632,0.9917,70.0,170,9,3,0,0.67
71,18944,0.9916,160.0,260,13,3,0,0.68
72,19200,0.9915,30.0,130,8,3,0,0.69
73,19472,0.9913,70.0,170,10,3,0,0.7
74,19728,0.9912,60.0,210,12,2,0,0.71
75,19984,0.9911,90.0,190,10,3,0,0.72
76,20240,0.991,80.0,180,9,3,0,0.73
77,20496,0.9909,20.0,120,7,3,0,0.74
78,20752,0.9907,-30.0,120,7,2,0,0.75
79,21008,0.9906,40.0,140,8,3,0,0.76
80,21264,0.9905,-30.0,120,8,2,0,0.77
81,21520,0.9904,90.0,240,12,2,0,0.78
82,21776,0.9903,50.0,150,8,3,0,0.78
83,22032,0.9901,50.0,150,8,3,0,0.79
84,22288,0.99,30.0,130,7,3,0,0.8
85,22544,0.9899,50.0,150,8,3,0,0.81
86,22800,0.9898,40.0,140,8,3,0,0.82
87,23056,0.9897,100.0,200,12,3,0,0.83
88,23312,0.9896,-10.0,90,6,3,0,0.84
89,23568,0.9894,50.0,200,9,2,0,0.85
90,23824,0.9893,100.0,200,10,3,0,0.86
91,24080,0.9892,20.0,120,8,3,0,0.87
92,24336,0.9891,70.0,170,9,3,0,0.88
93,24592,0.989,10.0,110,6,3,0,0.89
94,24848,0.9888,100.0,200,12,3,0,0.9
95,25104,0.9887,30.0,130,7,3,0,0.91
96,25360,0.9886,60.0,160,10,3,0,0.92
97,25728,0.9885,180.0,330,17,2,0,0.93
98,25984,0.9884,50.0,150,8,3,0,0.94
99,26240,0.9882,70.0,170,10,3,0,0.95
100,26496,0.9881,40.0,140,8,3,0,0.96
101,26752,0.988,10.0,110,7,3,0,0.97
102,27008,0.9879,100.0,200,9,3,0,0.98
103,27264,0.9878,-60.0,40,3,3,0,0.99
104,27568,0.9877,150.0,250,13,3,0,1.0
105,27840,0.9875,50.0,150,8,3,0,1.01
106,28096,0.9874,100.0,250,13,2,0,1.02
107,28368,0.9873,80.0,180,10,3,0,1.03
108,28640,0.9872,50.0,200,11,2,0,1.04
109,28928,0.9871,120.0,220,12,3,0,1.05
110,29184,0.9869,0.0,100,7,3,0,1.06
111,29440,0.9868,30.0,230,11,1,0,1.06
112,29696,0.9867,70.0,170,9,3,0,1.07
113,29952,0.9866,110.0,210,12,3,0,1.08
114,30208,0.9865,150.0,250,13,3,0,1.09
115,30464,0.9863,100.0,200,11,3,0,1.1
116,30768,0.9862,-20.0,80,5,3,0,1.11
117,31024,0.9861,100.0,200,12,3,0,1.12
118,31328,0.986,140.0,240,13,3,0,1.13
119,31584,0.9859,10.0,210,12,1,0,1.14
120,31880,0.9858,150.0,250,13,3,0,1.15
121,32136,0.9856,120.0,220,12,3,0,1.16
122,32392,0.9855,30.0,130,9,3,0,1.17
123,32680,0.9854,20.0,120,7,3,0,1.18
124,32960,0.9853,70.0,170,10,3,0,1.19
125,33216,0.9852,20.0,120,8,3,0,1.2
126,33472,0.985,90.0,240,13,2,0,1.21
127,33728,0.9849,70.0,220,13,2,0,1.22
128,33984,0.9848,80.0,230,13,2,0,1.23
129,34272,0.9847,40.0,140,8,3,0,1.24
130,34544,0.9846,60.0,160,9,3,0,1.25
131,34800,0.9844,110.0,210,11,3,0,1.26
132,35056,0.9843,30.0,130,8,3,0,1.27
133,35328,0.9842,150.0,250,13,3,0,1.28
134,35584,0.9841,90.0,190,11,3,0,1.29
135,35840,0.984,100.0,200,10,3,0,1.3
136,36104,0.9839,100.0,200,11,3,0,1.31
137,36360,0.9837,140.0,240,14,3,0,1.32
138,36616,0.9836,40.0,140,8,3,0,1.33
139,36880,0.9835,20.0,170,9,2,0,1.34
140,37136,0.9834,20.0,120,8,3,0,1.35
141,37392,0.9833,30.0,130,7,3,0,1.36
142,37648,0.9831,60.0,160,10,3,0,1.37
143,37904,0.983,160.0,260,13,3,0,1.38
144,38160,0.9829,90.0,190,10,3,0,1.38
145,38416,0.9828,90.0,190,11,3,0,1.39
146,38672,0.9827,-70.0,80,5,2,0,1.4
147,38976,0.9825,70.0,170,10,3,0,1.41
148,39232,0.9824,50.0,150,9,3,0,1.42
149,39488,0.9823,50.0,150,8,3,0,1.43
150,39744,0.9822,50.0,150,9,3,0,1.44
151,40032,0.9821,140.0,240,13,3,0,1.45
152,40288,0.9819,20.0,120,6,3,0,1.46
153,40568,0.9818,10.0,110,7,3,0,1.47
154,40856,0.9817,60.0,160,8,3,0,1.48
155,41112,0.9816,50.0,150,9,3,0,1.49
156,41408,0.9815,100.0,250,12,2,0,1.5
157,41664,0.9814,80.0,180,9,3,0,1.51
158,41920,0.9812,100.0,200,10,3,0,1.52
159,42176,0.9811,70.0,170,9,3,0,1.53
160,42432,0.981,90.0,190,10,3,0,1.54
161,42688,0.9809,140.0,240,14,3,0,1.55
162,42944,0.9808,120.0,220,12,3,0,1.55
163,43200,0.9806,100.0,200,12,3,0,1.56
164,43456,0.9805,50.0,200,11,2,0,1.57
165,43736,0.9804,-30.0,120,8,2,0,1.58
166,44016,0.9803,70.0,170,10,3,0,1.59
167,44272,0.9802,20.0,120,8,3,0,1.6
168,44474,0.98,-190.0,60,4,0,0,1.61
169,44730,0.9799,70.0,170,9,3,0,1.61
170,44986,0.9798,80.0,180,10,3,0,1.62
171,45242,0.9797,40.0,190,11,2,0,1.63
172,45530,0.9796,40.0,140,7,3,0,1.64
173,45786,0.9795,80.0,180,11,3,0,1.65
174,46106,0.9793,160.0,260,14,3,0,1.66
175,46362,0.9792,30.0,130,8,3,0,1.67
176,46618,0.9791,60.0,260,14,1,0,1.68
177,46874,0.979,60.0,160,9,3,0,1.69
178,47178,0.9789,110.0,260,14,2,0,1.7
179,47434,0.9787,80.0,180,9,3,0,1.71
180,47690,0.9786,120.0,220,12,3,0,1.71
181,47962,0.9785,140.0,240,14,3,0,1.72
182,48218,0.9784,150.0,250,14,3,0,1.73
183,48474,0.9783,50.0,150,10,3,0,1.74
184,48738,0.9781,-80.0,70,4,2,0,1.75
185,49026,0.978,100.0,200,10,3,0,1.76
186,49282,0.9779,0.0,100,6,3,0,1.77
187,49538,0.9778,100.0,200,11,3,0,1.78
188,49794,0.9777,-20.0,130,8,2,0,1.79
189,50050,0.9776,80.0,180,10,3,0,1.8
190,50306,0.9774,140.0,240,12,3,0,1.8
191,50562,0.9773,60.0,160,9,3,0,1.81
192,50818,0.9772,20.0,120,6,3,0,1.82
193,51074,0.9771,40.0,190,9,2,0,1.83
194,51330,0.977,100.0,200,10,3,0,1.84
195,51650,0.9768,190.0,290,15,3,0,1.85
196,51906,0.9767,10.0,110,6,3,0,1.86
197,52162,0.9766,110.0,210,12,3,0,1.87
198,52418,0.9765,0.0,150,9,2,0,1.88
199,52674,0.9764,60.0,160,8,3,0,1.88
200,52946,0.9762,110.0,210,11,3,0,1.89
201,53202,0.9761,20.0,120,7,3,0,1.9
202,53458,0.976,70.0,170,9,3,0,1.91
203,53671,0.9759,-170.0,80,5,0,0,1.92
204,53927,0.9758,40.0,140,9,3,0,1.93
205,54183,0.9757,40.0,140,8,3,0,1.94
206,54439,0.9755,100.0,200,11,3,0,1.94
207,54695,0.9754,-30.0,120,8,2,0,1.95
208,54951,0.9753,120.0,220,13,3,0,1.96
209,55207,0.9752,-10.0,90,6,3,0,1.97
210,55463,0.9751,30.0,130,8,3,0,1.98
211,55719,0.9749,70.0,220,11,2,0,1.99
212,56087,0.9748,130.0,230,13,3,0,2.0
213,56343,0.9747,30.0,130,7,3,0,2.01
214,56599,0.9746,30.0,180,9,2,0,2.02
215,56855,0.9745,-70.0,130,8,1,0,2.03
216,57111,0.9744,100.0,200,11,3,0,2.03
217,57367,0.9742,80.0,180,10,3,0,2.04
218,57623,0.9741,40.0,190,10,2,0,2.05
219,57879,0.974,100.0,200,11,3,0,2.06
220,58215,0.9739,120.0,220,12,3,0,2.07
221,58471,0.9738,30.0,180,10,2,0,2.08
222,58727,0.9736,100.0,200,12,3,0,2.09
223,58983,0.9735,10.0,160,10,2,0,2.1
224,59239,0.9734,30.0,130,7,3,0,2.11
225,59495,0.9733,10.0,110,7,3,0,2.12
226,59751,0.9732,120.0,220,12,3,0,2.12
227,60007,0.973,90.0,190,10,3,0,2.13
228,60263,0.9729,60.0,160,8,3,0,2.14
229,60519,0.9728,20.0,120,6,3,0,2.15
230,60775,0.9727,0.0,100,6,3,0,2.16
231,61031,0.9726,60.0,210,11,2,0,2.17
232,61287,0.9725,60.0,160,9,3,0,2.18
233,61543,0.9723,80.0,180,10,3,0,2.18
234,61799,0.9722,70.0,170,10,3,0,2.19
235,62135,0.9721,40.0,190,10,2,0,2.2
236,62391,0.972,10.0,110,9,3,0,2.21
237,62647,0.9719,20.0,120,6,3,0,2.22
238,62903,0.9717,30.0,130,8,3,0,2.23
239,63159,0.9716,70.0,170,10,3,0,2.24
240,63415,0.9715,10.0,160,10,2,0,2.25
241,63671,0.9714,50.0,150,10,3,0,2.26
242,63927,0.9713,120.0,220,11,3,0,2.27
243,64207,0.9711,120.0,220,12,3,0,2.28
244,64495,0.971,110.0,210,12,3,0,2.29
245,64580,0.9709,-210.0,40,3,0,0,2.29
246,64884,0.9708,80.0,180,9,3,0,2.3
247,65140,0.9707,110.0,210,12,3,0,2.31
248,65396,0.9706,110.0,210,10,3,0,2.32
249,65700,0.9704,0.0,150,8,2,0,2.33
250,65956,0.9703,50.0,150,9,3,0,2.33
251,66212,0.9702,70.0,220,12,2,0,2.34
252,66468,0.9701,20.0,120,8,3,0,2.35
253,66724,0.97,70.0,170,10,3,0,2.36
254,66980,0.9698,130.0,280,15,2,0,2.37
255,67236,0.9697,10.0,210,11,1,0,2.38
256,67492,0.9696,100.0,200,11,3,0,2.39
257,67748,0.9695,70.0,170,9,3,0,2.4
258,68004,0.9694,-80.0,70,5,2,0,2.4
259,68260,0.9692,40.0,190,10,2,0,2.41
260,68516,0.9691,160.0,260,13,3,0,2.42
261,68844,0.969,50.0,200,11,2,0,2.43
262,69100,0.9689,-10.0,140,9,2,0,2.44
263,69356,0.9688,80.0,180,10,3,0,2.45
264,69612,0.9687,30.0,130,8,3,0,2.46
265,69868,0.9685,-10.0,90,5,3,0,2.47
266,70164,0.9684,100.0,200,11,3,0,2.48
267,70420,0.9683,110.0,210,10,3,0,2.49
268,70676,0.9682,20.0,170,10,2,0,2.5
269,70932,0.9681,-20.0,80,6,3,0,2.5
270,71188,0.9679,40.0,140,9,3,0,2.51
271,71444,0.9678,110.0,210,12,3,0,2.52
272,71700,0.9677,-30.0,170,9,1,0,2.53
273,71956,0.9676,70.0,170,10,3,0,2.54
274,72212,0.9675,110.0,210,12,3,0,2.55
275,72468,0.9673,100.0,200,11,3,0,2.56
276,72724,0.9672,90.0,190,10,3,0,2.57
277,72980,0.9671,80.0,180,10,3,0,2.57
278,73236,0.967,170.0,270,14,3,0,2.58
279,73492,0.9669,40.0,190,11,2,0,2.59
280,73748,0.9667,20.0,170,9,2,0,2.6
281,74004,0.9666,-10.0,140,9,2,0,2.61
282,74260,0.9665,140.0,240,14,3,0,2.62
283,74516,0.9664,70.0,170,9,3,0,2.63
284,74772,0.9663,30.0,130,9,3,0,2.63
285,75028,0.9662,90.0,190,11,3,0,2.64
286,75308,0.966,10.0,110,7,3,0,2.65
287,75564,0.9659,-20.0,130,9,2,0,2.66
288,75820,0.9658,0.0,100,6,3,0,2.67
289,76076,0.9657,10.0,160,9,2,0,2.68
290,76332,0.9656,30.0,180,9,2,0,2.69
291,76588,0.9654,40.0,140,7,3,0,2.7
292,76876,0.9653,60.0,160,9,3,0,2.71
293,77132,0.9652,0.0,100,7,3,0,2.71
294,77420,0.9651,80.0,180,10,3,0,2.72
295,77676,0.965,0.0,150,9,2,0,2.73
296,77932,0.9648,150.0,250,13,3,0,2.74
297,78188,0.9647,40.0,140,9,3,0,2.75
298,78444,0.9646,-10.0,90,6,3,0,2.76
299,78772,0.9645,140.0,240,13,3,0,2.77
300,79028,0.9644,60.0,210,12,2,0,2.78
301,79284,0.9643,-20.0,80,6,3,0,2.79
302,79612,0.9641,170.0,270,14,3,0,2.8
303,79868,0.964,90.0,190,12,3,0,2.81
304,80124,0.9639,60.0,160,10,3,0,2.82
305,80380,0.9638,-130.0,70,4,1,0,2.83
306,80636,0.9637,170.0,270,14,3,0,2.84
307,80892,0.9635,70.0,170,11,3,0,2.85
308,81148,0.9634,150.0,250,13,3,0,2.86
309,81404,0.9633,140.0,240,12,3,0,2.87
310,81660,0.9632,150.0,250,14,3,0,2.87
311,81916,0.9631,40.0,140,7,3,0,2.88
312,82180,0.9629,120.0,220,12,3,0,2.89
313,82436,0.9628,10.0,110,7,3,0,2.9
314,82692,0.9627,70.0,170,10,3,0,2.91
315,82948,0.9626,70.0,170,10,3,0,2.92
316,83228,0.9625,30.0,180,9,2,0,2.93
317,83484,0.9624,130.0,230,12,3,0,2.94
318,83740,0.9622,100.0,200,10,3,0,2.95
319,83996,0.9621,80.0,230,12,2,0,2.96
320,84292,0.962,30.0,180,10,2,0,2.97
321,84548,0.9619,80.0,180,10,3,0,2.98
322,84804,0.9618,40.0,140,9,3,0,2.99
323,85060,0.9616,100.0,250,14,2,0,2.99
324,85316,0.9615,180.0,330,17,2,0,3.0
325,85588,0.9614,140.0,240,13,3,0,3.01
326,85844,0.9613,70.0,170,10,3,0,3.02
327,86100,0.9612,70.0,170,10,3,0,3.03
328,86388,0.961,30.0,130,7,3,0,3.04
329,86692,0.9609,40.0,190,10,2,0,3.05
330,86945,0.9608,-70.0,180,10,0,0,3.06
331,87201,0.9607,120.0,220,12,3,0,3.07
332,87457,0.9606,30.0,130,9,3,0,3.08
333,87729,0.9605,120.0,220,12,3,0,3.09
334,88033,0.9603,-10.0,190,10,1,0,3.1
335,88289,0.9602,50.0,150,8,3,0,3.11
336,88545,0.9601,50.0,150,8,3,0,3.12
337,88801,0.96,10.0,160,10,2,0,3.13
338,89081,0.9599,110.0,210,10,3,0,3.14
339,89617,0.9597,250.0,450,23,1,0,3.15
340,89873,0.9596,70.0,220,11,2,0,3.16
341,90137,0.9595,150.0,250,13,3,0,3.17
342,90393,0.9594,10.0,110,6,3,0,3.18
343,90649,0.9593,110.0,210,12,3,0,3.19
344,90905,0.9591,20.0,120,6,3,0,3.2
345,91161,0.959,110.0,210,12,3,0,3.21
346,91417,0.9589,20.0,170,10,2,0,3.22
347,91673,0.9588,0.0,100,7,3,0,3.23
348,91929,0.9587,30.0,130,8,3,0,3.24
349,92185,0.9586,30.0,130,8,3,0,3.25
350,92441,0.9584,70.0,170,8,3,0,3.26
351,92737,0.9583,130.0,230,13,3,0,3.27
352,92993,0.9582,90.0,190,10,3,0,3.27
353,93249,0.9581,10.0,110,8,3,0,3.28
354,93505,0.958,100.0,200,11,3,0,3.29
355,93761,0.9578,0.0,200,11,1,0,3.3
356,94017,0.9577,30.0,130,7,3,0,3.31
357,94305,0.9576,140.0,240,13,3,0,3.32
358,94561,0.9575,90.0,190,11,3,0,3.33
359,94817,0.9574,-20.0,130,8,2,0,3.34
360,95073,0.9573,40.0,140,10,3,0,3.35
361,95329,0.9571,110.0,210,11,3,0,3.36
362,95593,0.957,40.0,190,12,2,0,3.37
363,95881,0.9569,110.0,260,15,2,0,3.38
364,96137,0.9568,0.0,100,7,3,0,3.39
365,96393,0.9567,90.0,190,12,3,0,3.4
366,96649,0.9565,20.0,120,8,3,0,3.41
367,96905,0.9564,30.0,180,11,2,0,3.41
368,97161,0.9563,30.0,130,8,3,0,3.42
369,97473,0.9562,130.0,280,15,2,0,3.43
370,97761,0.9561,30.0,180,9,2,0,3.45
371,98081,0.9559,130.0,280,15,2,0,3.46
372,98337,0.9558,0.0,150,8,2,0,3.47
373,98593,0.9557,90.0,190,10,3,0,3.47
374,98849,0.9556,70.0,170,8,3,0,3.48
375,99105,0.9555,50.0,150,10,3,0,3.49
376,99361,0.9554,70.0,170,9,3,0,3.5
377,99633,0.9552,80.0,180,10,3,0,3.51
378,99897,0.9551,140.0,240,12,3,0,3.52
379,100153,0.955,80.0,180,10,3,0,3.53
380,100441,0.9549,150.0,250,14,3,0,3.54
381,100697,0.9548,70.0,170,9,3,0,3.55
382,100953,0.9546,110.0,210,12,3,0,3.56
383,101233,0.9545,-30.0,120,7,2,0,3.57
384,101489,0.9544,40.0,140,9,3,0,3.58
385,101745,0.9543,160.0,310,16,2,0,3.59
386,102025,0.9542,80.0,230,15,2,0,3.6
387,102305,0.954,120.0,220,13,3,0,3.61
388,102617,0.9539,60.0,210,10,2,0,3.62
389,102937,0.9538,70.0,170,10,3,0,3.63
390,103193,0.9537,60.0,160,10,3,0,3.64
391,103473,0.9536,90.0,190,11,3,0,3.66
392,103729,0.9535,60.0,160,10,3,0,3.67
393,103985,0.9533,20.0,120,6,3,0,3.68
394,104241,0.9532,60.0,160,9,3,0,3.69
395,104545,0.9531,110.0,210,10,3,0,3.7
396,104841,0.953,140.0,240,14,3,0,3.71
397,105113,0.9529,40.0,190,10,2,0,3.72
398,105369,0.9527,100.0,200,12,3,0,3.73
399,105625,0.9526,70.0,170,8,3,0,3.74
400,105881,0.9525,50.0,150,9,3,0,3.74
401,106185,0.9524,20.0,120,7,3,0,3.75
402,106465,0.9523,110.0,210,11,3,0,3.76
403,106721,0.9521,70.0,220,12,2,0,3.77
404,106993,0.952,40.0,140,8,3,0,3.78
405,107249,0.9519,80.0,180,10,3,0,3.79
406,107529,0.9518,120.0,270,16,2,0,3.8
407,107793,0.9517,40.0,140,8,3,0,3.81
408,108065,0.9516,30.0,180,10,2,0,3.82
409,108369,0.9514,10.0,160,9,2,0,3.83
410,108625,0.9513,90.0,190,11,3,0,3.84
411,108881,0.9512,-20.0,80,5,3,0,3.85
412,109137,0.9511,20.0,120,8,3,0,3.86
413,109401,0.951,160.0,260,14,3,0,3.87
414,109657,0.9508,100.0,200,10,3,0,3.88
415,109913,0.9507,40.0,140,8,3,0,3.89
416,110169,0.9506,40.0,140,9,3,0,3.9
417,110457,0.9505,180.0,280,14,3,0,3.91
418,110737,0.9504,60.0,160,8,3,0,3.92
419,110993,0.9502,120.0,220,13,3,0,3.92
420,111249,0.9501,-10.0,90,5,3,0,3.93
421,111505,0.95,100.0,200,12,3,0,3.94
422,111761,0.9499,140.0,240,14,3,0,3.95
423,112017,0.9498,80.0,180,12,3,0,3.96
424,112273,0.9496,90.0,190,10,3,0,3.97
425,112577,0.9495,270.0,370,19,3,0,3.98
426,112833,0.9494,50.0,150,8,3,0,3.99
427,113097,0.9493,50.0,150,8,3,0,4.0
428,113353,0.9492,80.0,180,11,3,0,4.01
429,113609,0.9491,120.0,220,13,3,0,4.02
430,113865,0.9489,70.0,170,10,3,0,4.03
431,114121,0.9488,100.0,200,11,3,0,4.04
432,114377,0.9487,110.0,210,12,3,0,4.04
433,114633,0.9486,-60.0,40,3,3,0,4.05
434,114897,0.9485,-30.0,120,6,2,0,4.06
435,115153,0.9483,90.0,190,10,3,0,4.07
436,115409,0.9482,100.0,200,12,3,0,4.08
437,115665,0.9481,100.0,300,16,1,0,4.09
438,115937,0.948,80.0,230,12,2,0,4.1
439,116193,0.9479,10.0,160,10,2,0,4.11
440,116465,0.9477,110.0,260,15,2,0,4.12
441,116721,0.9476,0.0,100,7,3,0,4.13
442,116977,0.9475,20.0,170,8,2,0,4.14
443,117249,0.9474,0.0,100,6,3,0,4.15
444,117505,0.9473,100.0,200,12,3,0,4.15
445,117769,0.9472,110.0,210,12,3,0,4.16
446,118025,0.947,70.0,170,10,3,0,4.17
447,118281,0.9469,20.0,170,8,2,0,4.18
448,118537,0.9468,-60.0,90,5,2,0,4.19
449,118793,0.9467,110.0,210,13,3,0,4.2
450,119049,0.9466,80.0,180,11,3,0,4.21
451,119305,0.9464,-20.0,130,8,2,0,4.22
452,119561,0.9463,30.0,130,8,3,0,4.23
453,119841,0.9462,100.0,250,13,2,0,4.24
454,120113,0.9461,100.0,200,11,3,0,4.25
455,120425,0.946,50.0,150,9,3,0,4.26
456,120681,0.9458,170.0,320,17,2,0,4.27
457,120953,0.9457,20.0,120,7,3,0,4.28
458,121209,0.9456,90.0,190,10,3,0,4.29
459,121481,0.9455,80.0,180,9,3,0,4.3
460,121737,0.9454,50.0,150,9,3,0,4.3
461,122041,0.9453,150.0,250,12,3,0,4.32
462,122297,0.9451,20.0,120,7,3,0,4.32
463,122553,0.945,-10.0,90,6,3,0,4.33
464,122809,0.9449,100.0,200,12,3,0,4.34
465,123065,0.9448,20.0,170,9,2,0,4.35
466,123321,0.9447,-50.0,150,10,1,0,4.36
467,123577,0.9445,30.0,130,8,3,0,4.37
468,123833,0.9444,160.0,260,12,3,0,4.38
469,124089,0.9443,120.0,220,12,3,0,4.39
470,124345,0.9442,0.0,100,6,3,0,4.4
471,124601,0.9441,40.0,140,8,3,0,4.41
472,124857,0.9439,130.0,230,12,3,0,4.41
473,125169,0.9438,100.0,200,11,3,0,4.43
474,125449,0.9437,80.0,180,9,3,0,4.44
475,125705,0.9436,110.0,210,12,3,0,4.45
476,125961,0.9435,20.0,120,6,3,0,4.46
477,126217,0.9434,0.0,100,7,3,0,4.47
478,126473,0.9432,110.0,210,12,3,0,4.48
479,126729,0.9431,90.0,190,10,3,0,4.49
480,126985,0.943,170.0,270,14,3,0,4.5
481,127241,0.9429,0.0,150,9,2,0,4.51
482,127497,0.9428,30.0,130,8,3,0,4.52
483,127753,0.9426,0.0,100,8,3,0,4.52
484,128057,0.9425,50.0,200,10,2,0,4.54
485,128313,0.9424,-20.0,80,4,3,0,4.55
486,128577,0.9423,30.0,180,10,2,0,4.56
487,128833,0.9422,30.0,180,11,2,0,4.57
488,129145,0.9421,70.0,170,9,3,0,4.58
489,129417,0.9419,100.0,200,11,3,0,4.59
490,129673,0.9418,20.0,120,7,3,0,4.6
491,129929,0.9417,180.0,280,14,3,0,4.61
492,130185,0.9416,60.0,160,9,3,0,4.62
493,130449,0.9415,60.0,210,12,2,0,4.63
494,130737,0.9413,150.0,250,13,3,0,4.64
495,130993,0.9412,90.0,190,10,3,0,4.65
496,131249,0.9411,0.0,100,7,3,0,4.66
497,131505,0.941,120.0,220,13,3,0,4.67
498,131761,0.9409,60.0,160,8,3,0,4.68
499,132017,0.9407,40.0,190,10,2,0,4.69
500,132273,0.9406,40.0,140,9,3,0,4.7
501,132529,0.9405,50.0,150,9,3,0,4.71
502,132785,0.9404,-40.0,60,3,3,0,4.72
503,133041,0.9403,50.0,150,10,3,0,4.73
504,133297,0.9402,20.0,170,10,2,0,4.74
505,133553,0.94,80.0,180,10,3,0,4.75
506,133809,0.9399,80.0,180,10,3,0,4.76
507,134065,0.9398,-40.0,110,7,2,0,4.77
508,134321,0.9397,140.0,240,14,3,0,4.78
509,134665,0.9396,130.0,330,18,1,0,4.79
510,134961,0.9394,170.0,320,17,2,0,4.8
511,135217,0.9393,-10.0,140,10,2,0,4.81
512,135473,0.9392,50.0,150,9,3,0,4.82
513,135729,0.9391,50.0,150,9,3,0,4.83
514,135985,0.939,110.0,210,10,3,0,4.84
515,136241,0.9388,40.0,140,10,3,0,4.85
516,136497,0.9387,50.0,200,11,2,0,4.86
517,136753,0.9386,100.0,200,11,3,0,4.87
518,137009,0.9385,110.0,210,11,3,0,4.88
519,137265,0.9384,-40.0,160,10,1,0,4.89
520,137601,0.9383,160.0,260,14,3,0,4.9
521,137873,0.9381,140.0,290,14,2,0,4.91
522,138129,0.938,20.0,170,9,2,0,4.92
523,138441,0.9379,120.0,270,15,2,0,4.93
524,138697,0.9378,100.0,200,10,3,0,4.94
525,138953,0.9377,20.0,120,7,3,0,4.95
526,139209,0.9375,90.0,190,11,3,0,4.96
527,139465,0.9374,100.0,200,11,3,0,4.97
528,139721,0.9373,-20.0,80,6,3,0,4.98
529,139985,0.9372,60.0,160,9,3,0,4.99
530,140241,0.9371,80.0,180,9,3,0,5.01
531,140497,0.9369,50.0,200,11,2,0,5.02
532,140753,0.9368,0.0,100,7,3,0,5.03
533,141009,0.9367,20.0,170,10,2,0,5.04
534,141265,0.9366,110.0,210,12,3,0,5.05
535,141521,0.9365,20.0,170,10,2,0,5.06
536,141777,0.9364,170.0,270,13,3,0,5.07
537,142033,0.9362,40.0,140,8,3,0,5.08
538,142289,0.9361,40.0,190,10,2,0,5.08
539,142561,0.936,120.0,220,11,3,0,5.09
540,142833,0.9359,100.0,200,9,3,0,5.1
541,143113,0.9358,100.0,200,11,3,0,5.12
542,143369,0.9356,120.0,220,13,3,0,5.13
543,143625,0.9355,90.0,190,10,3,0,5.14
544,143881,0.9354,130.0,230,12,3,0,5.15
545,144137,0.9353,140.0,240,14,3,0,5.16
546,144393,0.9352,40.0,140,9,3,0,5.17
547,144649,0.935,80.0,180,10,3,0,5.17
548,144969,0.9349,240.0,340,18,3,0,5.19
549,145225,0.9348,50.0,150,9,3,0,5.19
550,145481,0.9347,110.0,210,11,3,0,5.2
551,145761,0.9346,20.0,120,7,3,0,5.22
552,146017,0.9345,40.0,140,9,3,0,5.23
553,146305,0.9343,110.0,260,13,2,0,5.24
554,146561,0.9342,60.0,160,10,3,0,5.25
555,146817,0.9341,50.0,150,8,3,0,5.26
556,147073,0.934,30.0,130,8,3,0,5.27
557,147329,0.9339,180.0,280,15,3,0,5.28
558,147585,0.9337,50.0,200,11,2,0,5.29
559,147841,0.9336,-50.0,150,9,1,0,5.29
560,148097,0.9335,10.0,160,8,2,0,5.31
561,148369,0.9334,30.0,130,8,3,0,5.32
562,148665,0.9333,70.0,170,9,3,0,5.33
563,148921,0.9331,30.0,130,7,3,0,5.34
564,149225,0.933,50.0,200,11,2,0,5.35
565,149481,0.9329,0.0,150,9,2,0,5.36
566,149761,0.9328,10.0,110,7,3,0,5.37
567,150017,0.9327,30.0,180,10,2,0,5.38
568,150273,0.9325,100.0,250,14,2,0,5.39
569,150545,0.9324,180.0,280,14,3,0,5.4
570,150817,0.9323,140.0,240,13,3,0,5.41
571,151081,0.9322,80.0,230,14,2,0,5.42
572,151337,0.9321,-10.0,140,10,2,0,5.43
573,151617,0.932,120.0,270,14,2,0,5.44
574,151873,0.9318,80.0,230,12,2,0,5.45
575,152129,0.9317,80.0,180,10,3,0,5.45
576,152385,0.9316,120.0,220,12,3,0,5.46
577,152713,0.9315,190.0,290,15,3,0,5.48
578,152969,0.9314,70.0,170,10,3,0,5.48
579,153225,0.9312,-40.0,60,5,3,0,5.49
580,153481,0.9311,80.0,180,10,3,0,5.5
581,153737,0.931,190.0,290,15,3,0,5.51
582,154009,0.9309,0.0,100,6,3,0,5.52
583,154265,0.9308,70.0,170,10,3,0,5.53
584,154537,0.9306,100.0,200,11,3,0,5.54
585,154889,0.9305,170.0,270,15,3,0,5.55
586,155145,0.9304,30.0,130,7,3,0,5.56
587,155409,0.9303,20.0,120,7,3,0,5.57
588,155665,0.9302,20.0,170,9,2,0,5.58
589,155921,0.9301,50.0,150,8,3,0,5.59
590,156177,0.9299,150.0,250,13,3,0,5.6
591,156433,0.9298,20.0,170,9,2,0,5.61
592,156689,0.9297,90.0,190,10,3,0,5.62
593,156954,0.9296,10.0,260,14,0,0,5.63
594,157210,0.9295,-10.0,140,8,2,0,5.63
595,157466,0.9293,60.0,160,9,3,0,5.64
596,157722,0.9292,90.0,190,10,3,0,5.65
597,157978,0.9291,120.0,220,12,3,0,5.66
598,158234,0.929,-30.0,120,6,2,0,5.67
599,158490,0.9289,80.0,180,10,3,0,5.68
600,158746,0.9287,10.0,110,8,3,0,5.69
601,159026,0.9286,40.0,190,10,2,0,5.7
602,159282,0.9285,40.0,140,8,3,0,5.71
603,159538,0.9284,70.0,170,9,3,0,5.72
604,159794,0.9283,30.0,130,8,3,0,5.73
605,160050,0.9282,80.0,180,11,3,0,5.73
606,160306,0.928,80.0,180,11,3,0,5.74
607,160562,0.9279,-40.0,60,5,3,0,5.75
608,160818,0.9278,120.0,220,11,3,0,5.76
609,161074,0.9277,0.0,100,7,3,0,5.77
610,161330,0.9276,150.0,250,14,3,0,5.78
611,161610,0.9274,200.0,300,17,3,0,5.79
612,161866,0.9273,50.0,150,8,3,0,5.8
613,162146,0.9272,110.0,210,11,3,0,5.81
614,162402,0.9271,-10.0,140,8,2,0,5.82
615,162690,0.927,100.0,200,11,3,0,5.83
616,162946,0.9268,70.0,170,10,3,0,5.84
617,163202,0.9267,130.0,230,12,3,0,5.85
618,163458,0.9266,120.0,220,13,3,0,5.85
619,163746,0.9265,60.0,160,9,3,0,5.86
620,164002,0.9264,40.0,190,11,2,0,5.87
621,164282,0.9263,110.0,210,11,3,0,5.88
622,164538,0.9261,80.0,230,14,2,0,5.89
623,164794,0.926,70.0,170,10,3,0,5.9
624,165050,0.9259,20.0,120,7,3,0,5.91
625,165306,0.9258,-30.0,70,6,3,0,5.92
626,165562,0.9257,0.0,150,9,2,0,5.93
627,165818,0.9255,90.0,190,11,3,0,5.94
628,166074,0.9254,110.0,210,11,3,0,5.95
629,166330,0.9253,40.0,140,9,3,0,5.95
630,166586,0.9252,80.0,180,11,3,0,5.96
631,166842,0.9251,100.0,200,11,3,0,5.97
632,167098,0.925,-40.0,110,5,2,0,5.98
633,167354,0.9248,30.0,130,8,3,0,5.99
634,167610,0.9247,40.0,140,9,3,0,6.0
635,167898,0.9246,40.0,140,9,3,0,6.01
636,168154,0.9245,80.0,180,12,3,0,6.02
637,168410,0.9244,30.0,130,8,3,0,6.03
638,168666,0.9242,70.0,170,10,3,0,6.04
639,168954,0.9241,40.0,140,8,3,0,6.05
640,169210,0.924,60.0,210,10,2,0,6.06
641,169466,0.9239,40.0,140,8,3,0,6.07
642,169730,0.9238,80.0,180,10,3,0,6.08
643,170026,0.9236,140.0,240,12,3,0,6.09
644,170314,0.9235,120.0,220,13,3,0,6.1
645,170570,0.9234,50.0,150,9,3,0,6.11
646,170826,0.9233,-10.0,90,7,3,0,6.12
647,171082,0.9232,70.0,170,10,3,0,6.13
648,171338,0.9231,-20.0,130,7,2,0,6.14
649,171594,0.9229,-50.0,50,4,3,0,6.15
650,171922,0.9228,140.0,240,13,3,0,6.17
651,172178,0.9227,40.0,140,8,3,0,6.18
652,172458,0.9226,130.0,230,14,3,0,6.19
653,172714,0.9225,-50.0,100,6,2,0,6.2
654,173018,0.9223,250.0,350,18,3,0,6.21
655,173274,0.9222,50.0,200,10,2,0,6.22
656,173530,0.9221,50.0,150,8,3,0,6.23
657,173786,0.922,40.0,140,9,3,0,6.24
658,174042,0.9219,70.0,220,12,2,0,6.25
659,174298,0.9217,20.0,120,7,3,0,6.26
660,174554,0.9216,60.0,210,11,2,0,6.27
661,174810,0.9215,50.0,150,10,3,0,6.28
662,175066,0.9214,60.0,160,8,3,0,6.29
663,175322,0.9213,30.0,180,11,2,0,6.3
664,175578,0.9212,140.0,240,14,3,0,6.31
665,175834,0.921,30.0,130,9,3,0,6.32
666,176090,0.9209,40.0,140,8,3,0,6.33
667,176346,0.9208,140.0,240,13,3,0,6.34
668,176602,0.9207,80.0,230,13,2,0,6.35
669,176874,0.9206,210.0,310,16,3,0,6.35
670,177154,0.9204,80.0,180,9,3,0,6.37
671,177434,0.9203,130.0,230,12,3,0,6.38
672,177690,0.9202,10.0,160,11,2,0,6.39
673,177946,0.9201,10.0,160,8,2,0,6.4
674,178202,0.92,120.0,220,12,3,0,6.41
675,178458,0.9198,10.0,110,7,3,0,6.42
676,178714,0.9197,170.0,270,14,3,0,6.43
677,178970,0.9196,40.0,140,8,3,0,6.44
678,179226,0.9195,20.0,120,6,3,0,6.45
679,179482,0.9194,190.0,290,16,3,0,6.46
680,179738,0.9193,60.0,210,12,2,0,6.47
681,179994,0.9191,150.0,250,12,3,0,6.48
682,180250,0.919,80.0,180,11,3,0,6.49
683,180522,0.9189,100.0,200,10,3,0,6.5
684,180778,0.9188,30.0,130,8,3,0,6.51
685,181066,0.9187,170.0,270,16,3,0,6.52
686,181322,0.9185,120.0,220,12,3,0,6.53
687,181578,0.9184,-20.0,130,8,2,0,6.54
688,181834,0.9183,50.0,200,10,2,0,6.55
689,182090,0.9182,130.0,230,12,3,0,6.56
690,182346,0.9181,200.0,300,15,3,0,6.57
691,182602,0.9179,70.0,170,9,3,0,6.58
692,182858,0.9178,80.0,180,11,3,0,6.59
693,183114,0.9177,40.0,140,7,3,0,6.6
694,183370,0.9176,20.0,120,8,3,0,6.61
695,183626,0.9175,60.0,160,8,3,0,6.62
696,183882,0.9173,10.0,110,6,3,0,6.63
697,184138,0.9172,70.0,170,10,3,0,6.64
698,184474,0.9171,170.0,270,13,3,0,6.65
699,184730,0.917,10.0,110,7,3,0,6.66
700,184986,0.9169,0.0,150,9,2,0,6.67
701,185242,0.9168,40.0,190,11,2,0,6.68
702,185498,0.9166,50.0,150,9,3,0,6.69
703,185762,0.9165,80.0,180,10,3,0,6.7
704,186018,0.9164,110.0,210,12,3,0,6.71
705,186274,0.9163,30.0,180,11,2,0,6.72
706,186554,0.9162,80.0,180,11,3,0,6.73
707,186810,0.916,50.0,150,9,3,0,6.74
708,187066,0.9159,-50.0,50,4,3,0,6.75
709,187322,0.9158,160.0,260,13,3,0,6.76
710,187618,0.9157,120.0,270,14,2,0,6.77
711,187874,0.9156,100.0,200,11,3,0,6.79
712,188194,0.9154,120.0,220,12,3,0,6.8
713,188450,0.9153,70.0,170,10,3,0,6.81
714,188706,0.9152,40.0,190,10,2,0,6.82
715,188986,0.9151,130.0,230,13,3,0,6.83
716,189242,0.915,40.0,140,9,3,0,6.84
717,189498,0.9149,100.0,200,11,3,0,6.85
718,189754,0.9147,50.0,150,8,3,0,6.86
719,190010,0.9146,60.0,210,12,2,0,6.87
720,190266,0.9145,30.0,180,11,2,0,6.88
721,190522,0.9144,110.0,210,12,3,0,6.89
722,190778,0.9143,90.0,190,9,3,0,6.9
723,191034,0.9141,40.0,140,9,3,0,6.91
724,191290,0.914,90.0,190,11,3,0,6.92
725,191546,0.9139,50.0,150,8,3,0,6.93
726,191802,0.9138,70.0,170,9,3,0,6.94
727,192058,0.9137,80.0,180,10,3,0,6.95
728,192314,0.9135,70.0,170,9,3,0,6.96
729,192570,0.9134,60.0,160,8,3,0,6.97
730,192850,0.9133,40.0,140,9,3,0,6.98
731,193106,0.9132,-10.0,140,8,2,0,7.0
732,193362,0.9131,80.0,180,10,3,0,7.01
733,193618,0.913,110.0,210,12,3,0,7.02
734,193874,0.9128,-70.0,130,8,1,0,7.03
735,194130,0.9127,130.0,230,14,3,0,7.04
736,194434,0.9126,140.0,240,13,3,0,7.05
737,194690,0.9125,100.0,200,13,3,0,7.06
738,194962,0.9124,40.0,240,12,1,0,7.07
739,195218,0.9122,60.0,160,10,3,0,7.08
740,195474,0.9121,80.0,180,12,3,0,7.09
741,195730,0.912,-10.0,140,8,2,0,7.1
742,195986,0.9119,70.0,220,12,2,0,7.11
743,196242,0.9118,120.0,220,12,3,0,7.12
744,196498,0.9116,80.0,180,10,3,0,7.14
745,196802,0.9115,160.0,260,14,3,0,7.15
746,197058,0.9114,50.0,150,10,3,0,7.16
747,197314,0.9113,-20.0,130,9,2,0,7.17
748,197570,0.9112,20.0,120,8,3,0,7.18
749,197826,0.9111,220.0,320,16,3,0,7.19
750,198082,0.9109,30.0,130,8,3,0,7.2
751,198338,0.9108,10.0,110,7,3,0,7.21
752,198594,0.9107,110.0,210,12,3,0,7.22
753,198850,0.9106,50.0,150,8,3,0,7.23
754,199106,0.9105,80.0,230,12,2,0,7.24
755,199362,0.9103,90.0,190,10,3,0,7.25
756,199618,0.9102,-10.0,140,8,2,0,7.26
757,199874,0.9101,-20.0,130,9,2,0,7.27
758,200130,0.91,-10.0,140,9,2,0,7.28
759,200386,0.9099,90.0,190,11,3,0,7.29
760,200642,0.9098,50.0,150,9,3,0,7.3
761,200898,0.9096,110.0,210,12,3,0,7.31
762,201154,0.9095,80.0,180,10,3,0,7.32
763,201410,0.9094,200.0,300,15,3,0,7.33
764,201666,0.9093,60.0,160,9,3,0,7.33
765,201922,0.9092,30.0,130,9,3,0,7.34
766,202178,0.909,60.0,160,9,3,0,7.35
767,202434,0.9089,90.0,190,11,3,0,7.36
768,202690,0.9088,100.0,200,12,3,0,7.37
769,202946,0.9087,90.0,190,10,3,0,7.38
770,203202,0.9086,-40.0,110,8,2,0,7.39
771,203458,0.9084,50.0,150,8,3,0,7.4
772,203714,0.9083,90.0,190,11,3,0,7.41
773,204034,0.9082,10.0,210,11,1,0,7.42
774,204290,0.9081,50.0,200,12,2,0,7.43
775,204546,0.908,50.0,150,8,3,0,7.44
776,204802,0.9079,0.0,150,9,2,0,7.45
777,205058,0.9077,90.0,190,12,3,0,7.45
778,205314,0.9076,140.0,240,14,3,0,7.46
779,205570,0.9075,20.0,170,10,2,0,7.47
780,205826,0.9074,120.0,220,11,3,0,7.48
781,206098,0.9073,120.0,270,14,2,0,7.49
782,206354,0.9071,100.0,200,11,3,0,7.5
783,206610,0.907,70.0,170,10,3,0,7.51
784,206866,0.9069,80.0,230,13,2,0,7.52
785,207154,0.9068,70.0,220,12,2,0,7.53
786,207410,0.9067,140.0,240,12,3,0,7.54
787,207666,0.9065,80.0,180,10,3,0,7.55
788,207922,0.9064,10.0,160,10,2,0,7.56
789,208178,0.9063,130.0,280,14,2,0,7.57
790,208466,0.9062,120.0,270,14,2,0,7.58
791,208722,0.9061,70.0,170,9,3,0,7.58
792,208978,0.906,60.0,160,8,3,0,7.59
793,209234,0.9058,60.0,160,9,3,0,7.6
794,209490,0.9057,110.0,210,11,3,0,7.61
795,209746,0.9056,30.0,180,10,2,0,7.62
796,210034,0.9055,90.0,190,11,3,0,7.63
797,210290,0.9054,60.0,160,9,3,0,7.64
798,210546,0.9052,60.0,160,8,3,0,7.65
799,210802,0.9051,150.0,250,12,3,0,7.66
800,211058,0.905,140.0,240,14,3,0,7.67
801,211330,0.9049,90.0,190,9,3,0,7.68
802,211602,0.9048,160.0,260,14,3,0,7.69
803,211898,0.9046,100.0,200,11,3,0,7.7
804,212154,0.9045,20.0,120,6,3,0,7.71
805,212410,0.9044,20.0,170,10,2,0,7.72
806,212666,0.9043,170.0,270,14,3,0,7.73
807,212938,0.9042,180.0,280,15,3,0,7.74
808,213194,0.9041,-10.0,140,9,2,0,7.76
809,213450,0.9039,60.0,160,9,3,0,7.76
810,213722,0.9038,90.0,190,10,3,0,7.77
811,213978,0.9037,70.0,220,12,2,0,7.78
812,214234,0.9036,90.0,190,10,3,0,7.79
813,214490,0.9035,10.0,160,10,2,0,7.8
814,214746,0.9033,160.0,260,15,3,0,7.81
815,215002,0.9032,130.0,280,15,2,0,7.82
816,215258,0.9031,50.0,150,9,3,0,7.83
817,215514,0.903,10.0,160,9,2,0,7.84
818,215770,0.9029,100.0,200,11,3,0,7.85
819,216026,0.9027,-30.0,120,8,2,0,7.86
820,216322,0.9026,70.0,170,10,3,0,7.87
821,216578,0.9025,60.0,160,9,3,0,7.89
822,216834,0.9024,60.0,210,11,2,0,7.9
823,217090,0.9023,200.0,300,16,3,0,7.91
824,217346,0.9022,-70.0,130,9,1,0,7.91
825,217602,0.902,70.0,170,9,3,0,7.92
826,217858,0.9019,50.0,150,8,3,0,7.93
827,218114,0.9018,60.0,160,9,3,0,7.94
828,218370,0.9017,-10.0,90,6,3,0,7.95
829,218626,0.9016,120.0,220,11,3,0,7.96
830,218882,0.9014,90.0,190,12,3,0,7.97
831,219138,0.9013,-10.0,90,6,3,0,7.98
832,219426,0.9012,70.0,220,12,2,0,7.99
833,219682,0.9011,100.0,200,12,3,0,8.0
834,219938,0.901,50.0,150,9,3,0,8.01
835,220194,0.9008,120.0,270,13,2,0,8.02
836,220514,0.9007,50.0,150,8,3,0,8.03
837,220770,0.9006,90.0,190,11,3,0,8.04
838,221090,0.9005,90.0,190,10,3,0,8.06
839,221346,0.9004,20.0,120,9,3,0,8.07
840,221610,0.9002,140.0,240,13,3,0,8.08
841,221866,0.9001,50.0,150,8,3,0,8.09
842,222122,0.9,-30.0,120,6,2,0,8.1
843,222378,0.8999,60.0,160,9,3,0,8.11
844,222674,0.8998,30.0,130,8,3,0,8.12
845,222930,0.8997,20.0,120,8,3,0,8.13
846,223186,0.8995,80.0,180,11,3,0,8.14
847,223442,0.8994,-30.0,120,7,2,0,8.15
848,223698,0.8993,40.0,140,7,3,0,8.16
849,223954,0.8992,60.0,160,9,3,0,8.18
850,224210,0.8991,120.0,220,11,3,0,8.19
851,224506,0.8989,70.0,220,11,2,0,8.2
852,224762,0.8988,10.0,110,7,3,0,8.21
853,225018,0.8987,100.0,200,11,3,0,8.22
854,225274,0.8986,-40.0,110,7,2,0,8.23
855,225578,0.8985,100.0,200,11,3,0,8.24
856,225834,0.8983,90.0,190,11,3,0,8.25
857,226089,0.8982,-120.0,130,7,0,0,8.26
858,226345,0.8981,80.0,180,11,3,0,8.27
859,226633,0.898,80.0,230,13,2,0,8.29
860,226889,0.8979,20.0,120,6,3,0,8.3
861,227145,0.8978,50.0,150,10,3,0,8.31
862,227401,0.8976,90.0,190,11,3,0,8.32
863,227657,0.8975,80.0,180,9,3,0,8.33
864,227913,0.8974,30.0,130,8,3,0,8.34
865,228169,0.8973,80.0,180,9,3,0,8.35
866,228425,0.8972,100.0,200,12,3,0,8.36
867,228681,0.897,80.0,180,11,3,0,8.37
868,228953,0.8969,60.0,160,9,3,0,8.38
869,229209,0.8968,100.0,200,10,3,0,8.39
870,229465,0.8967,120.0,220,11,3,0,8.4
871,229721,0.8966,80.0,180,9,3,0,8.41
872,229977,0.8964,20.0,170,10,2,0,8.42
873,230265,0.8963,150.0,250,14,3,0,8.43
874,230521,0.8962,30.0,180,8,2,0,8.44
875,230777,0.8961,60.0,160,10,3,0,8.45
876,231033,0.896,30.0,130,7,3,0,8.46
877,231289,0.8959,30.0,130,7,3,0,8.47
878,231545,0.8957,100.0,200,10,3,0,8.48
879,231801,0.8956,100.0,200,11,3,0,8.49
880,232057,0.8955,130.0,280,15,2,0,8.5
881,232321,0.8954,120.0,220,12,3,0,8.51
882,232577,0.8953,40.0,140,10,3,0,8.52
883,232833,0.8951,130.0,230,12,3,0,8.53
884,233089,0.895,120.0,220,12,3,0,8.54
885,233345,0.8949,180.0,280,15,3,0,8.55
886,233601,0.8948,-10.0,90,7,3,0,8.56
887,233857,0.8947,-50.0,100,6,2,0,8.57
888,234113,0.8945,80.0,180,10,3,0,8.58
889,234377,0.8944,80.0,180,12,3,0,8.59
890,234729,0.8943,210.0,310,17,3,0,8.6
891,234985,0.8942,0.0,100,6,3,0,8.62
892,235241,0.8941,110.0,210,12,3,0,8.63
893,235497,0.894,0.0,100,6,3,0,8.64
894,235753,0.8938,30.0,130,8,3,0,8.65
895,236105,0.8937,120.0,270,15,2,0,8.66
896,236361,0.8936,170.0,270,13,3,0,8.67
897,236673,0.8935,210.0,310,17,3,0,8.68
898,236929,0.8934,120.0,220,13,3,0,8.69
899,237185,0.8932,40.0,140,8,3,0,8.7
900,237465,0.8931,40.0,140,8,3,0,8.71
901,237753,0.893,50.0,200,11,2,0,8.73
902,238017,0.8929,100.0,200,11,3,0,8.74
903,238273,0.8928,10.0,210,11,1,0,8.75
904,238529,0.8926,120.0,220,13,3,0,8.76
905,238785,0.8925,20.0,120,7,3,0,8.77
906,239041,0.8924,40.0,190,10,2,0,8.78
907,239345,0.8923,80.0,180,10,3,0,8.79
908,239609,0.8922,80.0,180,9,3,0,8.8
909,239865,0.8921,50.0,150,10,3,0,8.81
910,240121,0.8919,-10.0,90,6,3,0,8.83
911,240393,0.8918,-30.0,70,4,3,0,8.84
912,240689,0.8917,60.0,210,12,2,0,8.85
913,240945,0.8916,30.0,180,12,2,0,8.86
914,241217,0.8915,40.0,190,11,2,0,8.87
915,241473,0.8913,70.0,170,9,3,0,8.88
916,241769,0.8912,10.0,110,7,3,0,8.89
917,242025,0.8911,60.0,160,10,3,0,8.9
918,242281,0.891,100.0,200,10,3,0,8.91
919,242537,0.8909,110.0,210,12,3,0,8.92
920,242793,0.8908,70.0,170,9,3,0,8.93
921,243153,0.8906,180.0,280,14,3,0,8.95
922,243409,0.8905,-10.0,90,5,3,0,8.95
923,243713,0.8904,70.0,220,11,2,0,8.97
924,243969,0.8903,50.0,150,9,3,0,8.98
925,244225,0.8902,60.0,160,10,3,0,8.99
926,244481,0.89,100.0,200,11,3,0,9.0
927,244737,0.8899,80.0,180,10,3,0,9.01
928,244993,0.8898,80.0,230,12,2,0,9.02
929,245249,0.8897,70.0,170,11,3,0,9.03
930,245505,0.8896,10.0,160,9,2,0,9.04
931,245761,0.8894,100.0,200,11,3,0,9.05
932,246017,0.8893,-10.0,140,8,2,0,9.06
933,246273,0.8892,50.0,150,10,3,0,9.07
934,246529,0.8891,-10.0,140,8,2,0,9.08
935,246801,0.889,10.0,110,7,3,0,9.09
936,247057,0.8889,10.0,110,7,3,0,9.1
937,247345,0.8887,140.0,240,12,3,0,9.11
938,247601,0.8886,20.0,170,10,2,0,9.12
939,247857,0.8885,50.0,150,7,3,0,9.13
940,248113,0.8884,-20.0,130,8,2,0,9.13
941,248369,0.8883,-20.0,80,5,3,0,9.14
942,248625,0.8881,110.0,210,12,3,0,9.15
943,249009,0.888,320.0,420,22,3,0,9.17
944,249265,0.8879,110.0,210,10,3,0,9.18
945,249521,0.8878,40.0,140,9,3,0,9.18
946,249777,0.8877,120.0,220,13,3,0,9.19
947,250033,0.8875,10.0,210,11,1,0,9.2
948,250289,0.8874,40.0,190,12,2,0,9.21
949,250545,0.8873,60.0,160,8,3,0,9.22
950,250801,0.8872,40.0,140,8,3,0,9.23
951,251057,0.8871,140.0,240,14,3,0,9.24
952,251329,0.887,110.0,210,11,3,0,9.25
953,251585,0.8868,100.0,200,11,3,0,9.26
954,251841,0.8867,150.0,250,14,3,0,9.27
955,252097,0.8866,10.0,210,12,1,0,9.28
956,252377,0.8865,70.0,220,11,2,0,9.29
957,252633,0.8864,50.0,200,13,2,0,9.29
958,252889,0.8862,50.0,150,8,3,0,9.3
959,253145,0.8861,70.0,170,10,3,0,9.31
960,253401,0.886,20.0,170,8,2,0,9.32
961,253673,0.8859,70.0,170,10,3,0,9.33
962,253929,0.8858,40.0,140,9,3,0,9.34
963,254185,0.8856,110.0,210,12,3,0,9.35
964,254481,0.8855,90.0,190,11,3,0,9.36
965,254737,0.8854,90.0,190,9,3,0,9.37
966,255009,0.8853,130.0,230,11,3,0,9.38
967,255265,0.8852,70.0,170,10,3,0,9.39
968,255553,0.8851,200.0,300,16,3,0,9.4
969,255809,0.8849,30.0,180,10,2,0,9.41
970,256065,0.8848,80.0,180,11,3,0,9.42
971,256321,0.8847,110.0,210,12,3,0,9.43
972,256577,0.8846,140.0,240,13,3,0,9.44
973,256833,0.8845,90.0,190,10,3,0,9.44
974,257089,0.8843,80.0,180,11,3,0,9.45
975,257369,0.8842,140.0,240,12,3,0,9.46
976,257665,0.8841,170.0,270,14,3,0,9.47
977,257961,0.884,140.0,240,14,3,0,9.48
978,258217,0.8839,20.0,120,9,3,0,9.49
979,258481,0.8837,170.0,270,14,3,0,9.5
980,258785,0.8836,80.0,180,9,3,0,9.51
981,259041,0.8835,70.0,170,10,3,0,9.52
982,259297,0.8834,170.0,270,14,3,0,9.53
983,259553,0.8833,100.0,200,11,3,0,9.54
984,259809,0.8831,60.0,160,9,3,0,9.55
985,260065,0.883,110.0,210,12,3,0,9.56
986,260361,0.8829,180.0,330,18,2,0,9.57
987,260617,0.8828,80.0,230,12,2,0,9.58
988,260905,0.8827,100.0,200,12,3,0,9.59
989,261193,0.8826,110.0,210,11,3,0,9.6
990,261449,0.8824,-10.0,140,7,2,0,9.61
991,261705,0.8823,110.0,210,10,3,0,9.62
992,262065,0.8822,280.0,380,20,3,0,9.63
993,262361,0.8821,90.0,240,12,2,0,9.64
994,262617,0.882,90.0,190,11,3,0,9.65
995,262873,0.8818,110.0,210,12,3,0,9.66
996,263129,0.8817,-60.0,90,6,2,0,9.67
997,263385,0.8816,150.0,250,13,3,0,9.68
998,263641,0.8815,10.0,110,7,3,0,9.68
999,263897,0.8814,-30.0,120,8,2,0,9.69
1000,264153,0.8812,130.0,230,12,3,0,9.7
1001,264409,0.8811,30.0,230,12,1,0,9.71
1002,264665,0.881,40.0,190,10,2,0,9.72
1003,264921,0.8809,110.0,210,12,3,0,9.73
1004,265177,0.8808,30.0,180,11,2,0,9.74
1005,265433,0.8807,100.0,200,11,3,0,9.75
1006,265689,0.8805,80.0,180,10,3,0,9.76
1007,265945,0.8804,50.0,150,10,3,0,9.77
1008,266201,0.8803,80.0,230,13,2,0,9.78
1009,266505,0.8802,130.0,280,15,2,0,9.79
1010,266761,0.8801,60.0,160,10,3,0,9.81
1011,267017,0.8799,-50.0,100,7,2,0,9.82
1012,267273,0.8798,100.0,200,11,3,0,9.83
1013,267529,0.8797,80.0,180,10,3,0,9.84
1014,267785,0.8796,-40.0,60,4,3,0,9.84
1015,268041,0.8795,70.0,170,9,3,0,9.85
1016,268305,0.8793,40.0,140,10,3,0,9.86
1017,268561,0.8792,120.0,220,10,3,0,9.87
1018,268849,0.8791,60.0,210,11,2,0,9.88
1019,269105,0.879,130.0,230,11,3,0,9.89
1020,269361,0.8789,40.0,140,9,3,0,9.9
1021,269617,0.8788,60.0,160,9,3,0,9.91
1022,269873,0.8786,40.0,140,9,3,0,9.92
1023,270153,0.8785,150.0,250,14,3,0,9.94
1024,270409,0.8784,50.0,150,9,3,0,9.95
1025,270665,0.8783,60.0,160,9,3,0,9.96
1026,270953,0.8782,110.0,210,11,3,0,9.97
1027,271225,0.878,110.0,210,12,3,0,9.98
1028,271481,0.8779,110.0,210,11,3,0,9.99
1029,271737,0.8778,50.0,150,9,3,0,10.0
1030,272025,0.8777,90.0,190,10,3,0,10.01
1031,272281,0.8776,-40.0,110,6,2,0,10.02
1032,272689,0.8775,290.0,390,21,3,0,10.03
1033,272945,0.8773,60.0,160,9,3,0,10.04
1034,273201,0.8772,60.0,160,11,3,0,10.05
1035,273481,0.8771,180.0,280,17,3,0,10.06
1036,273737,0.877,110.0,210,12,3,0,10.07
1037,273993,0.8769,30.0,130,9,3,0,10.09
1038,274249,0.8767,20.0,170,9,2,0,10.1
1039,274505,0.8766,100.0,250,14,2,0,10.11
1040,274761,0.8765,110.0,210,11,3,0,10.12
1041,275017,0.8764,-20.0,130,7,2,0,10.13
1042,275273,0.8763,130.0,280,14,2,0,10.14
1043,275529,0.8761,50.0,200,11,2,0,10.14
1044,275785,0.876,100.0,200,11,3,0,10.15
1045,276097,0.8759,90.0,190,10,3,0,10.16
1046,276353,0.8758,80.0,180,11,3,0,10.17
1047,276609,0.8757,50.0,150,9,3,0,10.18
1048,276865,0.8756,30.0,180,10,2,0,10.2
1049,277121,0.8754,100.0,200,11,3,0,10.21
1050,277377,0.8753,130.0,230,13,3,0,10.22
1051,277633,0.8752,90.0,190,11,3,0,10.23
1052,277889,0.8751,60.0,160,9,3,0,10.23
1053,278145,0.875,50.0,150,8,3,0,10.24
1054,278425,0.8748,90.0,190,13,3,0,10.25
1055,278681,0.8747,0.0,100,6,3,0,10.26
1056,278937,0.8746,120.0,220,12,3,0,10.27
1057,279193,0.8745,-20.0,80,6,3,0,10.28
1058,279449,0.8744,70.0,170,10,3,0,10.29
1059,279705,0.8742,50.0,150,9,3,0,10.3
1060,279985,0.8741,70.0,220,13,2,0,10.32
1061,280241,0.874,90.0,190,10,3,0,10.33
1062,280497,0.8739,90.0,190,10,3,0,10.34
1063,280793,0.8738,190.0,290,15,3,0,10.35
1064,281113,0.8737,200.0,300,15,3,0,10.36
1065,281377,0.8735,150.0,250,13,3,0,10.37
1066,281633,0.8734,50.0,150,9,3,0,10.38
1067,281889,0.8733,120.0,220,12,3,0,10.39
1068,282193,0.8732,150.0,250,14,3,0,10.4
1069,282449,0.8731,60.0,160,11,3,0,10.41
1070,282705,0.8729,70.0,170,12,3,0,10.42
1071,282961,0.8728,140.0,290,16,2,0,10.43
1072,283217,0.8727,20.0,170,10,2,0,10.44
1073,283473,0.8726,30.0,130,7,3,0,10.45
1074,283729,0.8725,20.0,170,10,2,0,10.46
1075,283985,0.8723,90.0,240,13,2,0,10.47
1076,284313,0.8722,210.0,310,16,3,0,10.49
1077,284577,0.8721,80.0,280,14,1,0,10.5
1078,284873,0.872,240.0,340,17,3,0,10.51
1079,285209,0.8719,210.0,310,16,3,0,10.52
1080,285465,0.8718,110.0,210,12,3,0,10.53
1081,285721,0.8716,-50.0,100,7,2,0,10.54
1082,285977,0.8715,60.0,160,10,3,0,10.55
1083,286233,0.8714,90.0,190,12,3,0,10.56
1084,286545,0.8713,100.0,200,11,3,0,10.57
1085,286801,0.8712,80.0,180,11,3,0,10.58
1086,287057,0.871,30.0,180,10,2,0,10.59
1087,287353,0.8709,20.0,120,7,3,0,10.6
1088,287609,0.8708,140.0,240,13,3,0,10.61
1089,287897,0.8707,80.0,230,13,2,0,10.63
1090,288169,0.8706,200.0,300,15,3,0,10.64
1091,288441,0.8704,140.0,240,12,3,0,10.65
1092,288697,0.8703,110.0,210,12,3,0,10.66
1093,288953,0.8702,80.0,180,10,3,0,10.67
1094,289209,0.8701,180.0,280,15,3,0,10.67
1095,289465,0.87,80.0,180,10,3,0,10.68
1096,289721,0.8699,180.0,280,14,3,0,10.69
1097,290009,0.8697,220.0,320,17,3,0,10.7
1098,290313,0.8696,50.0,150,8,3,0,10.72
1099,290569,0.8695,40.0,140,7,3,0,10.73
1100,290849,0.8694,20.0,170,10,2,0,10.74
1101,291105,0.8693,-20.0,80,5,3,0,10.75
1102,291409,0.8691,120.0,220,12,3,0,10.76
1103,291665,0.869,-10.0,140,9,2,0,10.77
1104,291945,0.8689,60.0,160,9,3,0,10.78
1105,292201,0.8688,210.0,310,17,3,0,10.79
1106,292481,0.8687,150.0,250,15,3,0,10.8
1107,292793,0.8685,90.0,190,11,3,0,10.81
1108,293081,0.8684,100.0,200,11,3,0,10.82
1109,293337,0.8683,-90.0,60,5,2,0,10.83
1110,293625,0.8682,80.0,180,10,3,0,10.84
1111,293881,0.8681,20.0,170,10,2,0,10.86
1112,294137,0.8679,50.0,150,9,3,0,10.87
1113,294393,0.8678,-10.0,90,7,3,0,10.88
1114,294649,0.8677,100.0,250,14,2,0,10.89
1115,294929,0.8676,80.0,180,10,3,0,10.9
1116,295185,0.8675,10.0,110,7,3,0,10.91
1117,295441,0.8674,40.0,140,9,3,0,10.91
1118,295697,0.8672,30.0,130,8,3,0,10.92
1119,295953,0.8671,-10.0,90,6,3,0,10.93
1120,296209,0.867,-60.0,90,6,2,0,10.94
1121,296465,0.8669,80.0,180,9,3,0,10.95
1122,296721,0.8668,160.0,260,14,3,0,10.96
1123,297025,0.8666,100.0,200,11,3,0,10.98
1124,297281,0.8665,130.0,280,15,2,0,10.99
1125,297537,0.8664,-30.0,120,8,2,0,11.0
1126,297809,0.8663,50.0,200,11,2,0,11.01
1127,298113,0.8662,90.0,190,10,3,0,11.02
1128,298369,0.866,50.0,150,9,3,0,11.02
1129,298641,0.8659,70.0,170,10,3,0,11.03
1130,298945,0.8658,170.0,270,15,3,0,11.05
1131,299201,0.8657,100.0,200,10,3,0,11.05
1132,299457,0.8656,70.0,170,10,3,0,11.06
1133,299713,0.8655,60.0,210,13,2,0,11.07
1134,299969,0.8653,80.0,180,11,3,0,11.08
1135,300297,0.8652,220.0,320,16,3,0,11.09
1136,300553,0.8651,90.0,190,10,3,0,11.1
1137,300809,0.865,-100.0,100,7,1,0,11.11
1138,301065,0.8649,30.0,180,11,2,0,11.12
1139,301321,0.8647,140.0,240,14,3,0,11.13
1140,301577,0.8646,140.0,240,13,3,0,11.14
1141,301881,0.8645,150.0,250,13,3,0,11.15
1142,302161,0.8644,110.0,210,11,3,0,11.16
1143,302417,0.8643,60.0,160,10,3,0,11.17
1144,302673,0.8641,0.0,200,12,1,0,11.18
1145,302929,0.864,90.0,190,12,3,0,11.19
1146,303185,0.8639,100.0,200,10,3,0,11.19
1147,303441,0.8638,-20.0,80,7,3,0,11.2
1148,303697,0.8637,70.0,170,11,3,0,11.21
1149,303953,0.8636,90.0,190,11,3,0,11.22
1150,304209,0.8634,0.0,150,8,2,0,11.23
1151,304473,0.8633,50.0,150,9,3,0,11.24
1152,304729,0.8632,-10.0,140,8,2,0,11.25
1153,304985,0.8631,50.0,200,11,2,0,11.26
1154,305241,0.863,0.0,100,6,3,0,11.27
1155,305497,0.8628,80.0,180,10,3,0,11.28
1156,305761,0.8627,-10.0,140,9,2,0,11.29
1157,306017,0.8626,0.0,100,6,3,0,11.3
1158,306273,0.8625,80.0,180,10,3,0,11.3
1159,306529,0.8624,220.0,320,16,3,0,11.31
1160,306785,0.8622,100.0,200,11,3,0,11.32
1161,307041,0.8621,130.0,230,13,3,0,11.33
1162,307297,0.862,20.0,220,14,1,0,11.34
1163,307553,0.8619,190.0,340,18,2,0,11.35
1164,307817,0.8618,40.0,140,9,3,0,11.36
1165,308073,0.8617,40.0,140,8,3,0,11.37
1166,308345,0.8615,130.0,230,12,3,0,11.38
1167,308601,0.8614,30.0,130,8,3,0,11.39
1168,308857,0.8613,120.0,220,12,3,0,11.39
1169,309113,0.8612,100.0,200,11,3,0,11.4
1170,309369,0.8611,110.0,210,11,3,0,11.41
1171,309657,0.8609,30.0,130,7,3,0,11.42
1172,309913,0.8608,50.0,150,10,3,0,11.43
1173,310169,0.8607,70.0,170,9,3,0,11.44
1174,310425,0.8606,10.0,160,10,2,0,11.45
1175,310681,0.8605,-10.0,90,6,3,0,11.46
1176,310937,0.8603,190.0,290,16,3,0,11.47
1177,311217,0.8602,70.0,170,12,3,0,11.48
1178,311473,0.8601,-90.0,60,5,2,0,11.49
1179,311737,0.86,40.0,140,9,3,0,11.5
1180,311993,0.8599,130.0,230,12,3,0,11.51
1181,312249,0.8598,-10.0,140,8,2,0,11.51
1182,312505,0.8596,0.0,150,9,2,0,11.52
1183,312761,0.8595,90.0,190,11,3,0,11.53
1184,313017,0.8594,60.0,160,11,3,0,11.54
1185,313273,0.8593,-10.0,90,5,3,0,11.55
1186,313529,0.8592,90.0,190,11,3,0,11.56
1187,313785,0.859,-70.0,80,5,2,0,11.57
1188,314041,0.8589,30.0,180,10,2,0,11.58
1189,314297,0.8588,120.0,220,12,3,0,11.59
1190,314553,0.8587,40.0,140,10,3,0,11.6
1191,314809,0.8586,60.0,160,9,3,0,11.61
1192,315065,0.8585,80.0,180,11,3,0,11.62
1193,315321,0.8583,120.0,220,13,3,0,11.63
1194,315577,0.8582,90.0,190,10,3,0,11.64
1195,315833,0.8581,50.0,150,10,3,0,11.65
1196,316089,0.858,160.0,260,13,3,0,11.66
1197,316377,0.8579,190.0,290,16,3,0,11.67
1198,316633,0.8577,140.0,240,12,3,0,11.68
1199,316889,0.8576,10.0,160,8,2,0,11.69
1200,317161,0.8575,110.0,210,12,3,0,11.7
1201,317417,0.8574,50.0,150,9,3,0,11.71
1202,317681,0.8573,70.0,220,13,2,0,11.72
1203,317937,0.8571,40.0,140,9,3,0,11.73
1204,318193,0.857,80.0,230,12,2,0,11.74
1205,318449,0.8569,10.0,110,6,3,0,11.75
1206,318705,0.8568,120.0,270,13,2,0,11.76
1207,318961,0.8567,110.0,260,12,2,0,11.77
1208,319217,0.8566,20.0,120,6,3,0,11.78
1209,319473,0.8564,200.0,300,15,3,0,11.79
1210,319729,0.8563,110.0,260,14,2,0,11.81
1211,320001,0.8562,120.0,220,13,3,0,11.81
1212,320257,0.8561,120.0,220,11,3,0,11.82
1213,320513,0.856,160.0,260,13,3,0,11.83
1214,320769,0.8558,10.0,110,7,3,0,11.84
1215,321025,0.8557,60.0,160,9,3,0,11.85
1216,321281,0.8556,160.0,260,13,3,0,11.86
1217,321537,0.8555,70.0,170,10,3,0,11.87
1218,321793,0.8554,50.0,150,9,3,0,11.88
1219,322049,0.8552,50.0,150,11,3,0,11.89
1220,322305,0.8551,120.0,220,12,3,0,11.9
1221,322561,0.855,40.0,140,9,3,0,11.91
1222,322817,0.8549,90.0,240,14,2,0,11.92
1223,323073,0.8548,170.0,320,17,2,0,11.93
1224,323337,0.8547,20.0,120,7,3,0,11.95
1225,323593,0.8545,140.0,240,14,3,0,11.95
1226,323849,0.8544,-120.0,80,6,1,0,11.96
1227,324105,0.8543,-10.0,90,6,3,0,11.97
1228,324361,0.8542,20.0,120,8,3,0,11.98
1229,324617,0.8541,80.0,180,11,3,0,11.99
1230,324873,0.8539,20.0,120,7,3,0,12.0
1231,325129,0.8538,70.0,170,10,3,0,12.01
1232,325385,0.8537,90.0,190,11,3,0,12.02
1233,325713,0.8536,150.0,300,17,2,0,12.04
1234,325969,0.8535,30.0,130,8,3,0,12.05
1235,326225,0.8533,90.0,240,13,2,0,12.05
1236,326481,0.8532,50.0,200,12,2,0,12.06
1237,326737,0.8531,50.0,150,9,3,0,12.07
1238,327001,0.853,160.0,260,13,3,0,12.08
1239,327257,0.8529,-10.0,90,6,3,0,12.09
1240,327529,0.8528,50.0,200,10,2,0,12.1
1241,327809,0.8526,70.0,170,12,3,0,12.11
1242,328065,0.8525,-10.0,140,9,2,0,12.12
1243,328321,0.8524,50.0,150,8,3,0,12.13
1244,328577,0.8523,-30.0,120,7,2,0,12.14
1245,328833,0.8522,40.0,190,10,2,0,12.15
1246,329089,0.852,-30.0,70,4,3,0,12.17
1247,329345,0.8519,100.0,200,13,3,0,12.18
1248,329601,0.8518,50.0,150,9,3,0,12.19
1249,329857,0.8517,-20.0,80,5,3,0,12.2
1250,330113,0.8516,70.0,170,10,3,0,12.2
1251,330369,0.8514,80.0,180,11,3,0,12.21
1252,330665,0.8513,160.0,260,13,3,0,12.22
1253,330921,0.8512,40.0,190,10,2,0,12.23
1254,331177,0.8511,140.0,240,12,3,0,12.24
1255,331433,0.851,10.0,110,6,3,0,12.25
1256,331705,0.8508,140.0,240,13,3,0,12.27
1257,332049,0.8507,120.0,270,16,2,0,12.28
1258,332305,0.8506,110.0,210,12,3,0,12.29
1259,332561,0.8505,50.0,200,11,2,0,12.3
1260,332817,0.8504,50.0,150,9,3,0,12.31
1261,333073,0.8503,40.0,140,9,3,0,12.32
1262,333369,0.8501,160.0,260,15,3,0,12.33
1263,333625,0.85,60.0,210,12,2,0,12.34
1264,333889,0.8499,0.0,150,10,2,0,12.35
1265,334145,0.8498,-20.0,130,8,2,0,12.36
1266,334401,0.8497,70.0,170,10,3,0,12.37
1267,334657,0.8495,40.0,140,9,3,0,12.38
1268,334945,0.8494,110.0,210,11,3,0,12.39
1269,335201,0.8493,90.0,190,10,3,0,12.4
1270,335457,0.8492,10.0,110,6,3,0,12.41
1271,335769,0.8491,140.0,290,15,2,0,12.43
1272,336057,0.8489,70.0,220,13,2,0,12.44
1273,336337,0.8488,30.0,130,7,3,0,12.45
1274,336689,0.8487,220.0,320,16,3,0,12.46
1275,336945,0.8486,-10.0,90,5,3,0,12.47
1276,337201,0.8485,60.0,160,10,3,0,12.48
1277,337505,0.8484,170.0,270,13,3,0,12.49
1278,337785,0.8482,50.0,200,11,2,0,12.5
1279,338081,0.8481,10.0,160,9,2,0,12.51
1280,338337,0.848,110.0,210,11,3,0,12.52
1281,338625,0.8479,60.0,160,10,3,0,12.54
1282,338881,0.8478,120.0,220,10,3,0,12.55
1283,339137,0.8476,60.0,160,8,3,0,12.56
1284,339393,0.8475,-30.0,70,5,3,0,12.57
1285,339649,0.8474,20.0,170,11,2,0,12.58
1286,339905,0.8473,50.0,200,11,2,0,12.59
1287,340161,0.8472,50.0,150,10,3,0,12.59
1288,340417,0.8471,50.0,150,8,3,0,12.6
1289,340673,0.8469,110.0,210,11,3,0,12.61
1290,340929,0.8468,0.0,150,9,2,0,12.62
1291,341185,0.8467,40.0,140,8,3,0,12.63
1292,341441,0.8466,160.0,260,13,3,0,12.64
1293,341697,0.8465,60.0,160,10,3,0,12.65
1294,341953,0.8463,130.0,230,13,3,0,12.66
1295,342209,0.8462,130.0,230,12,3,0,12.68
1296,342465,0.8461,-40.0,110,7,2,0,12.69
1297,342721,0.846,0.0,150,9,2,0,12.7
1298,342977,0.8459,40.0,190,12,2,0,12.71
1299,343233,0.8457,60.0,160,10,3,0,12.72
1300,343497,0.8456,110.0,210,11,3,0,12.73
1301,343785,0.8455,120.0,270,15,2,0,12.74
1302,344129,0.8454,100.0,200,11,3,0,12.75
1303,344385,0.8453,150.0,250,14,3,0,12.76
1304,344705,0.8452,100.0,250,14,2,0,12.77
1305,344977,0.845,60.0,210,12,2,0,12.78
1306,345233,0.8449,100.0,200,10,3,0,12.79
1307,345489,0.8448,120.0,220,13,3,0,12.8
1308,345785,0.8447,30.0,130,8,3,0,12.81
1309,346097,0.8446,20.0,120,8,3,0,12.83
1310,346393,0.8444,170.0,270,14,3,0,12.84
1311,346649,0.8443,110.0,210,12,3,0,12.84
1312,346953,0.8442,140.0,240,13,3,0,12.86
1313,347273,0.8441,10.0,160,9,2,0,12.87
1314,347529,0.844,60.0,160,9,3,0,12.88
1315,347833,0.8438,140.0,240,13,3,0,12.89
1316,348089,0.8437,60.0,210,13,2,0,12.9
1317,348345,0.8436,70.0,220,12,2,0,12.9
1318,348601,0.8435,70.0,170,11,3,0,12.91
1319,348857,0.8434,120.0,220,12,3,0,12.92
1320,349145,0.8433,160.0,260,14,3,0,12.93
1321,349465,0.8431,180.0,280,15,3,0,12.94
1322,349721,0.843,-10.0,140,9,2,0,12.95
1323,349977,0.8429,60.0,160,10,3,0,12.96
1324,350233,0.8428,40.0,140,10,3,0,12.97
1325,350489,0.8427,150.0,250,12,3,0,12.98
1326,350745,0.8425,70.0,170,10,3,0,12.99
1327,351001,0.8424,70.0,170,10,3,0,13.0
1328,351257,0.8423,80.0,280,15,1,0,13.01
1329,351513,0.8422,100.0,200,10,3,0,13.02
1330,351849,0.8421,90.0,190,10,3,0,13.03
1331,352105,0.8419,230.0,330,18,3,0,13.04
1332,352361,0.8418,110.0,210,12,3,0,13.05
1333,352617,0.8417,80.0,180,10,3,0,13.06
1334,352921,0.8416,200.0,300,16,3,0,13.07
1335,353177,0.8415,10.0,110,6,3,0,13.08
1336,353489,0.8414,180.0,280,15,3,0,13.09
1337,353745,0.8412,100.0,200,10,3,0,13.1
1338,354033,0.8411,160.0,260,15,3,0,13.11
1339,354289,0.841,-20.0,130,7,2,0,13.11
1340,354545,0.8409,40.0,140,9,3,0,13.12
1341,354801,0.8408,80.0,180,10,3,0,13.13
1342,355057,0.8406,0.0,100,5,3,0,13.14
1343,355313,0.8405,100.0,250,13,2,0,13.15
1344,355601,0.8404,170.0,270,14,3,0,13.16
1345,355905,0.8403,140.0,240,12,3,0,13.17
1346,356161,0.8402,80.0,180,10,3,0,13.18
1347,356417,0.84,70.0,220,11,2,0,13.19
1348,356673,0.8399,50.0,150,9,3,0,13.2
1349,356929,0.8398,50.0,150,10,3,0,13.21
1350,357225,0.8397,180.0,280,15,3,0,13.22
1351,357481,0.8396,170.0,270,14,3,0,13.23
1352,357753,0.8395,60.0,260,14,1,0,13.24
1353,358009,0.8393,90.0,190,9,3,0,13.25
1354,358305,0.8392,-10.0,90,6,3,0,13.26
1355,358721,0.8391,150.0,300,15,2,0,13.27
1356,358977,0.839,120.0,220,12,3,0,13.28
1357,359265,0.8389,90.0,190,10,3,0,13.29
1358,359617,0.8387,140.0,240,14,3,0,13.3
1359,359873,0.8386,150.0,250,14,3,0,13.31
1360,360129,0.8385,40.0,140,9,3,0,13.32
1361,360385,0.8384,80.0,230,12,2,0,13.33
1362,360641,0.8383,30.0,130,7,3,0,13.34
1363,360897,0.8381,50.0,150,8,3,0,13.35
1364,361161,0.838,10.0,110,7,3,0,13.36
1365,361497,0.8379,140.0,240,12,3,0,13.37
1366,361753,0.8378,10.0,110,7,3,0,13.38
1367,362009,0.8377,140.0,240,13,3,0,13.39
1368,362281,0.8376,80.0,230,13,2,0,13.4
1369,362537,0.8374,40.0,190,12,2,0,13.41
1370,362841,0.8373,80.0,180,11,3,0,13.42
1371,363121,0.8372,-10.0,90,5,3,0,13.43
1372,363377,0.8371,0.0,100,5,3,0,13.44
1373,363641,0.837,90.0,240,13,2,0,13.45
1374,363913,0.8368,150.0,250,14,3,0,13.46
1375,364169,0.8367,40.0,190,9,2,0,13.47
1376,364425,0.8366,0.0,100,7,3,0,13.48
1377,364681,0.8365,0.0,100,6,3,0,13.49
1378,364969,0.8364,210.0,310,15,3,0,13.5
1379,365225,0.8362,40.0,190,10,2,0,13.51
1380,365481,0.8361,140.0,240,14,3,0,13.52
1381,365737,0.836,-20.0,130,8,2,0,13.54
1382,366001,0.8359,-30.0,120,8,2,0,13.55
1383,366257,0.8358,50.0,150,8,3,0,13.56
1384,366513,0.8357,0.0,200,11,1,0,13.57
1385,366769,0.8355,100.0,200,11,3,0,13.58
1386,367025,0.8354,0.0,100,6,3,0,13.59
1387,367281,0.8353,20.0,120,7,3,0,13.6
1388,367537,0.8352,70.0,170,9,3,0,13.61
1389,367793,0.8351,10.0,110,7,3,0,13.62
1390,368049,0.8349,60.0,160,9,3,0,13.63
1391,368305,0.8348,10.0,160,10,2,0,13.64
1392,368561,0.8347,-60.0,90,5,2,0,13.65
1393,368817,0.8346,-10.0,140,9,2,0,13.66
1394,369073,0.8345,70.0,220,12,2,0,13.67
1395,369329,0.8343,60.0,210,11,2,0,13.68
1396,369585,0.8342,100.0,200,12,3,0,13.69
1397,369841,0.8341,90.0,190,12,3,0,13.71
1398,370097,0.834,100.0,250,13,2,0,13.72
1399,370353,0.8339,80.0,180,10,3,0,13.73
1400,370609,0.8337,80.0,180,10,3,0,13.74
1401,370873,0.8336,110.0,210,12,3,0,13.75
1402,371129,0.8335,-70.0,80,5,2,0,13.76
1403,371385,0.8334,50.0,150,8,3,0,13.77
1404,371641,0.8333,90.0,190,12,3,0,13.78
1405,371897,0.8332,70.0,170,10,3,0,13.79
1406,372153,0.833,60.0,210,12,2,0,13.8
1407,372457,0.8329,180.0,280,15,3,0,13.81
1408,372737,0.8328,40.0,190,10,2,0,13.83
1409,373041,0.8327,140.0,240,13,3,0,13.84
1410,373297,0.8326,30.0,130,7,3,0,13.85
1411,373593,0.8324,190.0,290,15,3,0,13.86
1412,373865,0.8323,90.0,190,10,3,0,13.87
1413,374121,0.8322,60.0,160,9,3,0,13.88
1414,374377,0.8321,50.0,150,8,3,0,13.89
1415,374633,0.832,90.0,190,11,3,0,13.9
1416,374929,0.8318,180.0,280,13,3,0,13.92
1417,375185,0.8317,-40.0,110,7,2,0,13.93
1418,375441,0.8316,80.0,180,10,3,0,13.94
1419,375713,0.8315,110.0,210,10,3,0,13.95
1420,375969,0.8314,60.0,160,9,3,0,13.96
1421,376241,0.8313,190.0,290,16,3,0,13.97
1422,376497,0.8311,180.0,280,14,3,0,13.98
1423,376753,0.831,-20.0,130,8,2,0,13.99
1424,377009,0.8309,-30.0,70,4,3,0,14.0
1425,377289,0.8308,-70.0,130,7,1,0,14.01
1426,377609,0.8307,100.0,200,11,3,0,14.03
1427,377873,0.8305,140.0,240,13,3,0,14.03
1428,378129,0.8304,190.0,290,15,3,0,14.04
1429,378385,0.8303,-30.0,70,4,3,0,14.05
1430,378641,0.8302,-20.0,80,6,3,0,14.06
1431,378897,0.8301,60.0,160,10,3,0,14.07
1432,379153,0.8299,180.0,280,14,3,0,14.08
1433,379409,0.8298,30.0,130,9,3,0,14.09
1434,379721,0.8297,50.0,200,12,2,0,14.11
1435,380001,0.8296,20.0,170,9,2,0,14.12
1436,380257,0.8295,0.0,150,10,2,0,14.13
1437,380513,0.8294,80.0,230,13,2,0,14.13
1438,380769,0.8292,110.0,210,11,3,0,14.14
1439,381025,0.8291,-40.0,110,7,2,0,14.15
1440,381305,0.829,100.0,200,13,3,0,14.16
1441,381561,0.8289,150.0,250,13,3,0,14.17
1442,381825,0.8288,90.0,190,11,3,0,14.18
1443,382081,0.8286,40.0,140,10,3,0,14.19
1444,382369,0.8285,120.0,220,12,3,0,14.21
1445,382625,0.8284,100.0,200,11,3,0,14.22
1446,382881,0.8283,110.0,210,11,3,0,14.23
1447,383145,0.8282,40.0,140,8,3,0,14.24
1448,383489,0.828,160.0,310,16,2,0,14.25
1449,383793,0.8279,30.0,130,7,3,0,14.26
1450,384153,0.8278,190.0,340,17,2,0,14.28
1451,384409,0.8277,-80.0,70,4,2,0,14.29
1452,384665,0.8276,90.0,190,11,3,0,14.3
1453,384945,0.8275,180.0,280,15,3,0,14.31
1454,385201,0.8273,50.0,200,12,2,0,14.32
1455,385457,0.8272,100.0,200,12,3,0,14.33
1456,385713,0.8271,-10.0,90,7,3,0,14.34
1457,385969,0.827,90.0,190,12,3,0,14.35
1458,386225,0.8269,70.0,220,12,2,0,14.35
1459,386481,0.8267,130.0,230,12,3,0,14.36
1460,386737,0.8266,140.0,240,14,3,0,14.38
1461,387041,0.8265,90.0,190,10,3,0,14.39
1462,387297,0.8264,30.0,180,10,2,0,14.4
1463,387553,0.8263,30.0,130,8,3,0,14.41
1464,387809,0.8261,120.0,220,12,3,0,14.42
1465,388065,0.826,100.0,200,11,3,0,14.43
1466,388321,0.8259,80.0,180,10,3,0,14.44
1467,388577,0.8258,-30.0,70,6,3,0,14.45
1468,388953,0.8257,220.0,320,18,3,0,14.46
1469,389209,0.8256,0.0,150,10,2,0,14.47
1470,389465,0.8254,90.0,190,11,3,0,14.48
1471,389745,0.8253,50.0,150,8,3,0,14.49
1472,390001,0.8252,100.0,200,11,3,0,14.5
1473,390257,0.8251,60.0,160,10,3,0,14.51
1474,390513,0.825,50.0,150,9,3,0,14.52
1475,390769,0.8248,150.0,250,13,3,0,14.53
1476,391057,0.8247,30.0,130,8,3,0,14.55
1477,391313,0.8246,30.0,130,7,3,0,14.56
1478,391593,0.8245,70.0,220,14,2,0,14.57
1479,391849,0.8244,-10.0,140,9,2,0,14.58
1480,392129,0.8243,120.0,220,12,3,0,14.59
1481,392385,0.8241,160.0,260,15,3,0,14.6
1482,392641,0.824,120.0,220,11,3,0,14.61
1483,392897,0.8239,40.0,190,11,2,0,14.62
1484,393169,0.8238,160.0,260,14,3,0,14.63
1485,393425,0.8237,120.0,220,12,3,0,14.64
1486,393689,0.8235,90.0,190,10,3,0,14.65
1487,393945,0.8234,-30.0,70,5,3,0,14.65
1488,394225,0.8233,40.0,140,11,3,0,14.66
1489,394481,0.8232,-20.0,80,5,3,0,14.67
1490,394737,0.8231,50.0,150,8,3,0,14.68
1491,394993,0.8229,20.0,120,8,3,0,14.69
1492,395249,0.8228,30.0,130,9,3,0,14.7
1493,395545,0.8227,80.0,230,13,2,0,14.71
1494,395817,0.8226,150.0,250,13,3,0,14.72
1495,396129,0.8225,120.0,220,13,3,0,14.73
1496,396385,0.8224,100.0,200,12,3,0,14.74
1497,396641,0.8222,90.0,190,11,3,0,14.75
1498,396897,0.8221,180.0,280,14,3,0,14.76
1499,397153,0.822,100.0,200,10,3,0,14.77
1500,397521,0.8219,250.0,350,19,3,0,14.78
1501,397777,0.8218,80.0,230,12,2,0,14.79
1502,398033,0.8216,100.0,200,11,3,0,14.8
1503,398289,0.8215,140.0,240,13,3,0,14.81
1504,398545,0.8214,110.0,210,12,3,0,14.82
1505,398853,0.8213,50.0,300,16,0,0,14.83
1506,399109,0.8212,110.0,210,12,3,0,14.84
1507,399365,0.821,120.0,220,12,3,0,14.85
1508,399621,0.8209,160.0,260,14,3,0,14.86
1509,399877,0.8208,170.0,270,13,3,0,14.87
1510,400133,0.8207,100.0,200,13,3,0,14.88
1511,400389,0.8206,80.0,180,10,3,0,14.89
1512,400661,0.8205,90.0,240,12,2,0,14.9
1513,400917,0.8203,40.0,190,12,2,0,14.91
1514,401173,0.8202,10.0,160,10,2,0,14.92
1515,401429,0.8201,140.0,240,12,3,0,14.93
1516,401685,0.82,80.0,180,10,3,0,14.94
1517,401941,0.8199,10.0,110,7,3,0,14.95
1518,402197,0.8197,80.0,180,9,3,0,14.96
1519,402453,0.8196,60.0,160,9,3,0,14.97
1520,402709,0.8195,70.0,170,9,3,0,14.98
1521,402965,0.8194,0.0,100,6,3,0,14.99
1522,403221,0.8193,60.0,160,9,3,0,15.0
1523,403477,0.8191,80.0,180,9,3,0,15.01
1524,403733,0.819,20.0,120,8,3,0,15.02
1525,404013,0.8189,120.0,220,12,3,0,15.03
1526,404269,0.8188,110.0,210,12,3,0,15.04
1527,404525,0.8187,80.0,180,9,3,0,15.05
1528,404781,0.8185,60.0,160,8,3,0,15.06
1529,405053,0.8184,40.0,140,8,3,0,15.07
1530,405309,0.8183,40.0,140,8,3,0,15.08
1531,405581,0.8182,70.0,270,14,1,0,15.09
1532,405837,0.8181,110.0,210,12,3,0,15.11
1533,406093,0.818,0.0,100,6,3,0,15.12
1534,406349,0.8178,120.0,220,12,3,0,15.13
1535,406605,0.8177,120.0,220,13,3,0,15.14
1536,406861,0.8176,160.0,260,14,3,0,15.15
1537,407117,0.8175,200.0,300,16,3,0,15.16
1538,407381,0.8174,190.0,290,15,3,0,15.17
1539,407645,0.8172,30.0,230,12,1,0,15.18
1540,407957,0.8171,190.0,290,17,3,0,15.19
1541,408213,0.817,100.0,200,12,3,0,15.2
1542,408469,0.8169,60.0,160,10,3,0,15.21
1543,408725,0.8168,150.0,250,12,3,0,15.22
1544,408981,0.8166,160.0,260,14,3,0,15.23
1545,409237,0.8165,60.0,160,9,3,0,15.24
1546,409493,0.8164,30.0,130,7,3,0,15.25
1547,409749,0.8163,160.0,260,14,3,0,15.26
1548,410037,0.8162,-30.0,170,11,1,0,15.27
1549,410293,0.8161,160.0,260,15,3,0,15.28
1550,410549,0.8159,100.0,200,12,3,0,15.29
1551,410805,0.8158,0.0,100,8,3,0,15.3
1552,411061,0.8157,30.0,130,7,3,0,15.31
1553,411317,0.8156,90.0,190,11,3,0,15.32
1554,411605,0.8155,220.0,320,18,3,0,15.34
1555,411861,0.8153,60.0,210,12,2,0,15.35
1556,412117,0.8152,70.0,170,9,3,0,15.36
1557,412373,0.8151,100.0,200,12,3,0,15.37
1558,412629,0.815,-20.0,130,8,2,0,15.38
1559,412909,0.8149,70.0,170,11,3,0,15.39
1560,413165,0.8147,160.0,260,14,3,0,15.4
1561,413421,0.8146,100.0,200,13,3,0,15.4
1562,413677,0.8145,90.0,190,11,3,0,15.41
1563,413933,0.8144,90.0,190,10,3,0,15.42
1564,414189,0.8143,40.0,140,9,3,0,15.43
1565,414445,0.8142,100.0,200,11,3,0,15.44
1566,414701,0.814,40.0,140,10,3,0,15.45
1567,414957,0.8139,90.0,240,14,2,0,15.47
1568,415213,0.8138,30.0,180,10,2,0,15.48
1569,415469,0.8137,200.0,300,16,3,0,15.49
1570,415749,0.8136,70.0,170,9,3,0,15.5
1571,416005,0.8134,150.0,250,14,3,0,15.51
1572,416261,0.8133,50.0,150,10,3,0,15.52
1573,416533,0.8132,-10.0,140,7,2,0,15.53
1574,416789,0.8131,70.0,170,10,3,0,15.54
1575,417077,0.813,20.0,220,12,1,0,15.55
1576,417333,0.8129,-50.0,50,3,3,0,15.56
1577,417597,0.8127,100.0,200,11,3,0,15.57
1578,417853,0.8126,50.0,150,7,3,0,15.58
1579,418109,0.8125,100.0,300,15,1,0,15.59
1580,418389,0.8124,120.0,220,14,3,0,15.6
1581,418645,0.8123,130.0,230,12,3,0,15.61
1582,418901,0.8121,120.0,220,13,3,0,15.62
1583,419165,0.812,20.0,120,6,3,0,15.63
1584,419421,0.8119,20.0,120,8,3,0,15.64
1585,419717,0.8118,120.0,220,12,3,0,15.65
1586,419973,0.8117,50.0,150,9,3,0,15.66
1587,420229,0.8115,90.0,190,11,3,0,15.67
1588,420485,0.8114,100.0,200,11,3,0,15.68
1589,420741,0.8113,140.0,240,14,3,0,15.69
1590,420997,0.8112,130.0,280,16,2,0,15.7
1591,421253,0.8111,10.0,110,7,3,0,15.71
1592,421509,0.811,100.0,200,12,3,0,15.72
1593,421805,0.8108,20.0,170,11,2,0,15.73
1594,422061,0.8107,130.0,230,13,3,0,15.74
1595,422317,0.8106,90.0,190,11,3,0,15.75
1596,422573,0.8105,60.0,160,9,3,0,15.76
1597,422829,0.8104,110.0,210,11,3,0,15.77
1598,423085,0.8102,170.0,270,14,3,0,15.78
1599,423341,0.8101,60.0,160,8,3,0,15.79
1600,423597,0.81,120.0,220,10,3,0,15.8
1601,423853,0.8099,40.0,140,10,3,0,15.81
1602,424117,0.8098,70.0,170,10,3,0,15.82
1603,424373,0.8096,40.0,190,12,2,0,15.83
1604,424629,0.8095,80.0,180,10,3,0,15.84
1605,424885,0.8094,10.0,160,9,2,0,15.85
1606,425141,0.8093,10.0,110,7,3,0,15.86
1607,425397,0.8092,120.0,220,12,3,0,15.87
1608,425653,0.8091,70.0,170,11,3,0,15.88
1609,425909,0.8089,30.0,130,9,3,0,15.89
1610,426165,0.8088,-30.0,70,4,3,0,15.9
1611,426421,0.8087,120.0,220,13,3,0,15.91
1612,426677,0.8086,70.0,170,9,3,0,15.92
1613,426933,0.8085,100.0,200,12,3,0,15.93
1614,427189,0.8083,60.0,160,9,3,0,15.94
1615,427445,0.8082,90.0,190,12,3,0,15.95
1616,427701,0.8081,-20.0,130,8,2,0,15.96
1617,427957,0.808,60.0,160,10,3,0,15.97
1618,428213,0.8079,140.0,240,12,3,0,15.98
1619,428469,0.8077,-10.0,90,7,3,0,15.99
1620,428725,0.8076,60.0,160,9,3,0,16.0
1621,429005,0.8075,220.0,320,17,3,0,16.01
1622,429261,0.8074,30.0,180,11,2,0,16.02
1623,429517,0.8073,250.0,350,18,3,0,16.03
1624,429813,0.8072,50.0,150,9,3,0,16.04
1625,430069,0.807,130.0,230,12,3,0,16.05
1626,430325,0.8069,-30.0,120,7,2,0,16.06
1627,430581,0.8068,80.0,180,11,3,0,16.07
1628,430837,0.8067,90.0,190,11,3,0,16.08
1629,431093,0.8066,10.0,110,8,3,0,16.09
1630,431349,0.8064,110.0,210,10,3,0,16.1
1631,431621,0.8063,110.0,210,11,3,0,16.11
1632,431901,0.8062,80.0,180,10,3,0,16.12
1633,432157,0.8061,90.0,190,11,3,0,16.13
1634,432413,0.806,80.0,230,13,2,0,16.14
1635,432669,0.8058,50.0,200,12,2,0,16.15
1636,432925,0.8057,110.0,210,12,3,0,16.16
1637,433181,0.8056,0.0,150,9,2,0,16.17
1638,433437,0.8055,60.0,210,11,2,0,16.18
1639,433693,0.8054,20.0,120,7,3,0,16.19
1640,433949,0.8053,80.0,180,11,3,0,16.2
1641,434205,0.8051,60.0,160,9,3,0,16.21
1642,434461,0.805,110.0,210,10,3,0,16.22
1643,434717,0.8049,40.0,140,10,3,0,16.23
1644,434981,0.8048,60.0,160,8,3,0,16.24
1645,435253,0.8047,110.0,210,12,3,0,16.25
1646,435525,0.8045,110.0,210,10,3,0,16.26
1647,435781,0.8044,30.0,130,8,3,0,16.27
1648,436117,0.8043,210.0,310,15,3,0,16.28
1649,436421,0.8042,-10.0,140,8,2,0,16.3
1650,436677,0.8041,30.0,180,10,2,0,16.31
1651,436981,0.8039,40.0,140,8,3,0,16.32
1652,437237,0.8038,100.0,250,14,2,0,16.33
1653,437493,0.8037,60.0,210,11,2,0,16.34
1654,437693,0.8036,-130.0,120,7,0,0,16.35
1655,437949,0.8035,100.0,200,10,3,0,16.36
1656,438205,0.8034,70.0,170,10,3,0,16.36
1657,438557,0.8032,100.0,200,10,3,0,16.38
1658,438813,0.8031,70.0,170,9,3,0,16.39
1659,439109,0.803,40.0,140,9,3,0,16.4
1660,439373,0.8029,-10.0,140,8,2,0,16.41
1661,439645,0.8028,90.0,190,11,3,0,16.42
1662,439901,0.8026,20.0,220,11,1,0,16.43
1663,440157,0.8025,20.0,170,9,2,0,16.44
1664,440413,0.8024,180.0,280,15,3,0,16.45
1665,440693,0.8023,130.0,230,12,3,0,16.46
1666,440949,0.8022,60.0,160,8,3,0,16.48
1667,441309,0.802,190.0,290,16,3,0,16.49
1668,441565,0.8019,110.0,210,11,3,0,16.5
1669,441821,0.8018,110.0,210,12,3,0,16.51
1670,442077,0.8017,70.0,170,11,3,0,16.51
1671,442333,0.8016,100.0,200,11,3,0,16.52
1672,442589,0.8014,10.0,160,9,2,0,16.53
1673,442845,0.8013,60.0,160,9,3,0,16.54
1674,443101,0.8012,0.0,100,6,3,0,16.55
1675,443357,0.8011,90.0,190,10,3,0,16.56
1676,443613,0.801,30.0,180,9,2,0,16.57
1677,443917,0.8009,70.0,220,12,2,0,16.58
1678,444173,0.8007,40.0,140,8,3,0,16.59
1679,444445,0.8006,50.0,150,8,3,0,16.6
1680,444701,0.8005,160.0,260,14,3,0,16.61
1681,444957,0.8004,80.0,180,9,3,0,16.62
1682,445213,0.8003,120.0,220,12,3,0,16.62
1683,445469,0.8001,60.0,160,8,3,0,16.63
1684,445741,0.8,150.0,250,13,3,0,16.64
1685,445997,0.7999,40.0,190,11,2,0,16.65
1686,446253,0.7998,90.0,190,11,3,0,16.66
1687,446509,0.7997,160.0,260,14,3,0,16.67
1688,446765,0.7995,130.0,280,15,2,0,16.68
1689,447021,0.7994,90.0,190,11,3,0,16.69
1690,447277,0.7993,70.0,170,10,3,0,16.7
1691,447533,0.7992,60.0,160,8,3,0,16.71
1692,447789,0.7991,140.0,240,14,3,0,16.72
1693,448093,0.799,80.0,230,12,2,0,16.73
1694,448349,0.7988,-10.0,190,11,1,0,16.73
1695,448605,0.7987,80.0,230,12,2,0,16.74
1696,448861,0.7986,140.0,240,12,3,0,16.75
1697,449117,0.7985,50.0,150,9,3,0,16.76
1698,449405,0.7984,200.0,300,15,3,0,16.77
1699,449685,0.7982,130.0,280,17,2,0,16.78
1700,449981,0.7981,190.0,340,17,2,0,16.79
1701,450237,0.798,70.0,170,11,3,0,16.8
1702,450525,0.7979,70.0,170,9,3,0,16.81
1703,450789,0.7978,-40.0,110,6,2,0,16.82
1704,451057,0.7976,-110.0,140,8,0,0,16.83
1705,451313,0.7975,50.0,150,8,3,0,16.84
1706,451569,0.7974,-40.0,110,5,2,0,16.85
1707,451825,0.7973,110.0,210,12,3,0,16.86
1708,452081,0.7972,40.0,140,9,3,0,16.87
1709,452337,0.7971,110.0,210,11,3,0,16.88
1710,452593,0.7969,100.0,200,12,3,0,16.88
1711,452849,0.7968,40.0,140,9,3,0,16.89
1712,453153,0.7967,70.0,170,10,3,0,16.9
1713,453409,0.7966,40.0,190,11,2,0,16.91
1714,453697,0.7965,100.0,250,13,2,0,16.92
1715,453953,0.7963,-10.0,190,11,1,0,16.93
1716,454209,0.7962,150.0,250,13,3,0,16.94
1717,454465,0.7961,10.0,160,10,2,0,16.95
1718,454721,0.796,40.0,140,9,3,0,16.96
1719,454977,0.7959,90.0,190,10,3,0,16.97
1720,455233,0.7957,120.0,220,13,3,0,16.98
1721,455489,0.7956,10.0,110,6,3,0,16.99
1722,455785,0.7955,50.0,150,9,3,0,17.0
1723,456041,0.7954,10.0,160,9,2,0,17.01
1724,456321,0.7953,110.0,260,14,2,0,17.02
1725,456577,0.7952,40.0,190,10,2,0,17.02
1726,456881,0.795,70.0,170,9,3,0,17.04
1727,457161,0.7949,180.0,280,15,3,0,17.05
1728,457425,0.7948,140.0,290,14,2,0,17.05
1729,457681,0.7947,60.0,160,9,3,0,17.06
1730,457937,0.7946,100.0,200,10,3,0,17.07
1731,458193,0.7944,50.0,150,9,3,0,17.08
1732,458505,0.7943,150.0,250,15,3,0,17.09
1733,458793,0.7942,80.0,180,9,3,0,17.1
1734,459049,0.7941,-140.0,60,5,1,0,17.11
1735,459305,0.794,140.0,240,13,3,0,17.12
1736,459561,0.7939,100.0,200,11,3,0,17.13
1737,459817,0.7937,150.0,250,14,3,0,17.14
1738,460169,0.7936,110.0,260,14,2,0,17.15
1739,460425,0.7935,70.0,170,9,3,0,17.16
1740,460681,0.7934,160.0,260,14,3,0,17.17
1741,460937,0.7933,120.0,220,13,3,0,17.18
1742,461209,0.7931,90.0,240,13,2,0,17.19
1743,461465,0.793,100.0,250,15,2,0,17.2
1744,461737,0.7929,80.0,180,11,3,0,17.21
1745,461993,0.7928,70.0,170,9,3,0,17.22
1746,462249,0.7927,60.0,160,9,3,0,17.22
1747,462505,0.7925,50.0,150,10,3,0,17.23
1748,462761,0.7924,50.0,150,8,3,0,17.24
1749,463017,0.7923,180.0,280,16,3,0,17.25
1750,463273,0.7922,130.0,230,13,3,0,17.26
1751,463529,0.7921,0.0,150,8,2,0,17.27
1752,463785,0.792,160.0,260,13,3,0,17.28
1753,464041,0.7918,100.0,200,9,3,0,17.29
1754,464297,0.7917,-20.0,180,11,1,0,17.3
1755,464561,0.7916,50.0,150,8,3,0,17.31
1756,464817,0.7915,60.0,160,10,3,0,17.32
1757,465073,0.7914,-10.0,140,8,2,0,17.32
1758,465329,0.7912,140.0,240,13,3,0,17.33
1759,465593,0.7911,70.0,170,10,3,0,17.34
1760,465849,0.791,150.0,250,14,3,0,17.35
1761,466105,0.7909,160.0,260,14,3,0,17.36
1762,466361,0.7908,90.0,190,12,3,0,17.37
1763,466617,0.7906,170.0,270,15,3,0,17.38
1764,466873,0.7905,10.0,110,7,3,0,17.39
1765,467129,0.7904,130.0,230,11,3,0,17.4
1766,467385,0.7903,70.0,170,11,3,0,17.41
1767,467641,0.7902,40.0,140,10,3,0,17.41
1768,467897,0.7901,40.0,140,9,3,0,17.42
1769,468153,0.7899,50.0,200,11,2,0,17.43
1770,468457,0.7898,150.0,250,13,3,0,17.44
1771,468713,0.7897,80.0,180,9,3,0,17.45
1772,468969,0.7896,10.0,160,11,2,0,17.46
1773,469225,0.7895,110.0,210,12,3,0,17.47
1774,469481,0.7893,20.0,120,8,3,0,17.48
1775,469737,0.7892,90.0,190,12,3,0,17.49
1776,469993,0.7891,120.0,220,12,3,0,17.5
1777,470265,0.789,80.0,180,10,3,0,17.51
1778,470521,0.7889,60.0,160,9,3,0,17.52
1779,470849,0.7887,160.0,260,14,3,0,17.53
1780,471105,0.7886,60.0,160,9,3,0,17.54
1781,471361,0.7885,100.0,250,14,2,0,17.55
1782,471617,0.7884,40.0,190,11,2,0,17.56
1783,471929,0.7883,90.0,240,12,2,0,17.57
1784,472241,0.7882,210.0,310,17,3,0,17.58
1785,472529,0.788,70.0,170,9,3,0,17.59
1786,472785,0.7879,80.0,180,10,3,0,17.6
1787,473041,0.7878,40.0,140,7,3,0,17.61
1788,473329,0.7877,40.0,190,11,2,0,17.62
1789,473585,0.7876,120.0,220,11,3,0,17.63
1790,473905,0.7874,110.0,210,11,3,0,17.64
1791,474161,0.7873,60.0,160,9,3,0,17.65
1792,474417,0.7872,20.0,120,8,3,0,17.66
1793,474673,0.7871,100.0,200,10,3,0,17.67
1794,474929,0.787,40.0,140,8,3,0,17.68
1795,475185,0.7868,60.0,160,9,3,0,17.69
1796,475441,0.7867,120.0,220,12,3,0,17.7
1797,475697,0.7866,50.0,150,9,3,0,17.71
1798,476073,0.7865,210.0,310,17,3,0,17.73
1799,476329,0.7864,130.0,230,12,3,0,17.74
1800,476609,0.7863,250.0,350,19,3,0,17.75
1801,476865,0.7861,50.0,150,9,3,0,17.76
1802,477121,0.786,120.0,220,12,3,0,17.77
1803,477377,0.7859,120.0,220,13,3,0,17.78
1804,477633,0.7858,-20.0,130,7,2,0,17.79
1805,477889,0.7857,0.0,150,8,2,0,17.8
1806,478145,0.7855,30.0,130,8,3,0,17.81
1807,478417,0.7854,60.0,160,8,3,0,17.82
1808,478673,0.7853,-20.0,80,6,3,0,17.83
1809,478929,0.7852,-20.0,80,5,3,0,17.84
1810,479201,0.7851,60.0,160,9,3,0,17.85
1811,479473,0.7849,130.0,230,12,3,0,17.86
1812,479729,0.7848,40.0,140,10,3,0,17.87
1813,479985,0.7847,80.0,180,11,3,0,17.88
1814,480241,0.7846,10.0,160,10,2,0,17.89
1815,480497,0.7845,200.0,300,16,3,0,17.9
1816,480753,0.7843,90.0,240,14,2,0,17.91
1817,481017,0.7842,10.0,110,6,3,0,17.92
1818,481313,0.7841,100.0,200,11,3,0,17.93
1819,481569,0.784,80.0,180,12,3,0,17.94
1820,481857,0.7839,160.0,260,13,3,0,17.95
1821,482113,0.7838,60.0,160,8,3,0,17.96
1822,482369,0.7836,100.0,200,11,3,0,17.97
1823,482625,0.7835,100.0,200,11,3,0,17.98
1824,482913,0.7834,60.0,210,12,2,0,17.99
1825,483233,0.7833,-60.0,140,9,1,0,18.0
1826,483489,0.7832,-20.0,80,5,3,0,18.01
1827,483761,0.783,60.0,160,9,3,0,18.02
1828,484017,0.7829,90.0,240,14,2,0,18.03
1829,484273,0.7828,100.0,200,11,3,0,18.04
1830,484529,0.7827,130.0,230,13,3,0,18.05
1831,484785,0.7826,20.0,120,7,3,0,18.06
1832,485041,0.7824,-30.0,120,6,2,0,18.07
1833,485297,0.7823,70.0,170,10,3,0,18.08
1834,485553,0.7822,60.0,210,10,2,0,18.09
1835,485809,0.7821,110.0,210,11,3,0,18.1
1836,486065,0.782,0.0,100,7,3,0,18.11
1837,486321,0.7819,50.0,150,8,3,0,18.12
1838,486577,0.7817,140.0,240,13,3,0,18.14
1839,486889,0.7816,50.0,150,8,3,0,18.15
1840,487145,0.7815,10.0,110,6,3,0,18.16
1841,487401,0.7814,90.0,190,10,3,0,18.17
1842,487657,0.7813,140.0,240,12,3,0,18.18
1843,487913,0.7811,-50.0,150,9,1,0,18.19
1844,488185,0.781,40.0,140,9,3,0,18.2
1845,488473,0.7809,40.0,140,8,3,0,18.21
1846,488777,0.7808,70.0,170,11,3,0,18.23
1847,489033,0.7807,50.0,150,9,3,0,18.24
1848,489321,0.7806,150.0,250,13,3,0,18.25
1849,489577,0.7804,60.0,210,11,2,0,18.26
1850,489833,0.7803,70.0,170,10,3,0,18.27
1851,490089,0.7802,140.0,240,13,3,0,18.28
1852,490345,0.7801,70.0,170,10,3,0,18.29
1853,490625,0.78,100.0,200,13,3,0,18.3
1854,490881,0.7798,90.0,190,11,3,0,18.31
1855,491153,0.7797,110.0,210,11,3,0,18.32
1856,491409,0.7796,90.0,190,11,3,0,18.33
1857,491665,0.7795,80.0,180,10,3,0,18.35
1858,491921,0.7794,60.0,160,10,3,0,18.36
1859,492177,0.7792,60.0,160,9,3,0,18.37
1860,492433,0.7791,100.0,200,11,3,0,18.38
1861,492689,0.779,70.0,170,9,3,0,18.39
1862,493009,0.7789,120.0,220,12,3,0,18.4
1863,493265,0.7788,120.0,220,13,3,0,18.41
1864,493521,0.7787,130.0,230,13,3,0,18.42
1865,493793,0.7785,140.0,240,13,3,0,18.43
1866,494057,0.7784,0.0,100,6,3,0,18.44
1867,494313,0.7783,140.0,240,14,3,0,18.45
1868,494569,0.7782,130.0,230,13,3,0,18.46
1869,494825,0.7781,30.0,130,8,3,0,18.48
1870,495081,0.7779,40.0,140,8,3,0,18.49
1871,495337,0.7778,90.0,240,12,2,0,18.5
1872,495593,0.7777,110.0,210,10,3,0,18.51
1873,495849,0.7776,90.0,190,10,3,0,18.52
1874,496137,0.7775,190.0,290,15,3,0,18.53
1875,496393,0.7773,20.0,120,9,3,0,18.54
1876,496745,0.7772,120.0,220,13,3,0,18.55
1877,497065,0.7771,160.0,310,17,2,0,18.57
1878,497369,0.777,40.0,240,14,1,0,18.58
1879,497625,0.7769,50.0,150,8,3,0,18.59
1880,497881,0.7768,50.0,150,8,3,0,18.6
1881,498153,0.7766,110.0,260,14,2,0,18.61
1882,498409,0.7765,0.0,150,8,2,0,18.62
1883,498665,0.7764,40.0,140,9,3,0,18.63
1884,498921,0.7763,80.0,230,12,2,0,18.64
1885,499193,0.7762,100.0,250,13,2,0,18.65
1886,499449,0.776,100.0,250,13,2,0,18.66
1887,499705,0.7759,80.0,230,14,2,0,18.67
1888,499961,0.7758,40.0,190,11,2,0,18.68
1889,500217,0.7757,80.0,180,10,3,0,18.69
1890,500473,0.7756,10.0,110,7,3,0,18.7
1891,500729,0.7754,60.0,160,9,3,0,18.71
1892,500985,0.7753,0.0,150,8,2,0,18.72
1893,501241,0.7752,50.0,200,11,2,0,18.73
1894,501545,0.7751,150.0,250,14,3,0,18.74
1895,501825,0.775,90.0,190,13,3,0,18.75
1896,502081,0.7749,80.0,230,12,2,0,18.76
1897,502393,0.7747,110.0,210,11,3,0,18.77
1898,502649,0.7746,120.0,220,12,3,0,18.78
1899,502945,0.7745,60.0,160,9,3,0,18.79
1900,503201,0.7744,-50.0,100,6,2,0,18.79
1901,503457,0.7743,100.0,200,11,3,0,18.8
1902,503721,0.7741,100.0,200,10,3,0,18.81
1903,504073,0.774,190.0,290,15,3,0,18.83
1904,504369,0.7739,60.0,160,8,3,0,18.84
1905,504649,0.7738,50.0,200,10,2,0,18.85
1906,504905,0.7737,-10.0,140,10,2,0,18.86
1907,505177,0.7735,140.0,240,12,3,0,18.86
1908,505433,0.7734,0.0,150,10,2,0,18.87
1909,505721,0.7733,120.0,220,12,3,0,18.88
1910,506073,0.7732,160.0,260,15,3,0,18.9
1911,506361,0.7731,20.0,170,10,2,0,18.91
1912,506665,0.773,120.0,220,12,3,0,18.92
1913,506921,0.7728,50.0,150,8,3,0,18.93
1914,507177,0.7727,50.0,150,7,3,0,18.94
1915,507433,0.7726,30.0,130,7,3,0,18.95
1916,507721,0.7725,70.0,170,10,3,0,18.96
1917,507977,0.7724,-50.0,50,4,3,0,18.97
1918,508233,0.7722,60.0,160,7,3,0,18.98
1919,508489,0.7721,-10.0,190,11,1,0,18.99
1920,508745,0.772,80.0,180,9,3,0,19.0
1921,509001,0.7719,30.0,130,8,3,0,19.01
1922,509329,0.7718,90.0,240,13,2,0,19.02
1923,509609,0.7716,70.0,220,14,2,0,19.03
1924,509897,0.7715,170.0,270,15,3,0,19.04
1925,510153,0.7714,70.0,170,8,3,0,19.05
1926,510425,0.7713,140.0,240,11,3,0,19.06
1927,510697,0.7712,180.0,280,15,3,0,19.07
1928,510953,0.7711,70.0,170,10,3,0,19.08
1929,511249,0.7709,-10.0,90,5,3,0,19.09
1930,511505,0.7708,100.0,200,10,3,0,19.1
1931,511793,0.7707,150.0,250,13,3,0,19.11
1932,512081,0.7706,40.0,140,8,3,0,19.12
1933,512337,0.7705,0.0,100,7,3,0,19.13
1934,512705,0.7703,120.0,270,13,2,0,19.14
1935,512961,0.7702,190.0,290,16,3,0,19.15
1936,513217,0.7701,20.0,120,7,3,0,19.16
1937,513473,0.77,200.0,300,16,3,0,19.17
1938,513777,0.7699,160.0,260,15,3,0,19.18
1939,514097,0.7697,90.0,240,12,2,0,19.19
1940,514353,0.7696,-60.0,90,5,2,0,19.2
1941,514609,0.7695,100.0,200,11,3,0,19.21
1942,514865,0.7694,110.0,210,11,3,0,19.22
1943,515121,0.7693,-30.0,70,4,3,0,19.23
1944,515393,0.7692,40.0,140,7,3,0,19.24
1945,515673,0.769,120.0,220,12,3,0,19.25
1946,515929,0.7689,160.0,260,14,3,0,19.26
1947,516185,0.7688,40.0,140,9,3,0,19.27
1948,516441,0.7687,70.0,170,10,3,0,19.28
1949,516697,0.7686,140.0,240,12,3,0,19.29
1950,517017,0.7684,100.0,250,13,2,0,19.3
1951,517273,0.7683,70.0,170,10,3,0,19.31
1952,517529,0.7682,70.0,170,10,3,0,19.31
1953,517785,0.7681,90.0,190,11,3,0,19.32
1954,518041,0.768,150.0,250,14,3,0,19.33
1955,518297,0.7678,60.0,160,9,3,0,19.34
1956,518553,0.7677,50.0,150,10,3,0,19.35
1957,518809,0.7676,130.0,230,12,3,0,19.36
1958,519081,0.7675,90.0,190,10,3,0,19.37
1959,519337,0.7674,110.0,260,14,2,0,19.38
1960,519593,0.7672,10.0,110,7,3,0,19.39
1961,519849,0.7671,90.0,190,11,3,0,19.4
1962,520121,0.767,180.0,280,15,3,0,19.41
1963,520417,0.7669,160.0,260,16,3,0,19.42
1964,520673,0.7668,50.0,150,10,3,0,19.43
1965,520929,0.7667,120.0,220,13,3,0,19.45
1966,521185,0.7665,110.0,210,12,3,0,19.46
1967,521441,0.7664,90.0,190,10,3,0,19.47
1968,521697,0.7663,140.0,240,14,3,0,19.48
1969,521953,0.7662,40.0,190,10,2,0,19.49
1970,522209,0.7661,-30.0,70,6,3,0,19.5
1971,522489,0.7659,120.0,270,16,2,0,19.51
1972,522745,0.7658,120.0,220,11,3,0,19.52
1973,523001,0.7657,120.0,220,12,3,0,19.53
1974,523289,0.7656,60.0,210,12,2,0,19.54
1975,523569,0.7655,70.0,170,12,3,0,19.55
1976,523825,0.7653,50.0,200,12,2,0,19.56
1977,524137,0.7652,120.0,220,14,3,0,19.57
1978,524489,0.7651,180.0,330,16,2,0,19.58
1979,524745,0.765,70.0,220,12,2,0,19.59
1980,525025,0.7649,10.0,160,9,2,0,19.61
1981,525281,0.7648,140.0,240,13,3,0,19.62
1982,525537,0.7646,80.0,230,12,2,0,19.63
1983,525793,0.7645,0.0,100,6,3,0,19.64
1984,526049,0.7644,0.0,150,10,2,0,19.65
1985,526305,0.7643,70.0,170,10,3,0,19.66
1986,526561,0.7642,140.0,240,13,3,0,19.67
1987,526817,0.764,50.0,150,9,3,0,19.68
1988,527097,0.7639,120.0,220,14,3,0,19.69
1989,527377,0.7638,200.0,300,17,3,0,19.7
1990,527633,0.7637,20.0,120,8,3,0,19.7
1991,527953,0.7636,140.0,240,14,3,0,19.72
1992,528209,0.7634,30.0,130,7,3,0,19.72
1993,528465,0.7633,140.0,240,14,3,0,19.73
1994,528721,0.7632,90.0,190,10,3,0,19.74
1995,528977,0.7631,40.0,190,11,2,0,19.75
1996,529233,0.763,130.0,230,12,3,0,19.76
1997,529489,0.7629,90.0,190,10,3,0,19.77
1998,529745,0.7627,190.0,290,16,3,0,19.78
1999,530025,0.7626,170.0,270,16,3,0,19.79
2000,530281,0.7625,30.0,130,9,3,0,19.8
2001,530537,0.7624,30.0,130,9,3,0,19.81
2002,530793,0.7623,60.0,210,11,2,0,19.82
2003,531049,0.7621,140.0,240,13,3,0,19.83
2004,531313,0.762,150.0,250,13,3,0,19.83
2005,531569,0.7619,50.0,150,8,3,0,19.84
2006,531825,0.7618,170.0,270,14,3,0,19.85
2007,532081,0.7617,50.0,150,9,3,0,19.86
2008,532337,0.7615,50.0,150,9,3,0,19.87
2009,532593,0.7614,100.0,200,10,3,0,19.88
2010,532849,0.7613,70.0,170,9,3,0,19.89
2011,533129,0.7612,10.0,160,10,2,0,19.9
2012,533385,0.7611,20.0,120,8,3,0,19.91
2013,533641,0.761,20.0,170,10,2,0,19.92
2014,533897,0.7608,-20.0,130,8,2,0,19.93
2015,534153,0.7607,120.0,220,13,3,0,19.94
2016,534537,0.7606,270.0,370,18,3,0,19.95
2017,534793,0.7605,110.0,210,12,3,0,19.96
2018,535049,0.7604,-30.0,120,7,2,0,19.97
2019,535305,0.7602,60.0,160,10,3,0,19.98
2020,535561,0.7601,40.0,190,11,2,0,19.99
2021,535817,0.76,70.0,170,10,3,0,19.99
2022,536073,0.7599,70.0,170,10,3,0,20.0
2023,536329,0.7598,90.0,240,13,2,0,20.01
2024,536593,0.7596,170.0,270,14,3,0,20.02
2025,536865,0.7595,150.0,250,13,3,0,20.03
2026,537121,0.7594,40.0,140,6,3,0,20.04
2027,537377,0.7593,130.0,230,12,3,0,20.05
2028,537641,0.7592,100.0,250,12,2,0,20.06
2029,537897,0.7591,60.0,210,11,2,0,20.07
2030,538153,0.7589,100.0,200,11,3,0,20.08
2031,538409,0.7588,10.0,110,7,3,0,20.09
2032,538729,0.7587,100.0,200,11,3,0,20.1
2033,538985,0.7586,110.0,210,13,3,0,20.11
2034,539241,0.7585,-20.0,130,8,2,0,20.12
2035,539521,0.7583,140.0,290,16,2,0,20.13
2036,539793,0.7582,190.0,290,15,3,0,20.14
2037,540049,0.7581,120.0,270,14,2,0,20.14
2038,540305,0.758,90.0,190,11,3,0,20.15
2039,540561,0.7579,150.0,250,14,3,0,20.16
2040,540817,0.7578,90.0,240,12,2,0,20.17
2041,541073,0.7576,150.0,250,13,3,0,20.18
2042,541393,0.7575,140.0,240,13,3,0,20.19
2043,541649,0.7574,150.0,250,14,3,0,20.2
2044,541905,0.7573,200.0,300,16,3,0,20.21
2045,542161,0.7572,80.0,180,10,3,0,20.22
2046,542417,0.757,40.0,140,8,3,0,20.23
2047,542673,0.7569,70.0,170,10,3,0,20.24
2048,542953,0.7568,220.0,320,17,3,0,20.25
2049,543257,0.7567,150.0,250,13,3,0,20.26
2050,543521,0.7566,180.0,330,17,2,0,20.27
2051,543777,0.7564,70.0,170,10,3,0,20.28
2052,544033,0.7563,-40.0,110,8,2,0,20.29
2053,544289,0.7562,120.0,220,12,3,0,20.3
2054,544577,0.7561,90.0,190,13,3,0,20.31
2055,544893,0.756,50.0,300,17,0,0,20.32
2056,545197,0.7559,190.0,290,15,3,0,20.33
2057,545485,0.7557,110.0,260,15,2,0,20.34
2058,545741,0.7556,30.0,180,9,2,0,20.35
2059,546013,0.7555,130.0,230,13,3,0,20.36
2060,546269,0.7554,-10.0,90,6,3,0,20.37
2061,546525,0.7553,180.0,280,15,3,0,20.37
2062,546845,0.7551,40.0,140,8,3,0,20.39
2063,547189,0.755,50.0,250,15,1,0,20.4
2064,547453,0.7549,10.0,160,8,2,0,20.41
2065,547709,0.7548,130.0,230,12,3,0,20.42
2066,547997,0.7547,130.0,230,13,3,0,20.43
2067,548253,0.7545,190.0,290,15,3,0,20.44
2068,548557,0.7544,150.0,250,14,3,0,20.45
2069,548813,0.7543,80.0,180,11,3,0,20.46
2070,549069,0.7542,-40.0,110,6,2,0,20.46
2071,549357,0.7541,80.0,230,13,2,0,20.47
2072,549613,0.754,20.0,120,7,3,0,20.48
2073,549909,0.7538,140.0,240,13,3,0,20.49
2074,550165,0.7537,50.0,150,9,3,0,20.5
2075,550421,0.7536,170.0,270,15,3,0,20.51
2076,550677,0.7535,140.0,240,14,3,0,20.52
2077,550933,0.7534,-40.0,160,9,1,0,20.53
2078,551221,0.7532,80.0,180,9,3,0,20.54
2079,551541,0.7531,160.0,260,14,3,0,20.55
2080,551797,0.753,40.0,140,8,3,0,20.56
2081,552053,0.7529,-10.0,90,6,3,0,20.57
2082,552309,0.7528,80.0,180,11,3,0,20.58
2083,552581,0.7526,60.0,210,11,2,0,20.59
2084,552837,0.7525,120.0,220,12,3,0,20.6
2085,553093,0.7524,100.0,200,11,3,0,20.61
2086,553349,0.7523,-40.0,110,7,2,0,20.62
2087,553605,0.7522,90.0,190,11,3,0,20.62
2088,553909,0.752,230.0,330,17,3,0,20.64
2089,554229,0.7519,150.0,300,17,2,0,20.65
2090,554485,0.7518,50.0,150,9,3,0,20.66
2091,554741,0.7517,100.0,200,11,3,0,20.66
2092,554997,0.7516,100.0,200,13,3,0,20.67
2093,555253,0.7515,60.0,160,10,3,0,20.68
2094,555509,0.7513,120.0,220,12,3,0,20.69
2095,555765,0.7512,10.0,110,8,3,0,20.7
2096,556021,0.7511,20.0,120,7,3,0,20.71
2097,556277,0.751,-50.0,100,7,2,0,20.72
2098,556557,0.7509,40.0,190,11,2,0,20.73
2099,556845,0.7507,70.0,170,10,3,0,20.74
2100,557101,0.7506,60.0,210,12,2,0,20.75
2101,557357,0.7505,120.0,220,12,3,0,20.76
2102,557613,0.7504,180.0,280,15,3,0,20.77
2103,557893,0.7503,160.0,260,16,3,0,20.78
2104,558197,0.7501,120.0,220,11,3,0,20.79
2105,558469,0.75,30.0,130,7,3,0,20.8
2106,558741,0.7499,120.0,220,11,3,0,20.81
2107,559013,0.7498,220.0,320,16,3,0,20.82
2108,559269,0.7497,10.0,110,5,3,0,20.82
2109,559541,0.7496,80.0,180,10,3,0,20.83
2110,559797,0.7494,-70.0,80,5,2,0,20.84
2111,560053,0.7493,90.0,190,10,3,0,20.85
2112,560309,0.7492,40.0,140,8,3,0,20.86
2113,560565,0.7491,80.0,180,9,3,0,20.87
2114,560821,0.749,60.0,160,10,3,0,20.88
2115,561077,0.7488,60.0,210,12,2,0,20.89
2116,561333,0.7487,80.0,180,10,3,0,20.9
2117,561589,0.7486,80.0,180,9,3,0,20.91
2118,561845,0.7485,-20.0,180,10,1,0,20.92
2119,562101,0.7484,-10.0,90,5,3,0,20.92
2120,562357,0.7483,0.0,100,7,3,0,20.93
2121,562613,0.7481,90.0,190,11,3,0,20.94
2122,562869,0.748,-20.0,130,9,2,0,20.95
2123,563157,0.7479,40.0,190,11,2,0,20.96
2124,563421,0.7478,190.0,290,15,3,0,20.97
2125,563677,0.7477,-50.0,100,7,2,0,20.98
2126,563957,0.7475,140.0,240,13,3,0,20.99
2127,564213,0.7474,150.0,250,14,3,0,21.0
2128,564469,0.7473,110.0,210,12,3,0,21.01
2129,564741,0.7472,100.0,200,11,3,0,21.02
2130,564997,0.7471,-60.0,90,6,2,0,21.03
2131,565253,0.7469,30.0,180,11,2,0,21.04
2132,565557,0.7468,-10.0,140,8,2,0,21.05
2133,565813,0.7467,170.0,270,13,3,0,21.06
2134,566069,0.7466,50.0,150,8,3,0,21.06
2135,566325,0.7465,30.0,180,9,2,0,21.07
2136,566581,0.7464,90.0,190,10,3,0,21.08
2137,566837,0.7462,70.0,170,11,3,0,21.09
2138,567141,0.7461,10.0,160,9,2,0,21.1
2139,567429,0.746,80.0,180,9,3,0,21.11
2140,567685,0.7459,30.0,130,8,3,0,21.12
2141,567981,0.7458,290.0,390,20,3,0,21.13
2142,568237,0.7456,180.0,280,15,3,0,21.14
2143,568493,0.7455,100.0,250,13,2,0,21.15
2144,568749,0.7454,0.0,100,7,3,0,21.16
2145,569005,0.7453,200.0,300,16,3,0,21.17
2146,569261,0.7452,90.0,190,12,3,0,21.18
2147,569549,0.745,90.0,190,10,3,0,21.19
2148,569805,0.7449,170.0,270,14,3,0,21.2
2149,570093,0.7448,120.0,270,14,2,0,21.21
2150,570349,0.7447,20.0,120,7,3,0,21.22
2151,570661,0.7446,150.0,250,13,3,0,21.23
2152,571021,0.7445,170.0,320,17,2,0,21.24
2153,571277,0.7443,60.0,160,8,3,0,21.25
2154,571533,0.7442,-10.0,140,7,2,0,21.26
2155,571861,0.7441,220.0,320,18,3,0,21.27
2156,572117,0.744,130.0,230,12,3,0,21.28
2157,572397,0.7439,20.0,120,6,3,0,21.29
2158,572661,0.7437,110.0,210,11,3,0,21.3
2159,572917,0.7436,110.0,210,11,3,0,21.31
2160,573173,0.7435,30.0,130,8,3,0,21.32
2161,573429,0.7434,170.0,270,13,3,0,21.32
2162,573685,0.7433,40.0,140,9,3,0,21.33
2163,573941,0.7431,140.0,240,14,3,0,21.34
2164,574197,0.743,40.0,140,9,3,0,21.35
2165,574461,0.7429,100.0,200,11,3,0,21.36
2166,574717,0.7428,70.0,170,11,3,0,21.37
2167,574989,0.7427,190.0,290,16,3,0,21.38
2168,575245,0.7426,10.0,210,11,1,0,21.39
2169,575501,0.7424,90.0,240,11,2,0,21.4
2170,575837,0.7423,170.0,270,16,3,0,21.41
2171,576093,0.7422,70.0,170,9,3,0,21.42
2172,576349,0.7421,50.0,200,12,2,0,21.43
2173,576605,0.742,140.0,240,14,3,0,21.44
2174,576861,0.7418,110.0,210,12,3,0,21.45
2175,577117,0.7417,80.0,180,11,3,0,21.45
2176,577421,0.7416,130.0,230,13,3,0,21.47
2177,577677,0.7415,160.0,260,14,3,0,21.47
2178,577957,0.7414,220.0,370,19,2,0,21.48
2179,578213,0.7412,90.0,190,11,3,0,21.49
2180,578469,0.7411,-40.0,110,7,2,0,21.5
2181,578765,0.741,230.0,330,18,3,0,21.51
2182,579021,0.7409,130.0,230,13,3,0,21.52
2183,579277,0.7408,30.0,130,7,3,0,21.53
2184,579597,0.7407,220.0,320,16,3,0,21.54
2185,579853,0.7405,40.0,140,8,3,0,21.55
2186,580133,0.7404,80.0,180,12,3,0,21.56
2187,580389,0.7403,180.0,280,15,3,0,21.57
2188,580645,0.7402,40.0,140,7,3,0,21.58
2189,580901,0.7401,60.0,210,13,2,0,21.59
2190,581157,0.7399,80.0,230,13,2,0,21.6
2191,581413,0.7398,-10.0,140,8,2,0,21.61
2192,581709,0.7397,140.0,240,13,3,0,21.62
2193,582029,0.7396,80.0,180,10,3,0,21.63
2194,582285,0.7395,20.0,170,11,2,0,21.64
2195,582541,0.7393,80.0,180,10,3,0,21.65
2196,582797,0.7392,50.0,150,9,3,0,21.65
2197,583061,0.7391,100.0,300,16,1,0,21.66
2198,583317,0.739,110.0,210,12,3,0,21.67
2199,583605,0.7389,10.0,160,9,2,0,21.68
2200,584069,0.7388,200.0,350,19,2,0,21.7
2201,584325,0.7386,50.0,150,11,3,0,21.71
2202,584581,0.7385,50.0,150,10,3,0,21.72
2203,584837,0.7384,10.0,110,6,3,0,21.73
2204,585141,0.7383,40.0,140,8,3,0,21.74
2205,585397,0.7382,-20.0,80,5,3,0,21.75
2206,585653,0.738,-30.0,120,7,2,0,21.76
2207,585941,0.7379,80.0,180,9,3,0,21.77
2208,586197,0.7378,0.0,100,6,3,0,21.77
2209,586453,0.7377,130.0,280,14,2,0,21.78
2210,586989,0.7376,350.0,450,23,3,0,21.8
2211,587245,0.7374,110.0,210,11,3,0,21.81
2212,587501,0.7373,100.0,200,12,3,0,21.82
2213,587757,0.7372,50.0,200,12,2,0,21.83
2214,588029,0.7371,0.0,150,8,2,0,21.84
2215,588301,0.737,150.0,250,13,3,0,21.85
2216,588557,0.7369,120.0,220,12,3,0,21.86
2217,588853,0.7367,50.0,200,12,2,0,21.87
2218,589133,0.7366,70.0,170,9,3,0,21.88
2219,589389,0.7365,160.0,260,14,3,0,21.89
2220,589645,0.7364,20.0,170,10,2,0,21.9
2221,589901,0.7363,50.0,150,7,3,0,21.9
2222,590157,0.7361,-20.0,130,7,2,0,21.91
2223,590413,0.736,70.0,170,9,3,0,21.92
2224,590669,0.7359,90.0,190,10,3,0,21.93
2225,590925,0.7358,10.0,110,8,3,0,21.94
2226,591181,0.7357,200.0,350,17,2,0,21.95
2227,591437,0.7355,90.0,190,11,3,0,21.96
2228,591709,0.7354,-60.0,140,8,1,0,21.97
2229,591973,0.7353,10.0,160,8,2,0,21.98
2230,592229,0.7352,110.0,210,13,3,0,21.99
2231,592485,0.7351,-20.0,80,7,3,0,22.0
2232,592765,0.7349,70.0,220,14,2,0,22.01
2233,593021,0.7348,90.0,190,10,3,0,22.01
2234,593277,0.7347,140.0,240,14,3,0,22.02
2235,593533,0.7346,50.0,200,11,2,0,22.03
2236,593789,0.7345,100.0,250,14,2,0,22.04
2237,594045,0.7344,70.0,270,14,1,0,22.05
2238,594309,0.7342,90.0,190,10,3,0,22.06
2239,594565,0.7341,190.0,290,15,3,0,22.07
2240,594821,0.734,10.0,160,10,2,0,22.08
2241,595077,0.7339,100.0,200,11,3,0,22.09
2242,595333,0.7338,70.0,170,10,3,0,22.1
2243,595637,0.7336,110.0,260,14,2,0,22.11
2244,595973,0.7335,210.0,310,18,3,0,22.12
2245,596245,0.7334,30.0,180,10,2,0,22.13
2246,596501,0.7333,30.0,130,6,3,0,22.14
2247,596757,0.7332,100.0,200,12,3,0,22.15
2248,597013,0.733,60.0,160,9,3,0,22.16
2249,597269,0.7329,10.0,110,8,3,0,22.16
2250,597541,0.7328,180.0,280,15,3,0,22.17
2251,597797,0.7327,220.0,320,17,3,0,22.18
2252,598053,0.7326,130.0,230,12,3,0,22.19
2253,598309,0.7325,130.0,230,13,3,0,22.2
2254,598589,0.7323,140.0,240,15,3,0,22.21
2255,598845,0.7322,-10.0,90,6,3,0,22.22
2256,599101,0.7321,110.0,210,11,3,0,22.23
2257,599357,0.732,110.0,210,12,3,0,22.24
2258,599743,0.7319,530.0,580,24,2,1,22.25
2259,599999,0.7317,150.0,250,14,3,0,22.26
2260,600255,0.7316,90.0,190,12,3,0,22.27
2261,600543,0.7315,-20.0,180,10,1,0,22.28
2262,600799,0.7314,40.0,140,8,3,0,22.29
2263,601103,0.7313,0.0,150,8,2,0,22.3
2264,601359,0.7311,50.0,150,8,3,0,22.31
2265,601663,0.731,140.0,290,16,2,0,22.32
2266,601919,0.7309,170.0,270,15,3,0,22.33
2267,602175,0.7308,100.0,250,14,2,0,22.34
2268,602471,0.7307,100.0,250,15,2,0,22.35
2269,602751,0.7306,140.0,240,15,3,0,22.36
2270,603007,0.7304,80.0,180,11,3,0,22.37
2271,603335,0.7303,230.0,330,18,3,0,22.38
2272,603591,0.7302,-10.0,140,8,2,0,22.39
2273,603895,0.7301,160.0,310,17,2,0,22.4
2274,604151,0.73,50.0,150,9,3,0,22.41
2275,604431,0.7298,70.0,170,9,3,0,22.42
2276,604687,0.7297,70.0,170,10,3,0,22.43
2277,604943,0.7296,-80.0,70,5,2,0,22.44
2278,605199,0.7295,60.0,160,9,3,0,22.45
2279,605479,0.7294,140.0,240,15,3,0,22.46
2280,605831,0.7292,170.0,270,13,3,0,22.47
2281,606087,0.7291,20.0,120,8,3,0,22.48
2282,606343,0.729,60.0,160,9,3,0,22.49
2283,606599,0.7289,160.0,260,14,3,0,22.5
2284,606855,0.7288,70.0,170,11,3,0,22.5
2285,607111,0.7287,60.0,160,9,3,0,22.51
2286,607367,0.7285,110.0,210,11,3,0,22.52
2287,607623,0.7284,40.0,190,10,2,0,22.53
2288,607879,0.7283,-50.0,100,5,2,0,22.54
2289,608135,0.7282,20.0,120,8,3,0,22.55
2290,608439,0.7281,120.0,220,12,3,0,22.56
2291,608695,0.7279,30.0,180,11,2,0,22.57
2292,608951,0.7278,70.0,170,9,3,0,22.58
2293,609255,0.7277,20.0,120,6,3,0,22.59
2294,609511,0.7276,190.0,290,16,3,0,22.6
2295,609767,0.7275,60.0,160,9,3,0,22.61
2296,610087,0.7273,260.0,360,19,3,0,22.62
2297,610343,0.7272,80.0,180,10,3,0,22.63
2298,610607,0.7271,180.0,280,14,3,0,22.64
2299,610863,0.727,50.0,150,9,3,0,22.65
2300,611119,0.7269,60.0,160,9,3,0,22.66
2301,611407,0.7268,130.0,230,12,3,0,22.67
2302,611663,0.7266,20.0,170,10,2,0,22.68
2303,611951,0.7265,200.0,300,15,3,0,22.69
2304,612207,0.7264,0.0,200,12,1,0,22.7
2305,612463,0.7263,100.0,200,12,3,0,22.71
2306,612719,0.7262,30.0,130,7,3,0,22.71
2307,613127,0.726,260.0,360,20,3,0,22.73
2308,613383,0.7259,80.0,180,11,3,0,22.74
2309,613679,0.7258,150.0,250,13,3,0,22.75
2310,613935,0.7257,80.0,180,9,3,0,22.76
2311,614191,0.7256,-40.0,60,4,3,0,22.77
2312,614447,0.7254,150.0,250,15,3,0,22.78
2313,614703,0.7253,100.0,250,14,2,0,22.79
2314,614975,0.7252,170.0,270,14,3,0,22.79
2315,615231,0.7251,10.0,160,9,2,0,22.8
2316,615487,0.725,100.0,200,11,3,0,22.81
2317,615743,0.7249,-20.0,130,9,2,0,22.82
2318,615999,0.7247,-30.0,120,6,2,0,22.83
2319,616255,0.7246,110.0,210,12,3,0,22.84
2320,616511,0.7245,80.0,180,10,3,0,22.85
2321,616783,0.7244,90.0,240,12,2,0,22.86
2322,617039,0.7243,80.0,180,11,3,0,22.87
2323,617295,0.7241,150.0,250,14,3,0,22.88
2324,617551,0.724,-30.0,170,9,1,0,22.89
2325,617807,0.7239,110.0,210,12,3,0,22.89
2326,618087,0.7238,130.0,230,13,3,0,22.9
2327,618383,0.7237,110.0,210,11,3,0,22.91
2328,618639,0.7236,110.0,210,13,3,0,22.92
2329,618895,0.7234,-80.0,70,5,2,0,22.93
2330,619215,0.7233,200.0,350,18,2,0,22.94
2331,619471,0.7232,70.0,170,10,3,0,22.95
2332,619727,0.7231,70.0,220,13,2,0,22.96
2333,620047,0.723,150.0,250,14,3,0,22.97
2334,620303,0.7228,90.0,190,10,3,0,22.98
2335,620559,0.7227,130.0,280,15,2,0,22.99
2336,620815,0.7226,100.0,200,11,3,0,23.0
2337,621071,0.7225,50.0,150,9,3,0,23.01
2338,621327,0.7224,70.0,170,10,3,0,23.02
2339,621583,0.7222,100.0,200,10,3,0,23.03
2340,621863,0.7221,130.0,280,15,2,0,23.04
2341,622119,0.722,40.0,190,12,2,0,23.05
2342,622383,0.7219,130.0,230,11,3,0,23.06
2343,622639,0.7218,50.0,150,10,3,0,23.06
2344,622895,0.7217,90.0,190,11,3,0,23.07
2345,623151,0.7215,90.0,190,10,3,0,23.08
2346,623407,0.7214,50.0,150,11,3,0,23.09
2347,623663,0.7213,40.0,140,8,3,0,23.1
2348,623919,0.7212,-10.0,90,6,3,0,23.11
2349,624175,0.7211,-10.0,140,7,2,0,23.12
2350,624431,0.7209,40.0,140,9,3,0,23.13
2351,624743,0.7208,150.0,250,13,3,0,23.14
2352,624999,0.7207,150.0,250,12,3,0,23.15
2353,625255,0.7206,-50.0,150,9,1,0,23.16
2354,625511,0.7205,190.0,290,16,3,0,23.17
2355,625767,0.7203,50.0,200,11,2,0,23.18
2356,626023,0.7202,70.0,220,13,2,0,23.18
2357,626279,0.7201,120.0,220,13,3,0,23.19
2358,626615,0.72,150.0,300,16,2,0,23.21
2359,626871,0.7199,-70.0,30,3,3,0,23.21
2360,627127,0.7198,30.0,180,11,2,0,23.22
2361,627383,0.7196,10.0,110,7,3,0,23.23
2362,627687,0.7195,110.0,210,12,3,0,23.24
2363,628015,0.7194,100.0,200,11,3,0,23.25
2364,628271,0.7193,-30.0,70,4,3,0,23.26
2365,628527,0.7192,-30.0,70,4,3,0,23.27
2366,628823,0.719,230.0,330,16,3,0,23.28
2367,629079,0.7189,90.0,190,12,3,0,23.29
2368,629335,0.7188,-70.0,130,8,1,0,23.3
2369,629591,0.7187,110.0,210,11,3,0,23.31
2370,629847,0.7186,40.0,140,9,3,0,23.32
2371,630191,0.7184,150.0,300,15,2,0,23.33
2372,630447,0.7183,50.0,150,9,3,0,23.34
2373,630783,0.7182,160.0,260,15,3,0,23.35
2374,631039,0.7181,80.0,180,11,3,0,23.36
2375,631319,0.718,50.0,200,12,2,0,23.37
2376,631575,0.7179,20.0,120,7,3,0,23.38
2377,631831,0.7177,140.0,240,13,3,0,23.39
2378,632103,0.7176,0.0,150,10,2,0,23.4
2379,632359,0.7175,130.0,230,13,3,0,23.41
2380,632679,0.7174,90.0,240,14,2,0,23.42
2381,632967,0.7173,100.0,200,11,3,0,23.43
2382,633223,0.7171,0.0,150,9,2,0,23.44
2383,633479,0.717,-40.0,160,9,1,0,23.45
2384,633735,0.7169,150.0,250,13,3,0,23.46
2385,633991,0.7168,130.0,230,13,3,0,23.47
2386,634407,0.7167,280.0,380,20,3,0,23.48
2387,634663,0.7165,70.0,170,9,3,0,23.49
2388,634935,0.7164,50.0,200,12,2,0,23.5
2389,635199,0.7163,210.0,310,16,3,0,23.51
2390,635455,0.7162,160.0,260,14,3,0,23.52
2391,635711,0.7161,-10.0,90,6,3,0,23.53
2392,635967,0.7159,90.0,190,11,3,0,23.54
2393,636223,0.7158,120.0,220,13,3,0,23.55
2394,636479,0.7157,-10.0,90,6,3,0,23.55
2395,636735,0.7156,60.0,160,10,3,0,23.56
2396,637103,0.7155,250.0,350,18,3,0,23.58
2397,637359,0.7154,30.0,130,8,3,0,23.59
2398,637615,0.7152,110.0,210,12,3,0,23.59
2399,637871,0.7151,-30.0,120,7,2,0,23.6
2400,638127,0.715,100.0,200,11,3,0,23.61
2401,638383,0.7149,-40.0,110,8,2,0,23.62
2402,638639,0.7148,140.0,240,14,3,0,23.63
2403,638895,0.7146,40.0,140,8,3,0,23.64
2404,639151,0.7145,60.0,210,13,2,0,23.65
2405,639407,0.7144,60.0,210,11,2,0,23.66
2406,639663,0.7143,30.0,130,7,3,0,23.67
2407,639935,0.7142,140.0,240,12,3,0,23.68
2408,640271,0.7141,240.0,340,19,3,0,23.69
2409,640527,0.7139,110.0,210,12,3,0,23.7
2410,640799,0.7138,150.0,250,12,3,0,23.71
2411,641071,0.7137,90.0,190,10,3,0,23.72
2412,641327,0.7136,50.0,150,8,3,0,23.73
2413,641583,0.7135,100.0,200,11,3,0,23.73
2414,641839,0.7133,120.0,220,11,3,0,23.74
2415,642095,0.7132,110.0,210,12,3,0,23.75
2416,642351,0.7131,40.0,140,8,3,0,23.76
2417,642607,0.713,80.0,180,10,3,0,23.77
2418,642887,0.7129,200.0,300,16,3,0,23.78
2419,643143,0.7127,30.0,130,8,3,0,23.79
2420,643399,0.7126,70.0,170,9,3,0,23.8
2421,643655,0.7125,150.0,250,15,3,0,23.81
2422,643959,0.7124,100.0,200,10,3,0,23.82
2423,644215,0.7123,40.0,190,11,2,0,23.83
2424,644503,0.7122,120.0,270,15,2,0,23.84
2425,644783,0.712,70.0,170,10,3,0,23.85
2426,645039,0.7119,90.0,190,11,3,0,23.86
2427,645295,0.7118,50.0,150,9,3,0,23.86
2428,645551,0.7117,80.0,180,11,3,0,23.87
2429,645831,0.7116,120.0,220,12,3,0,23.88
2430,646087,0.7114,70.0,170,10,3,0,23.89
2431,646343,0.7113,60.0,160,10,3,0,23.9
2432,646599,0.7112,130.0,230,12,3,0,23.91
2433,646855,0.7111,150.0,250,12,3,0,23.92
2434,647111,0.711,30.0,180,11,2,0,23.93
2435,647367,0.7108,60.0,160,10,3,0,23.94
2436,647623,0.7107,190.0,290,16,3,0,23.95
2437,647975,0.7106,160.0,310,16,2,0,23.96
2438,648231,0.7105,90.0,190,10,3,0,23.97
2439,648487,0.7104,60.0,160,9,3,0,23.98
2440,648767,0.7103,-10.0,140,9,2,0,23.99
2441,649063,0.7101,-80.0,120,8,1,0,24.0
2442,649319,0.71,-40.0,160,8,1,0,24.01
2443,649575,0.7099,40.0,140,9,3,0,24.02
2444,649831,0.7098,100.0,200,11,3,0,24.03
2445,650087,0.7097,80.0,180,9,3,0,24.04
2446,650367,0.7095,90.0,190,12,3,0,24.05
2447,650623,0.7094,-10.0,90,7,3,0,24.06
2448,650879,0.7093,120.0,220,12,3,0,24.07
2449,651159,0.7092,190.0,290,17,3,0,24.08
2450,651415,0.7091,60.0,160,10,3,0,24.09
2451,651671,0.7089,0.0,150,9,2,0,24.1
2452,651927,0.7088,20.0,170,9,2,0,24.11
2453,652199,0.7087,80.0,180,10,3,0,24.12
2454,652487,0.7086,100.0,250,14,2,0,24.13
2455,652743,0.7085,80.0,180,11,3,0,24.14
2456,653095,0.7084,140.0,240,12,3,0,24.15
2457,653351,0.7082,70.0,170,11,3,0,24.16
2458,653607,0.7081,80.0,180,10,3,0,24.17
2459,653863,0.708,110.0,260,13,2,0,24.18
2460,654119,0.7079,70.0,170,9,3,0,24.19
2461,654375,0.7078,130.0,230,13,3,0,24.2
2462,654647,0.7076,40.0,190,11,2,0,24.21
2463,654951,0.7075,90.0,190,10,3,0,24.22
2464,655207,0.7074,-40.0,60,3,3,0,24.23
2465,655463,0.7073,160.0,260,14,3,0,24.24
2466,655719,0.7072,80.0,180,9,3,0,24.24
2467,655991,0.707,50.0,150,9,3,0,24.25
2468,656247,0.7069,40.0,140,8,3,0,24.26
2469,656503,0.7068,60.0,160,9,3,0,24.27
2470,656759,0.7067,90.0,240,13,2,0,24.28
2471,657015,0.7066,60.0,210,11,2,0,24.29
2472,657271,0.7065,150.0,250,13,3,0,24.3
2473,657527,0.7063,20.0,170,10,2,0,24.31
2474,657783,0.7062,110.0,210,13,3,0,24.32
2475,658039,0.7061,40.0,140,10,3,0,24.33
2476,658295,0.706,100.0,200,12,3,0,24.34
2477,658551,0.7059,10.0,160,8,2,0,24.35
2478,658807,0.7057,80.0,180,12,3,0,24.36
2479,659063,0.7056,-50.0,100,8,2,0,24.36
2480,659319,0.7055,60.0,160,10,3,0,24.37
2481,659575,0.7054,20.0,120,7,3,0,24.38
2482,659831,0.7053,-20.0,130,7,2,0,24.39
2483,660087,0.7051,80.0,180,10,3,0,24.4
2484,660343,0.705,70.0,170,11,3,0,24.41
2485,660599,0.7049,80.0,180,10,3,0,24.42
2486,660903,0.7048,-30.0,120,6,2,0,24.43
2487,661159,0.7047,30.0,180,11,2,0,24.44
2488,661415,0.7046,140.0,240,13,3,0,24.45
2489,661671,0.7044,50.0,150,8,3,0,24.46
2490,661927,0.7043,10.0,110,7,3,0,24.47
2491,662183,0.7042,100.0,200,11,3,0,24.47
2492,662439,0.7041,90.0,190,12,3,0,24.48
2493,662695,0.704,30.0,180,10,2,0,24.49
2494,662951,0.7038,120.0,220,12,3,0,24.5
2495,663207,0.7037,90.0,190,12,3,0,24.51
2496,663487,0.7036,170.0,270,16,3,0,24.52
2497,663743,0.7035,120.0,220,10,3,0,24.53
2498,663999,0.7034,70.0,170,11,3,0,24.54
2499,664255,0.7032,-10.0,140,9,2,0,24.55
2500,664511,0.7031,130.0,230,12,3,0,24.56
2501,664767,0.703,170.0,270,15,3,0,24.57
2502,665023,0.7029,30.0,130,8,3,0,24.57
2503,665279,0.7028,110.0,210,11,3,0,24.58
2504,665535,0.7026,180.0,280,15,3,0,24.59
2505,665791,0.7025,100.0,200,11,3,0,24.6
2506,666047,0.7024,110.0,210,10,3,0,24.61
2507,666303,0.7023,10.0,110,6,3,0,24.62
2508,666559,0.7022,50.0,150,9,3,0,24.63
2509,666815,0.7021,140.0,240,14,3,0,24.64
2510,667071,0.7019,40.0,140,10,3,0,24.65
2511,667327,0.7018,20.0,170,10,2,0,24.66
2512,667583,0.7017,40.0,140,8,3,0,24.66
2513,667839,0.7016,30.0,130,9,3,0,24.67
2514,668095,0.7015,140.0,240,14,3,0,24.68
2515,668351,0.7013,130.0,230,13,3,0,24.69
2516,668607,0.7012,20.0,170,10,2,0,24.7
2517,668863,0.7011,110.0,210,12,3,0,24.71
2518,669119,0.701,0.0,150,9,2,0,24.72
2519,669375,0.7009,-50.0,150,9,1,0,24.73
2520,669631,0.7007,30.0,130,8,3,0,24.74
2521,669887,0.7006,100.0,200,12,3,0,24.75
2522,670143,0.7005,20.0,170,10,2,0,24.76
2523,670399,0.7004,120.0,220,11,3,0,24.76
2524,670655,0.7003,100.0,250,13,2,0,24.77
2525,670935,0.7002,150.0,250,15,3,0,24.78
2526,671223,0.7,110.0,210,11,3,0,24.79
2527,671479,0.6999,60.0,160,10,3,0,24.8
2528,671735,0.6998,80.0,180,11,3,0,24.81
2529,671991,0.6997,120.0,220,13,3,0,24.82
2530,672287,0.6996,40.0,190,12,2,0,24.83
2531,672599,0.6994,170.0,270,15,3,0,24.84
2532,672879,0.6993,160.0,260,15,3,0,24.85
2533,673135,0.6992,60.0,210,13,2,0,24.86
2534,673447,0.6991,130.0,280,16,2,0,24.87
2535,673703,0.699,170.0,270,15,3,0,24.89
2536,673959,0.6988,90.0,190,10,3,0,24.9
2537,674215,0.6987,110.0,210,12,3,0,24.91
2538,674471,0.6986,-10.0,90,6,3,0,24.92
2539,674767,0.6985,150.0,250,14,3,0,24.93
2540,675023,0.6984,120.0,220,12,3,0,24.94
2541,675279,0.6983,90.0,190,11,3,0,24.95
2542,675535,0.6981,70.0,170,9,3,0,24.96
2543,675791,0.698,140.0,240,13,3,0,24.97
2544,676047,0.6979,110.0,210,13,3,0,24.98
2545,676303,0.6978,30.0,180,11,2,0,24.99
2546,676559,0.6977,90.0,190,12,3,0,25.0
2547,676839,0.6975,130.0,280,17,2,0,25.01
2548,677095,0.6974,140.0,240,12,3,0,25.02
2549,677375,0.6973,130.0,230,13,3,0,25.03
2550,677631,0.6972,120.0,220,13,3,0,25.04
2551,677951,0.6971,190.0,340,17,2,0,25.05
2552,678207,0.6969,80.0,180,10,3,0,25.06
2553,678511,0.6968,190.0,290,15,3,0,25.07
2554,678783,0.6967,90.0,190,9,3,0,25.09
2555,679087,0.6966,70.0,170,9,3,0,25.1
2556,679343,0.6965,70.0,170,10,3,0,25.11
2557,679599,0.6964,10.0,160,10,2,0,25.12
2558,679855,0.6962,110.0,210,12,3,0,25.13
2559,680167,0.6961,170.0,270,14,3,0,25.14
2560,680487,0.696,40.0,140,7,3,0,25.15
2561,680799,0.6959,90.0,190,12,3,0,25.16
2562,681079,0.6958,150.0,250,12,3,0,25.17
2563,681335,0.6956,150.0,250,13,3,0,25.18
2564,681639,0.6955,10.0,110,8,3,0,25.2
2565,681895,0.6954,70.0,170,10,3,0,25.2
2566,682191,0.6953,150.0,250,15,3,0,25.21
2567,682447,0.6952,110.0,210,11,3,0,25.22
2568,682711,0.695,20.0,120,8,3,0,25.23
2569,682967,0.6949,30.0,180,11,2,0,25.24
2570,683263,0.6948,110.0,210,12,3,0,25.25
2571,683519,0.6947,40.0,190,11,2,0,25.26
2572,683791,0.6946,10.0,110,7,3,0,25.27
2573,684047,0.6945,140.0,290,14,2,0,25.28
2574,684343,0.6943,60.0,160,8,3,0,25.29
2575,684599,0.6942,160.0,260,14,3,0,25.3
2576,684895,0.6941,120.0,220,12,3,0,25.31
2577,685151,0.694,160.0,260,14,3,0,25.32
2578,685407,0.6939,0.0,150,8,2,0,25.33
2579,685687,0.6937,120.0,220,12,3,0,25.34
2580,685943,0.6936,60.0,160,9,3,0,25.35
2581,686199,0.6935,120.0,220,13,3,0,25.36
2582,686455,0.6934,0.0,100,7,3,0,25.37
2583,686751,0.6933,150.0,250,13,3,0,25.38
2584,687007,0.6932,10.0,110,7,3,0,25.39
2585,687263,0.693,100.0,200,12,3,0,25.4
2586,687527,0.6929,130.0,280,14,2,0,25.4
2587,687783,0.6928,110.0,210,12,3,0,25.41
2588,688039,0.6927,50.0,150,9,3,0,25.42
2589,688295,0.6926,60.0,210,12,2,0,25.43
2590,688567,0.6924,120.0,220,11,3,0,25.44
2591,688839,0.6923,120.0,220,12,3,0,25.45
2592,689135,0.6922,230.0,330,17,3,0,25.46
2593,689391,0.6921,-50.0,50,4,3,0,25.47
2594,689671,0.692,180.0,280,15,3,0,25.48
2595,689927,0.6918,-90.0,60,5,2,0,25.49
2596,690255,0.6917,260.0,360,19,3,0,25.5
2597,690511,0.6916,-60.0,140,8,1,0,25.51
2598,690767,0.6915,80.0,180,11,3,0,25.52
2599,691023,0.6914,30.0,130,8,3,0,25.53
2600,691279,0.6912,60.0,210,12,2,0,25.54
2601,691535,0.6911,90.0,240,13,2,0,25.55
2602,691791,0.691,70.0,170,9,3,0,25.56
2603,692047,0.6909,130.0,230,11,3,0,25.56
2604,692351,0.6908,110.0,310,18,1,0,25.57
2605,692639,0.6907,180.0,280,15,3,0,25.59
2606,692895,0.6905,170.0,270,14,3,0,25.59
2607,693151,0.6904,160.0,260,14,3,0,25.6
2608,693423,0.6903,190.0,290,15,3,0,25.61
2609,693679,0.6902,110.0,210,13,3,0,25.62
2610,693935,0.6901,0.0,100,8,3,0,25.63
2611,694191,0.6899,120.0,220,13,3,0,25.64
2612,694447,0.6898,100.0,200,10,3,0,25.65
2613,694799,0.6897,190.0,290,15,3,0,25.66
2614,695055,0.6896,80.0,180,9,3,0,25.67
2615,695311,0.6895,90.0,190,11,3,0,25.68
2616,695567,0.6894,50.0,200,12,2,0,25.69
2617,695823,0.6892,100.0,200,10,3,0,25.7
2618,696079,0.6891,40.0,140,10,3,0,25.71
2619,696359,0.689,0.0,150,11,2,0,25.72
2620,696615,0.6889,90.0,190,12,3,0,25.72
2621,696895,0.6888,70.0,170,9,3,0,25.73
2622,697175,0.6886,120.0,220,12,3,0,25.74
2623,697431,0.6885,-30.0,120,8,2,0,25.75
2624,697719,0.6884,-20.0,180,10,1,0,25.76
2625,698047,0.6883,200.0,300,15,3,0,25.78
2626,698311,0.6882,200.0,300,15,3,0,25.78
2627,698567,0.688,-30.0,70,5,3,0,25.79
2628,698823,0.6879,10.0,160,8,2,0,25.8
2629,699079,0.6878,-30.0,120,7,2,0,25.81
2630,699415,0.6877,140.0,240,13,3,0,25.82
2631,699695,0.6876,-30.0,120,7,2,0,25.83
2632,699951,0.6875,60.0,160,10,3,0,25.84
2633,700207,0.6873,130.0,230,12,3,0,25.85
2634,700471,0.6872,100.0,200,12,3,0,25.86
2635,700727,0.6871,90.0,190,12,3,0,25.87
2636,700983,0.687,70.0,170,10,3,0,25.88
2637,701239,0.6869,50.0,150,9,3,0,25.89
2638,701495,0.6867,40.0,140,6,3,0,25.9
2639,701775,0.6866,150.0,250,15,3,0,25.91
2640,702191,0.6865,270.0,420,22,2,0,25.93
2641,702447,0.6864,130.0,230,13,3,0,25.94
2642,702727,0.6863,120.0,270,16,2,0,25.95
2643,702983,0.6861,250.0,350,18,3,0,25.96
2644,703263,0.686,160.0,260,16,3,0,25.97
2645,703519,0.6859,120.0,270,14,2,0,25.98
2646,703847,0.6858,310.0,410,21,3,0,25.99
2647,704103,0.6857,120.0,220,12,3,0,26.0
2648,704375,0.6855,40.0,140,8,3,0,26.01
2649,704631,0.6854,110.0,210,12,3,0,26.02
2650,704887,0.6853,50.0,150,9,3,0,26.03
2651,705143,0.6852,30.0,130,9,3,0,26.04
2652,705447,0.6851,90.0,240,12,2,0,26.06
2653,705727,0.685,120.0,220,14,3,0,26.07
2654,705983,0.6848,160.0,260,15,3,0,26.08
2655,706239,0.6847,40.0,190,10,2,0,26.08
2656,706519,0.6846,160.0,260,16,3,0,26.09
2657,706775,0.6845,-20.0,80,5,3,0,26.1
2658,707031,0.6844,80.0,180,11,3,0,26.11
2659,707287,0.6842,90.0,190,12,3,0,26.12
2660,707543,0.6841,90.0,190,12,3,0,26.13
2661,707799,0.684,120.0,220,10,3,0,26.14
2662,708055,0.6839,100.0,200,12,3,0,26.15
2663,708311,0.6838,-40.0,160,10,1,0,26.16
2664,708567,0.6837,90.0,190,10,3,0,26.17
2665,708823,0.6835,100.0,250,13,2,0,26.18
2666,709079,0.6834,30.0,130,7,3,0,26.19
2667,709335,0.6833,80.0,180,10,3,0,26.2
2668,709591,0.6832,20.0,120,7,3,0,26.21
2669,709847,0.6831,50.0,150,9,3,0,26.22
2670,710103,0.6829,80.0,230,14,2,0,26.23
2671,710359,0.6828,170.0,270,13,3,0,26.24
2672,710615,0.6827,30.0,180,10,2,0,26.25
2673,710871,0.6826,20.0,170,9,2,0,26.26
2674,711127,0.6825,120.0,220,11,3,0,26.27
2675,711423,0.6823,50.0,150,8,3,0,26.29
2676,711679,0.6822,160.0,260,15,3,0,26.3
2677,711935,0.6821,30.0,180,12,2,0,26.31
2678,712191,0.682,60.0,160,10,3,0,26.32
2679,712447,0.6819,110.0,210,10,3,0,26.33
2680,712703,0.6818,80.0,180,9,3,0,26.34
2681,712959,0.6816,70.0,170,10,3,0,26.35
2682,713215,0.6815,90.0,190,9,3,0,26.36
2683,713559,0.6814,170.0,270,16,3,0,26.37
2684,713855,0.6813,130.0,230,11,3,0,26.38
2685,714183,0.6812,180.0,280,17,3,0,26.39
2686,714439,0.681,40.0,140,7,3,0,26.4
2687,714695,0.6809,140.0,240,14,3,0,26.41
2688,714951,0.6808,40.0,140,9,3,0,26.42
2689,715207,0.6807,30.0,180,12,2,0,26.43
2690,715463,0.6806,90.0,190,11,3,0,26.45
2691,715775,0.6804,100.0,200,11,3,0,26.46
2692,716079,0.6803,40.0,140,8,3,0,26.47
2693,716343,0.6802,80.0,180,10,3,0,26.48
2694,716711,0.6801,260.0,360,19,3,0,26.5
2695,716967,0.68,180.0,280,15,3,0,26.51
2696,717223,0.6799,10.0,160,10,2,0,26.52
2697,717479,0.6797,60.0,210,13,2,0,26.53
2698,717735,0.6796,80.0,180,10,3,0,26.54
2699,718039,0.6795,90.0,190,11,3,0,26.55
2700,718295,0.6794,10.0,110,8,3,0,26.56
2701,718551,0.6793,50.0,200,11,2,0,26.57
2702,718807,0.6791,90.0,190,12,3,0,26.58
2703,719063,0.679,40.0,140,10,3,0,26.59
2704,719319,0.6789,150.0,300,16,2,0,26.6
2705,719575,0.6788,80.0,180,10,3,0,26.61
2706,719831,0.6787,40.0,140,7,3,0,26.62
2707,720087,0.6785,80.0,180,10,3,0,26.62
2708,720407,0.6784,170.0,320,17,2,0,26.64
2709,720663,0.6783,90.0,190,11,3,0,26.64
2710,720967,0.6782,220.0,320,17,3,0,26.66
2711,721223,0.6781,-10.0,90,5,3,0,26.66
2712,721479,0.678,0.0,150,9,2,0,26.67
2713,721735,0.6778,60.0,160,9,3,0,26.68
2714,722023,0.6777,210.0,310,17,3,0,26.69
2715,722279,0.6776,110.0,210,12,3,0,26.7
2716,722591,0.6775,170.0,270,13,3,0,26.71
2717,722951,0.6774,320.0,420,21,3,0,26.73
2718,723207,0.6772,80.0,180,11,3,0,26.73
2719,723463,0.6771,110.0,210,13,3,0,26.74
2720,723743,0.677,190.0,290,17,3,0,26.75
2721,723999,0.6769,30.0,130,8,3,0,26.76
2722,724271,0.6768,50.0,150,8,3,0,26.77
2723,724527,0.6766,160.0,260,15,3,0,26.78
2724,724783,0.6765,100.0,200,11,3,0,26.79
2725,725103,0.6764,160.0,260,15,3,0,26.8
2726,725359,0.6763,110.0,260,15,2,0,26.81
2727,725615,0.6762,60.0,160,9,3,0,26.82
2728,725871,0.6761,30.0,130,8,3,0,26.83
2729,726127,0.6759,70.0,170,10,3,0,26.84
2730,726383,0.6758,70.0,170,9,3,0,26.85
2731,726639,0.6757,80.0,180,8,3,0,26.86
2732,726895,0.6756,120.0,220,12,3,0,26.87
2733,727151,0.6755,110.0,260,14,2,0,26.87
2734,727407,0.6753,140.0,240,14,3,0,26.88
2735,727663,0.6752,140.0,240,14,3,0,26.89
2736,727919,0.6751,70.0,170,11,3,0,26.9
2737,728175,0.675,40.0,140,7,3,0,26.91
2738,728527,0.6749,120.0,220,12,3,0,26.92
2739,728807,0.6747,80.0,280,16,1,0,26.93
2740,729063,0.6746,130.0,230,13,3,0,26.94
2741,729335,0.6745,30.0,130,7,3,0,26.95
2742,729615,0.6744,80.0,180,12,3,0,26.96
2743,729871,0.6743,140.0,240,14,3,0,26.97
2744,730151,0.6742,200.0,300,16,3,0,26.98
2745,730447,0.674,200.0,300,17,3,0,26.99
2746,730703,0.6739,190.0,290,16,3,0,27.0
2747,730999,0.6738,120.0,220,12,3,0,27.01
2748,731255,0.6737,-20.0,130,8,2,0,27.02
2749,731511,0.6736,110.0,210,12,3,0,27.03
2750,731799,0.6734,20.0,170,10,2,0,27.04
2751,732055,0.6733,140.0,240,14,3,0,27.05
2752,732311,0.6732,60.0,160,9,3,0,27.06
2753,732567,0.6731,10.0,110,8,3,0,27.07
2754,732823,0.673,110.0,210,11,3,0,27.07
2755,733079,0.6728,100.0,250,14,2,0,27.08
2756,733407,0.6727,220.0,370,20,2,0,27.09
2757,733743,0.6726,250.0,350,19,3,0,27.11
2758,733999,0.6725,80.0,180,12,3,0,27.12
2759,734263,0.6724,40.0,140,8,3,0,27.13
2760,734543,0.6723,110.0,260,14,2,0,27.14
2761,734799,0.6721,60.0,210,13,2,0,27.14
2762,735055,0.672,80.0,230,13,2,0,27.15
2763,735351,0.6719,140.0,240,12,3,0,27.16
2764,735607,0.6718,130.0,230,13,3,0,27.17
2765,735911,0.6717,140.0,240,12,3,0,27.18
2766,736167,0.6715,0.0,100,8,3,0,27.19
2767,736423,0.6714,30.0,130,8,3,0,27.2
2768,736703,0.6713,210.0,310,17,3,0,27.21
2769,736959,0.6712,90.0,190,9,3,0,27.22
2770,737215,0.6711,0.0,100,7,3,0,27.23
2771,737471,0.6709,150.0,250,13,3,0,27.24
2772,737791,0.6708,180.0,280,14,3,0,27.25
2773,738047,0.6707,-10.0,90,5,3,0,27.26
2774,738303,0.6706,100.0,250,14,2,0,27.27
2775,738559,0.6705,20.0,170,9,2,0,27.28
2776,738815,0.6704,170.0,270,14,3,0,27.29
2777,739071,0.6702,110.0,260,14,2,0,27.3
2778,739327,0.6701,160.0,260,15,3,0,27.31
2779,739583,0.67,10.0,110,7,3,0,27.32
2780,739895,0.6699,140.0,290,17,2,0,27.34
2781,740151,0.6698,160.0,260,14,3,0,27.35
2782,740407,0.6696,-30.0,120,7,2,0,27.36
2783,740663,0.6695,80.0,180,12,3,0,27.37
2784,740919,0.6694,-60.0,140,9,1,0,27.38
2785,741175,0.6693,90.0,190,11,3,0,27.39
2786,741455,0.6692,180.0,280,16,3,0,27.4
2787,741711,0.669,50.0,150,10,3,0,27.41
2788,741967,0.6689,120.0,220,12,3,0,27.42
2789,742223,0.6688,80.0,180,10,3,0,27.43
2790,742479,0.6687,60.0,160,10,3,0,27.44
2791,742823,0.6686,170.0,370,20,1,0,27.45
2792,743079,0.6684,10.0,160,10,2,0,27.46
2793,743335,0.6683,190.0,290,16,3,0,27.47
2794,743591,0.6682,130.0,230,14,3,0,27.48
2795,743871,0.6681,230.0,330,18,3,0,27.49
2796,744127,0.668,60.0,160,10,3,0,27.5
2797,744407,0.6679,170.0,270,16,3,0,27.51
2798,744663,0.6677,10.0,110,7,3,0,27.52
2799,744919,0.6676,20.0,120,8,3,0,27.54
2800,745175,0.6675,50.0,200,11,2,0,27.55
2801,745431,0.6674,150.0,250,14,3,0,27.56
2802,745687,0.6673,100.0,200,12,3,0,27.56
2803,745943,0.6671,40.0,140,10,3,0,27.57
2804,746199,0.667,60.0,160,9,3,0,27.58
2805,746455,0.6669,30.0,130,7,3,0,27.59
2806,746791,0.6668,110.0,260,14,2,0,27.6
2807,747087,0.6667,130.0,230,13,3,0,27.61
2808,747423,0.6665,200.0,300,16,3,0,27.63
2809,747679,0.6664,120.0,220,13,3,0,27.63
2810,747967,0.6663,190.0,290,16,3,0,27.65
2811,748223,0.6662,50.0,200,12,2,0,27.65
2812,748479,0.6661,100.0,200,11,3,0,27.66
2813,748783,0.666,170.0,270,14,3,0,27.67
2814,749039,0.6658,90.0,190,10,3,0,27.68
2815,749295,0.6657,0.0,100,6,3,0,27.69
2816,749551,0.6656,110.0,210,11,3,0,27.7
2817,749855,0.6655,100.0,200,11,3,0,27.71
2818,750111,0.6654,120.0,220,13,3,0,27.72
2819,750367,0.6652,120.0,220,13,3,0,27.73
2820,750623,0.6651,80.0,180,11,3,0,27.74
2821,750927,0.665,180.0,280,15,3,0,27.75
2822,751231,0.6649,150.0,250,13,3,0,27.76
2823,751487,0.6648,160.0,260,14,3,0,27.77
2824,751775,0.6646,250.0,350,19,3,0,27.78
2825,752031,0.6645,140.0,240,13,3,0,27.79
2826,752327,0.6644,120.0,220,14,3,0,27.8
2827,752623,0.6643,170.0,270,13,3,0,27.81
2828,752879,0.6642,150.0,300,15,2,0,27.82
2829,753151,0.6641,80.0,180,11,3,0,27.83
2830,753439,0.6639,120.0,220,12,3,0,27.84
2831,753695,0.6638,160.0,260,15,3,0,27.85
2832,753991,0.6637,160.0,260,14,3,0,27.86
2833,754247,0.6636,130.0,230,12,3,0,27.87
2834,754503,0.6635,70.0,170,9,3,0,27.88
2835,754759,0.6633,140.0,240,13,3,0,27.89
2836,755079,0.6632,120.0,220,12,3,0,27.9
2837,755335,0.6631,90.0,190,11,3,0,27.91
2838,755655,0.663,120.0,220,11,3,0,27.92
2839,755959,0.6629,110.0,210,11,3,0,27.93
2840,756215,0.6627,30.0,130,8,3,0,27.94
2841,756503,0.6626,130.0,230,13,3,0,27.95
2842,756759,0.6625,-10.0,90,6,3,0,27.96
2843,757047,0.6624,140.0,240,13,3,0,27.97
2844,757343,0.6623,240.0,340,19,3,0,27.98
2845,757576,0.6622,-110.0,140,9,0,0,27.99
2846,757832,0.662,70.0,220,12,2,0,28.0
2847,758088,0.6619,30.0,180,11,2,0,28.0
2848,758344,0.6618,80.0,180,12,3,0,28.01
2849,758632,0.6617,90.0,240,12,2,0,28.02
2850,758912,0.6616,50.0,150,11,3,0,28.04
2851,759168,0.6614,-20.0,130,6,2,0,28.04
2852,759448,0.6613,90.0,190,12,3,0,28.05
2853,759704,0.6612,10.0,160,10,2,0,28.06
2854,759960,0.6611,50.0,150,10,3,0,28.07
2855,760216,0.661,110.0,210,13,3,0,28.08
2856,760472,0.6609,40.0,140,8,3,0,28.09
2857,760728,0.6607,0.0,100,7,3,0,28.1
2858,760984,0.6606,20.0,170,10,2,0,28.11
2859,761240,0.6605,30.0,130,8,3,0,28.12
2860,761496,0.6604,120.0,220,11,3,0,28.13
2861,761824,0.6603,80.0,180,9,3,0,28.14
2862,762080,0.6601,-30.0,120,7,2,0,28.15
2863,762344,0.66,50.0,150,9,3,0,28.16
2864,762600,0.6599,20.0,120,9,3,0,28.17
2865,762856,0.6598,20.0,120,8,3,0,28.17
2866,763128,0.6597,10.0,110,7,3,0,28.18
2867,763408,0.6595,160.0,260,16,3,0,28.19
2868,763664,0.6594,20.0,170,10,2,0,28.2
2869,763920,0.6593,20.0,170,10,2,0,28.21
2870,764200,0.6592,150.0,250,15,3,0,28.22
2871,764456,0.6591,110.0,210,11,3,0,28.23
2872,764760,0.6589,140.0,240,13,3,0,28.24
2873,765016,0.6588,70.0,170,9,3,0,28.25
2874,765272,0.6587,160.0,260,14,3,0,28.26
2875,765568,0.6586,50.0,200,10,2,0,28.27
2876,765824,0.6585,120.0,220,13,3,0,28.28
2877,766080,0.6584,30.0,180,10,2,0,28.29
2878,766384,0.6582,70.0,170,10,3,0,28.3
2879,766640,0.6581,90.0,190,11,3,0,28.32
2880,766896,0.658,70.0,170,9,3,0,28.33
2881,767152,0.6579,40.0,140,10,3,0,28.34
2882,767440,0.6578,0.0,100,6,3,0,28.35
2883,767728,0.6576,60.0,210,12,2,0,28.36
2884,767984,0.6575,120.0,220,12,3,0,28.37
2885,768240,0.6574,70.0,220,12,2,0,28.38
2886,768496,0.6573,60.0,160,10,3,0,28.39
2887,768752,0.6572,50.0,150,10,3,0,28.4
2888,769008,0.6571,130.0,230,12,3,0,28.41
2889,769264,0.6569,130.0,230,13,3,0,28.42
2890,769552,0.6568,140.0,240,13,3,0,28.43
2891,769808,0.6567,-10.0,140,8,2,0,28.43
2892,770064,0.6566,140.0,240,12,3,0,28.44
2893,770320,0.6565,10.0,110,7,3,0,28.45
2894,770576,0.6563,70.0,170,9,3,0,28.46
2895,770832,0.6562,90.0,190,11,3,0,28.47
2896,771088,0.6561,80.0,180,10,3,0,28.48
2897,771344,0.656,80.0,230,13,2,0,28.49
2898,771600,0.6559,100.0,200,10,3,0,28.5
2899,771856,0.6557,40.0,140,9,3,0,28.51
2900,772128,0.6556,140.0,240,12,3,0,28.52
2901,772384,0.6555,40.0,140,8,3,0,28.53
2902,772640,0.6554,100.0,200,11,3,0,28.53
2903,772896,0.6553,80.0,180,12,3,0,28.54
2904,773152,0.6552,10.0,110,6,3,0,28.55
2905,773408,0.655,150.0,250,14,3,0,28.56
2906,773664,0.6549,70.0,170,8,3,0,28.57
2907,773936,0.6548,170.0,270,14,3,0,28.58
2908,774224,0.6547,90.0,190,12,3,0,28.59
2909,774496,0.6546,190.0,290,15,3,0,28.6
2910,774752,0.6544,170.0,270,15,3,0,28.61
2911,775112,0.6543,170.0,270,14,3,0,28.62
2912,775392,0.6542,180.0,280,14,3,0,28.63
2913,775648,0.6541,40.0,140,10,3,0,28.64
2914,775904,0.654,110.0,210,10,3,0,28.65
2915,776160,0.6538,-50.0,100,7,2,0,28.66
2916,776416,0.6537,80.0,180,11,3,0,28.67
2917,776680,0.6536,100.0,200,11,3,0,28.68
2918,776936,0.6535,20.0,120,6,3,0,28.69
2919,777192,0.6534,140.0,240,12,3,0,28.7
2920,777448,0.6532,70.0,170,11,3,0,28.7
2921,777704,0.6531,90.0,190,10,3,0,28.71
2922,777960,0.653,60.0,160,9,3,0,28.72
2923,778216,0.6529,50.0,150,9,3,0,28.73
2924,778472,0.6528,80.0,230,12,2,0,28.74
2925,778728,0.6527,80.0,180,9,3,0,28.75
2926,778984,0.6525,-50.0,150,9,1,0,28.76
2927,779240,0.6524,0.0,150,10,2,0,28.77
2928,779496,0.6523,-20.0,80,7,3,0,28.78
2929,779752,0.6522,-30.0,120,7,2,0,28.79
2930,780008,0.6521,110.0,210,11,3,0,28.79
2931,780264,0.6519,-20.0,130,7,2,0,28.8
2932,780520,0.6518,80.0,180,10,3,0,28.81
2933,780800,0.6517,200.0,300,17,3,0,28.82
2934,781056,0.6516,30.0,130,8,3,0,28.83
2935,781312,0.6515,-30.0,120,7,2,0,28.84
2936,781592,0.6514,170.0,270,14,3,0,28.85
2937,781856,0.6512,10.0,110,6,3,0,28.86
2938,782112,0.6511,140.0,240,13,3,0,28.87
2939,782368,0.651,50.0,150,9,3,0,28.88
2940,782656,0.6509,110.0,210,11,3,0,28.89
2941,783024,0.6508,200.0,300,15,3,0,28.9
2942,783280,0.6506,50.0,150,9,3,0,28.91
2943,783536,0.6505,140.0,240,14,3,0,28.92
2944,783832,0.6504,80.0,180,10,3,0,28.93
2945,784088,0.6503,180.0,280,15,3,0,28.94
2946,784344,0.6502,0.0,100,6,3,0,28.95
2947,784600,0.65,60.0,210,11,2,0,28.96
2948,784856,0.6499,130.0,230,13,3,0,28.97
2949,785112,0.6498,100.0,200,11,3,0,28.97
2950,785368,0.6497,190.0,290,16,3,0,28.98
2951,785664,0.6496,80.0,230,13,2,0,28.99
2952,785920,0.6494,40.0,140,9,3,0,29.0
2953,786192,0.6493,120.0,270,13,2,0,29.01
2954,786448,0.6492,130.0,230,13,3,0,29.02
2955,786728,0.6491,240.0,340,19,3,0,29.03
2956,786984,0.649,160.0,260,15,3,0,29.04
2957,787240,0.6489,120.0,270,14,2,0,29.05
2958,787496,0.6487,120.0,220,12,3,0,29.06
2959,787752,0.6486,30.0,230,13,1,0,29.07
2960,788016,0.6485,100.0,250,15,2,0,29.08
2961,788280,0.6484,50.0,150,8,3,0,29.09
2962,788536,0.6483,150.0,250,15,3,0,29.1
2963,788808,0.6481,40.0,140,8,3,0,29.11
2964,789064,0.648,80.0,180,12,3,0,29.12
2965,789344,0.6479,110.0,210,11,3,0,29.13
2966,789600,0.6478,100.0,200,13,3,0,29.14
2967,789856,0.6477,40.0,140,10,3,0,29.15
2968,790160,0.6476,80.0,180,10,3,0,29.16
2969,790416,0.6474,-10.0,90,6,3,0,29.17
2970,790672,0.6473,60.0,210,10,2,0,29.18
2971,790928,0.6472,150.0,250,13,3,0,29.19
2972,791184,0.6471,180.0,280,15,3,0,29.2
2973,791440,0.647,20.0,120,7,3,0,29.21
2974,791728,0.6468,220.0,320,16,3,0,29.22
2975,791984,0.6467,200.0,300,16,3,0,29.23
2976,792288,0.6466,10.0,110,7,3,0,29.24
2977,792544,0.6465,140.0,240,13,3,0,29.25
2978,792800,0.6464,130.0,230,14,3,0,29.26
2979,793056,0.6462,80.0,230,13,2,0,29.27
2980,793312,0.6461,50.0,150,9,3,0,29.28
2981,793568,0.646,40.0,190,10,2,0,29.28
2982,793824,0.6459,70.0,170,9,3,0,29.29
2983,794080,0.6458,120.0,220,12,3,0,29.3
2984,794336,0.6457,210.0,310,17,3,0,29.31
2985,794616,0.6455,70.0,170,9,3,0,29.32
2986,794872,0.6454,50.0,150,9,3,0,29.33
2987,795128,0.6453,110.0,210,11,3,0,29.34
2988,795432,0.6452,180.0,280,15,3,0,29.35
2989,795688,0.6451,70.0,170,10,3,0,29.36
2990,795976,0.6449,220.0,320,18,3,0,29.37
2991,796288,0.6448,190.0,290,16,3,0,29.38
2992,796544,0.6447,20.0,120,9,3,0,29.39
2993,796816,0.6446,60.0,160,8,3,0,29.4
2994,797072,0.6445,100.0,200,11,3,0,29.41
2995,797328,0.6443,-20.0,80,5,3,0,29.42
2996,797584,0.6442,70.0,170,10,3,0,29.43
2997,797840,0.6441,150.0,250,13,3,0,29.44
2998,798096,0.644,10.0,160,9,2,0,29.44
2999,798352,0.6439,120.0,220,12,3,0,29.45
3000,798608,0.6438,-30.0,70,5,3,0,29.46
3001,798864,0.6436,-20.0,80,5,3,0,29.47
3002,799120,0.6435,20.0,170,11,2,0,29.48
3003,799376,0.6434,60.0,160,9,3,0,29.49
3004,799632,0.6433,70.0,170,10,3,0,29.5
3005,799936,0.6432,120.0,320,18,1,0,29.51
3006,800192,0.643,60.0,160,9,3,0,29.52
3007,800448,0.6429,-10.0,90,6,3,0,29.53
3008,800736,0.6428,160.0,260,15,3,0,29.54
3009,801016,0.6427,180.0,280,17,3,0,29.55
3010,801272,0.6426,120.0,220,12,3,0,29.55
3011,801528,0.6424,40.0,140,9,3,0,29.56
3012,801784,0.6423,130.0,230,13,3,0,29.57
3013,802056,0.6422,170.0,270,14,3,0,29.58
3014,802312,0.6421,150.0,250,13,3,0,29.59
3015,802568,0.642,60.0,210,12,2,0,29.6
3016,802824,0.6419,80.0,180,11,3,0,29.61
3017,803080,0.6417,50.0,150,9,3,0,29.61
3018,803360,0.6416,150.0,250,16,3,0,29.62
3019,803616,0.6415,20.0,120,6,3,0,29.63
3020,803872,0.6414,30.0,130,9,3,0,29.64
3021,804128,0.6413,10.0,110,6,3,0,29.65
3022,804384,0.6411,-90.0,110,9,1,0,29.66
3023,804640,0.641,20.0,120,8,3,0,29.67
3024,804904,0.6409,100.0,200,12,3,0,29.68
3025,805160,0.6408,60.0,160,8,3,0,29.68
3026,805416,0.6407,60.0,160,9,3,0,29.69
3027,805672,0.6405,100.0,200,11,3,0,29.7
3028,805928,0.6404,-20.0,130,8,2,0,29.71
3029,806200,0.6403,210.0,310,17,3,0,29.72
3030,806480,0.6402,120.0,270,14,2,0,29.73
3031,806736,0.6401,110.0,210,13,3,0,29.74
3032,806992,0.64,160.0,260,14,3,0,29.75
3033,807248,0.6398,20.0,120,8,3,0,29.76
3034,807560,0.6397,100.0,200,13,3,0,29.77
3035,807816,0.6396,30.0,130,7,3,0,29.77
3036,808136,0.6395,140.0,240,12,3,0,29.79
3037,808416,0.6394,170.0,270,14,3,0,29.8
3038,808672,0.6392,0.0,100,7,3,0,29.8
3039,808952,0.6391,200.0,300,17,3,0,29.81
3040,809208,0.639,90.0,190,12,3,0,29.82
3041,809464,0.6389,80.0,180,11,3,0,29.83
3042,809800,0.6388,150.0,300,16,2,0,29.84
3043,810088,0.6386,180.0,280,15,3,0,29.85
3044,810384,0.6385,200.0,300,17,3,0,29.86
3045,810696,0.6384,190.0,290,14,3,0,29.87
3046,810976,0.6383,150.0,250,15,3,0,29.88
3047,811232,0.6382,10.0,160,11,2,0,29.89
3048,811488,0.6381,90.0,190,11,3,0,29.9
3049,811760,0.6379,50.0,200,12,2,0,29.91
3050,812016,0.6378,130.0,280,14,2,0,29.92
3051,812272,0.6377,10.0,160,10,2,0,29.92
3052,812528,0.6376,40.0,190,11,2,0,29.93
3053,812824,0.6375,190.0,290,16,3,0,29.94
3054,813136,0.6373,190.0,290,15,3,0,29.95
3055,813392,0.6372,130.0,230,12,3,0,29.96
3056,813664,0.6371,50.0,150,7,3,0,29.97
3057,814072,0.637,270.0,370,20,3,0,29.99
3058,814328,0.6369,140.0,240,12,3,0,29.99
3059,814584,0.6367,60.0,160,10,3,0,30.0
3060,814872,0.6366,80.0,180,9,3,0,30.01
3061,815128,0.6365,50.0,150,9,3,0,30.02
3062,815384,0.6364,100.0,200,11,3,0,30.03
3063,815640,0.6363,30.0,130,7,3,0,30.04
3064,815936,0.6361,80.0,280,16,1,0,30.05
3065,816192,0.636,-70.0,80,6,2,0,30.06
3066,816536,0.6359,200.0,300,15,3,0,30.07
3067,816800,0.6358,40.0,190,11,2,0,30.08
3068,817056,0.6357,20.0,170,10,2,0,30.09
3069,817384,0.6356,120.0,220,12,3,0,30.1
3070,817664,0.6354,90.0,190,13,3,0,30.11
3071,817944,0.6353,80.0,180,12,3,0,30.12
3072,818200,0.6352,40.0,140,10,3,0,30.12
3073,818456,0.6351,120.0,220,12,3,0,30.13
3074,818712,0.635,-60.0,90,7,2,0,30.14
3075,819016,0.6348,120.0,270,15,2,0,30.15
3076,819272,0.6347,100.0,200,12,3,0,30.16
3077,819528,0.6346,100.0,250,14,2,0,30.17
3078,819832,0.6345,0.0,100,6,3,0,30.18
3079,820088,0.6344,110.0,260,15,2,0,30.19
3080,820344,0.6342,90.0,190,11,3,0,30.2
3081,820632,0.6341,80.0,180,11,3,0,30.21
3082,820888,0.634,110.0,210,12,3,0,30.22
3083,821144,0.6339,90.0,240,12,2,0,30.22
3084,821408,0.6338,120.0,220,12,3,0,30.23
3085,821664,0.6337,110.0,210,11,3,0,30.24
3086,821944,0.6335,80.0,180,9,3,0,30.25
3087,822216,0.6334,90.0,190,11,3,0,30.26
3088,822472,0.6333,30.0,180,11,2,0,30.27
3089,822760,0.6332,120.0,270,14,2,0,30.28
3090,823024,0.6331,80.0,230,13,2,0,30.29
3091,823280,0.6329,50.0,150,9,3,0,30.3
3092,823536,0.6328,100.0,200,12,3,0,30.31
3093,823808,0.6327,60.0,160,9,3,0,30.31
3094,824080,0.6326,180.0,280,15,3,0,30.32
3095,824336,0.6325,30.0,180,12,2,0,30.33
3096,824592,0.6323,110.0,210,12,3,0,30.34
3097,824848,0.6322,120.0,220,12,3,0,30.35
3098,825104,0.6321,100.0,200,12,3,0,30.36
3099,825424,0.632,30.0,130,7,3,0,30.37
3100,825680,0.6319,30.0,180,11,2,0,30.38
3101,825936,0.6318,100.0,200,12,3,0,30.39
3102,826216,0.6316,100.0,200,13,3,0,30.4
3103,826496,0.6315,200.0,300,17,3,0,30.41
3104,826784,0.6314,130.0,230,12,3,0,30.41
3105,827056,0.6313,140.0,240,12,3,0,30.42
3106,827312,0.6312,60.0,160,9,3,0,30.43
3107,827568,0.631,-80.0,70,5,2,0,30.44
3108,827856,0.6309,140.0,240,14,3,0,30.45
3109,828112,0.6308,20.0,120,6,3,0,30.46
3110,828448,0.6307,70.0,220,12,2,0,30.47
3111,828736,0.6306,110.0,210,13,3,0,30.48
3112,829024,0.6305,160.0,260,15,3,0,30.49
3113,829280,0.6303,40.0,140,9,3,0,30.5
3114,829600,0.6302,190.0,290,16,3,0,30.51
3115,829856,0.6301,80.0,180,11,3,0,30.52
3116,830112,0.63,70.0,170,11,3,0,30.53
3117,830368,0.6299,170.0,270,15,3,0,30.54
3118,830624,0.6297,130.0,230,12,3,0,30.54
3119,830880,0.6296,20.0,120,7,3,0,30.55
3120,831136,0.6295,90.0,190,9,3,0,30.56
3121,831392,0.6294,70.0,170,10,3,0,30.57
3122,831672,0.6293,130.0,230,12,3,0,30.58
3123,831992,0.6291,150.0,300,17,2,0,30.59
3124,832256,0.629,100.0,200,12,3,0,30.6
3125,832512,0.6289,170.0,270,14,3,0,30.61
3126,832768,0.6288,140.0,240,13,3,0,30.62
3127,833024,0.6287,-20.0,130,8,2,0,30.63
3128,833344,0.6285,100.0,200,11,3,0,30.64
3129,833600,0.6284,20.0,120,8,3,0,30.65
3130,833856,0.6283,-50.0,100,7,2,0,30.65
3131,834112,0.6282,10.0,160,9,2,0,30.66
3132,834368,0.6281,10.0,110,7,3,0,30.67
3133,834624,0.628,-10.0,90,5,3,0,30.68
3134,834880,0.6278,-20.0,80,6,3,0,30.69
3135,835136,0.6277,0.0,150,9,2,0,30.7
3136,835392,0.6276,110.0,210,11,3,0,30.71
3137,835648,0.6275,-20.0,80,5,3,0,30.71
3138,835904,0.6274,60.0,160,10,3,0,30.72
3139,836160,0.6272,10.0,110,8,3,0,30.73
3140,836440,0.6271,150.0,250,15,3,0,30.74
3141,836696,0.627,0.0,150,9,2,0,30.75
3142,837032,0.6269,170.0,320,17,2,0,30.76
3143,837288,0.6268,40.0,140,9,3,0,30.77
3144,837568,0.6267,100.0,200,13,3,0,30.78
3145,837824,0.6265,40.0,140,7,3,0,30.79
3146,838112,0.6264,140.0,240,14,3,0,30.8
3147,838368,0.6263,140.0,240,11,3,0,30.81
3148,838624,0.6262,40.0,140,7,3,0,30.82
3149,838880,0.6261,20.0,120,7,3,0,30.82
3150,839136,0.6259,70.0,170,9,3,0,30.83
3151,839416,0.6258,10.0,210,10,1,0,30.84
3152,839696,0.6257,70.0,220,12,2,0,30.85
3153,839952,0.6256,10.0,110,7,3,0,30.86
3154,840208,0.6255,70.0,170,10,3,0,30.87
3155,840464,0.6253,20.0,170,11,2,0,30.88
3156,840720,0.6252,50.0,200,11,2,0,30.89
3157,841080,0.6251,270.0,420,22,2,0,30.9
3158,841336,0.625,90.0,190,11,3,0,30.91
3159,841592,0.6249,40.0,190,12,2,0,30.91
3160,841848,0.6248,40.0,140,9,3,0,30.92
3161,842104,0.6246,80.0,230,12,2,0,30.93
3162,842360,0.6245,10.0,110,8,3,0,30.94
3163,842632,0.6244,50.0,200,11,2,0,30.95
3164,842888,0.6243,40.0,140,9,3,0,30.96
3165,843208,0.6242,50.0,200,11,2,0,30.97
3166,843504,0.624,-30.0,170,9,1,0,30.98
3167,843760,0.6239,160.0,260,14,3,0,30.99
3168,844064,0.6238,140.0,240,14,3,0,31.0
3169,844320,0.6237,0.0,100,6,3,0,31.01
3170,844576,0.6236,100.0,200,10,3,0,31.02
3171,844832,0.6234,260.0,360,19,3,0,31.02
3172,845088,0.6233,60.0,160,10,3,0,31.03
3173,845344,0.6232,50.0,150,8,3,0,31.04
3174,845600,0.6231,120.0,220,12,3,0,31.05
3175,845856,0.623,40.0,140,8,3,0,31.06
3176,846112,0.6229,110.0,210,13,3,0,31.07
3177,846368,0.6227,130.0,230,12,3,0,31.08
3178,846624,0.6226,180.0,280,15,3,0,31.08
3179,846880,0.6225,40.0,190,10,2,0,31.09
3180,847136,0.6224,70.0,170,11,3,0,31.1
3181,847392,0.6223,100.0,200,11,3,0,31.11
3182,847672,0.6221,170.0,270,16,3,0,31.12
3183,847928,0.622,110.0,210,11,3,0,31.13
3184,848208,0.6219,120.0,320,18,1,0,31.14
3185,848552,0.6218,180.0,280,15,3,0,31.15
3186,848808,0.6217,120.0,220,12,3,0,31.16
3187,849064,0.6215,170.0,270,15,3,0,31.17
3188,849320,0.6214,0.0,100,6,3,0,31.18
3189,849624,0.6213,270.0,370,20,3,0,31.19
3190,849880,0.6212,10.0,110,7,3,0,31.19
3191,850160,0.6211,190.0,290,17,3,0,31.2
3192,850416,0.621,90.0,190,12,3,0,31.21
3193,850672,0.6208,90.0,240,14,2,0,31.22
3194,850928,0.6207,-80.0,120,7,1,0,31.23
3195,851184,0.6206,20.0,120,7,3,0,31.24
3196,851496,0.6205,220.0,370,19,2,0,31.25
3197,851752,0.6204,70.0,220,13,2,0,31.26
3198,852008,0.6202,100.0,200,11,3,0,31.27
3199,852336,0.6201,210.0,310,18,3,0,31.28
3200,852592,0.62,40.0,140,8,3,0,31.29
3201,852848,0.6199,110.0,210,11,3,0,31.3
3202,853104,0.6198,120.0,220,12,3,0,31.31
3203,853360,0.6196,90.0,190,12,3,0,31.31
3204,853632,0.6195,140.0,240,13,3,0,31.32
3205,853888,0.6194,80.0,180,12,3,0,31.33
3206,854144,0.6193,40.0,140,8,3,0,31.34
3207,854400,0.6192,20.0,120,8,3,0,31.35
3208,854656,0.619,40.0,140,9,3,0,31.36
3209,854912,0.6189,60.0,160,9,3,0,31.37
3210,855168,0.6188,90.0,190,12,3,0,31.37
3211,855456,0.6187,60.0,160,9,3,0,31.38
3212,855712,0.6186,80.0,180,10,3,0,31.39
3213,856168,0.6185,230.0,380,20,2,0,31.41
3214,856456,0.6183,80.0,180,10,3,0,31.42
3215,856760,0.6182,-10.0,140,8,2,0,31.43
3216,857016,0.6181,20.0,120,8,3,0,31.44
3217,857272,0.618,90.0,190,11,3,0,31.45
3218,857528,0.6179,10.0,160,9,2,0,31.45
3219,857784,0.6177,100.0,200,10,3,0,31.46
3220,858040,0.6176,80.0,180,10,3,0,31.47
3221,858296,0.6175,140.0,240,13,3,0,31.48
3222,858552,0.6174,90.0,190,12,3,0,31.49
3223,858808,0.6173,100.0,200,12,3,0,31.5
3224,859064,0.6172,60.0,160,10,3,0,31.51
3225,859320,0.617,220.0,320,17,3,0,31.52
3226,859664,0.6169,280.0,380,20,3,0,31.53
3227,859920,0.6168,80.0,180,11,3,0,31.54
3228,860192,0.6167,170.0,270,14,3,0,31.54
3229,860448,0.6166,-20.0,130,8,2,0,31.55
3230,860728,0.6164,160.0,260,16,3,0,31.56
3231,860984,0.6163,120.0,220,13,3,0,31.57
3232,861240,0.6162,80.0,230,13,2,0,31.58
3233,861520,0.6161,130.0,230,14,3,0,31.59
3234,861808,0.616,160.0,260,12,3,0,31.6
3235,862064,0.6158,90.0,290,16,1,0,31.61
3236,862320,0.6157,70.0,170,11,3,0,31.62
3237,862576,0.6156,0.0,150,10,2,0,31.63
3238,862832,0.6155,100.0,200,12,3,0,31.63
3239,863136,0.6154,160.0,310,17,2,0,31.64
3240,863392,0.6153,110.0,210,12,3,0,31.65
3241,863648,0.6151,100.0,200,10,3,0,31.66
3242,863904,0.615,50.0,150,9,3,0,31.67
3243,864168,0.6149,170.0,270,15,3,0,31.68
3244,864424,0.6148,140.0,240,14,3,0,31.69
3245,864680,0.6147,80.0,180,10,3,0,31.7
3246,864936,0.6145,140.0,240,13,3,0,31.7
3247,865208,0.6144,90.0,240,14,2,0,31.71
3248,865464,0.6143,10.0,160,9,2,0,31.72
3249,865728,0.6142,-20.0,130,8,2,0,31.73
3250,865984,0.6141,180.0,280,16,3,0,31.74
3251,866240,0.6139,180.0,280,14,3,0,31.75
3252,866496,0.6138,40.0,190,12,2,0,31.76
3253,866776,0.6137,170.0,270,16,3,0,31.77
3254,867032,0.6136,110.0,210,13,3,0,31.78
3255,867424,0.6135,140.0,340,19,1,0,31.79
3256,867680,0.6134,90.0,190,10,3,0,31.8
3257,867936,0.6132,70.0,170,9,3,0,31.81
3258,868192,0.6131,80.0,180,11,3,0,31.82
3259,868448,0.613,90.0,190,11,3,0,31.83
3260,868720,0.6129,120.0,220,12,3,0,31.84
3261,868976,0.6128,120.0,220,13,3,0,31.84
3262,869232,0.6126,80.0,230,13,2,0,31.85
3263,869488,0.6125,80.0,180,12,3,0,31.86
3264,869816,0.6124,280.0,380,20,3,0,31.88
3265,870096,0.6123,180.0,280,16,3,0,31.89
3266,870400,0.6122,210.0,360,20,2,0,31.9
3267,870656,0.612,120.0,220,12,3,0,31.91
3268,870912,0.6119,80.0,180,10,3,0,31.91
3269,871192,0.6118,140.0,290,17,2,0,31.93
3270,871448,0.6117,80.0,280,15,1,0,31.93
3271,871704,0.6116,40.0,190,11,2,0,31.94
3272,871960,0.6115,-20.0,130,9,2,0,31.95
3273,872216,0.6113,-10.0,90,6,3,0,31.96
3274,872472,0.6112,80.0,180,11,3,0,31.97
3275,872728,0.6111,120.0,220,13,3,0,31.98
3276,872984,0.611,50.0,200,12,2,0,31.99
3277,873240,0.6109,80.0,230,13,2,0,32.0
3278,873496,0.6107,140.0,240,13,3,0,32.01
3279,873808,0.6106,110.0,210,12,3,0,32.02
3280,874088,0.6105,170.0,270,16,3,0,32.03
3281,874344,0.6104,-90.0,60,5,2,0,32.04
3282,874680,0.6103,140.0,290,17,2,0,32.05
3283,874936,0.6101,90.0,190,11,3,0,32.06
3284,875312,0.61,170.0,270,16,3,0,32.07
3285,875568,0.6099,100.0,200,12,3,0,32.08
3286,875880,0.6098,220.0,320,18,3,0,32.09
3287,876160,0.6097,110.0,210,12,3,0,32.1
3288,876416,0.6096,0.0,100,8,3,0,32.11
3289,876672,0.6094,70.0,220,13,2,0,32.12
3290,876928,0.6093,40.0,140,7,3,0,32.13
3291,877184,0.6092,90.0,190,10,3,0,32.14
3292,877528,0.6091,130.0,280,17,2,0,32.15
3293,877784,0.609,50.0,150,11,3,0,32.16
3294,878040,0.6088,70.0,170,10,3,0,32.17
3295,878296,0.6087,50.0,150,9,3,0,32.18
3296,878624,0.6086,200.0,300,16,3,0,32.19
3297,878880,0.6085,50.0,150,9,3,0,32.2
3298,879136,0.6084,40.0,140,9,3,0,32.21
3299,879392,0.6082,40.0,190,12,2,0,32.22
3300,879648,0.6081,120.0,220,13,3,0,32.23
3301,879904,0.608,80.0,180,11,3,0,32.24
3302,880160,0.6079,0.0,150,9,2,0,32.25
3303,880448,0.6078,30.0,180,10,2,0,32.26
3304,880704,0.6077,60.0,210,12,2,0,32.27
3305,880976,0.6075,100.0,200,12,3,0,32.28
3306,881232,0.6074,100.0,200,13,3,0,32.29
3307,881488,0.6073,170.0,270,15,3,0,32.3
3308,881824,0.6072,200.0,300,15,3,0,32.31
3309,882120,0.6071,280.0,380,20,3,0,32.32
3310,882376,0.6069,50.0,150,8,3,0,32.33
3311,882656,0.6068,80.0,280,16,1,0,32.34
3312,882912,0.6067,110.0,210,11,3,0,32.35
3313,883272,0.6066,170.0,320,18,2,0,32.36
3314,883568,0.6065,210.0,310,18,3,0,32.37
3315,883856,0.6063,90.0,240,12,2,0,32.38
3316,884112,0.6062,90.0,190,11,3,0,32.39
3317,884368,0.6061,60.0,160,11,3,0,32.4
3318,884648,0.606,210.0,310,18,3,0,32.41
3319,884904,0.6059,0.0,100,6,3,0,32.42
3320,885160,0.6058,60.0,160,10,3,0,32.43
3321,885416,0.6056,30.0,130,7,3,0,32.44
3322,885696,0.6055,150.0,250,16,3,0,32.45
3323,885952,0.6054,170.0,270,15,3,0,32.46
3324,886264,0.6053,260.0,360,19,3,0,32.47
3325,886520,0.6052,70.0,170,11,3,0,32.48
3326,886776,0.605,60.0,210,13,2,0,32.49
3327,887032,0.6049,160.0,260,15,3,0,32.5
3328,887440,0.6048,350.0,450,23,3,0,32.51
3329,887696,0.6047,80.0,180,12,3,0,32.52
3330,887952,0.6046,0.0,100,6,3,0,32.53
3331,888208,0.6044,190.0,290,15,3,0,32.54
3332,888480,0.6043,70.0,220,12,2,0,32.55
3333,888736,0.6042,10.0,160,9,2,0,32.56
3334,889008,0.6041,180.0,280,16,3,0,32.57
3335,889264,0.604,0.0,100,7,3,0,32.58
3336,889584,0.6038,200.0,300,16,3,0,32.59
3337,889840,0.6037,-20.0,80,6,3,0,32.6
3338,890128,0.6036,80.0,180,10,3,0,32.61
3339,890384,0.6035,40.0,140,10,3,0,32.62
3340,890640,0.6034,180.0,280,15,3,0,32.63
3341,890896,0.6033,10.0,110,6,3,0,32.64
3342,891152,0.6031,60.0,210,11,2,0,32.65
3343,891440,0.603,170.0,270,15,3,0,32.66
3344,891720,0.6029,110.0,210,13,3,0,32.67
3345,891976,0.6028,190.0,290,15,3,0,32.68
3346,892232,0.6027,100.0,200,12,3,0,32.69
3347,892488,0.6025,0.0,200,12,1,0,32.7
3348,892792,0.6024,200.0,300,15,3,0,32.71
3349,893112,0.6023,130.0,230,13,3,0,32.72
3350,893432,0.6022,60.0,210,11,2,0,32.73
3351,893768,0.6021,180.0,280,15,3,0,32.74
3352,894024,0.6019,80.0,180,10,3,0,32.75
3353,894304,0.6018,160.0,260,16,3,0,32.76
3354,894560,0.6017,90.0,190,11,3,0,32.77
3355,894824,0.6016,140.0,240,13,3,0,32.78
3356,895144,0.6015,180.0,330,17,2,0,32.79
3357,895400,0.6014,90.0,190,11,3,0,32.8
3358,895656,0.6012,90.0,190,12,3,0,32.81
3359,895912,0.6011,50.0,150,8,3,0,32.82
3360,896168,0.601,50.0,150,8,3,0,32.83
3361,896424,0.6009,30.0,180,11,2,0,32.84
3362,896680,0.6008,130.0,230,13,3,0,32.85
3363,896936,0.6006,60.0,160,9,3,0,32.86
3364,897192,0.6005,100.0,200,13,3,0,32.87
3365,897448,0.6004,50.0,200,11,2,0,32.88
3366,897704,0.6003,130.0,230,12,3,0,32.89
3367,898024,0.6002,10.0,160,8,2,0,32.9
3368,898280,0.6,-10.0,90,6,3,0,32.91
3369,898616,0.5999,130.0,230,13,3,0,32.92
3370,898872,0.5998,0.0,150,9,2,0,32.93
3371,899152,0.5997,30.0,180,10,2,0,32.94
3372,899448,0.5996,200.0,300,17,3,0,32.95
3373,899704,0.5995,10.0,110,7,3,0,32.96
3374,899976,0.5993,140.0,240,13,3,0,32.97
3375,900280,0.5992,170.0,270,14,3,0,32.98
3376,900568,0.5991,160.0,310,16,2,0,32.99
3377,900872,0.599,70.0,220,11,2,0,33.0
3378,901128,0.5989,90.0,190,12,3,0,33.01
3379,901392,0.5987,30.0,180,10,2,0,33.02
3380,901744,0.5986,210.0,310,17,3,0,33.03
3381,902008,0.5985,120.0,220,11,3,0,33.04
3382,902312,0.5984,240.0,390,21,2,0,33.05
3383,902568,0.5983,70.0,270,15,1,0,33.06
3384,902824,0.5981,0.0,150,10,2,0,33.07
3385,903096,0.598,110.0,210,11,3,0,33.08
3386,903352,0.5979,-40.0,110,7,2,0,33.09
3387,903656,0.5978,20.0,170,12,2,0,33.1
3388,903976,0.5977,90.0,190,10,3,0,33.11
3389,904232,0.5976,140.0,240,14,3,0,33.12
3390,904488,0.5974,80.0,180,10,3,0,33.13
3391,904768,0.5973,20.0,220,14,1,0,33.14
3392,905040,0.5972,140.0,240,13,3,0,33.15
3393,905296,0.5971,-60.0,90,7,2,0,33.16
3394,905552,0.597,-90.0,110,8,1,0,33.17
3395,905808,0.5968,10.0,160,9,2,0,33.18
3396,906064,0.5967,70.0,170,9,3,0,33.19
3397,906320,0.5966,20.0,170,10,2,0,33.2
3398,906576,0.5965,50.0,150,10,3,0,33.21
3399,906832,0.5964,180.0,280,15,3,0,33.22
3400,907120,0.5962,80.0,180,9,3,0,33.23
3401,907384,0.5961,160.0,260,14,3,0,33.24
3402,907648,0.596,50.0,150,9,3,0,33.25
3403,907912,0.5959,20.0,120,7,3,0,33.26
3404,908184,0.5958,50.0,150,7,3,0,33.27
3405,908472,0.5957,20.0,120,6,3,0,33.28
3406,908728,0.5955,10.0,110,7,3,0,33.29
3407,908984,0.5954,90.0,190,12,3,0,33.3
3408,909240,0.5953,140.0,240,14,3,0,33.3
3409,909496,0.5952,40.0,140,8,3,0,33.31
3410,909768,0.5951,130.0,230,13,3,0,33.32
3411,910024,0.5949,110.0,210,13,3,0,33.33
3412,910280,0.5948,0.0,150,10,2,0,33.34
3413,910536,0.5947,20.0,120,7,3,0,33.35
3414,910792,0.5946,80.0,180,11,3,0,33.36
3415,911088,0.5945,120.0,220,12,3,0,33.37
3416,911344,0.5944,90.0,240,14,2,0,33.38
3417,911600,0.5942,20.0,170,10,2,0,33.39
3418,911880,0.5941,220.0,320,18,3,0,33.4
3419,912136,0.594,10.0,160,10,2,0,33.41
3420,912392,0.5939,20.0,120,8,3,0,33.42
3421,912648,0.5938,-20.0,80,7,3,0,33.42
3422,912904,0.5936,-60.0,90,4,2,0,33.43
3423,913160,0.5935,50.0,150,8,3,0,33.44
3424,913448,0.5934,110.0,210,11,3,0,33.45
3425,913704,0.5933,20.0,120,8,3,0,33.46
3426,913976,0.5932,80.0,180,10,3,0,33.47
3427,914232,0.593,130.0,230,13,3,0,33.48
3428,914536,0.5929,80.0,180,10,3,0,33.49
3429,914856,0.5928,90.0,190,10,3,0,33.5
3430,915232,0.5927,230.0,330,18,3,0,33.52
3431,915488,0.5926,-40.0,110,7,2,0,33.53
3432,915792,0.5925,150.0,250,14,3,0,33.54
3433,916088,0.5923,100.0,250,13,2,0,33.55
3434,916368,0.5922,90.0,240,11,2,0,33.56
3435,916664,0.5921,60.0,160,9,3,0,33.57
3436,916920,0.592,80.0,230,13,2,0,33.58
3437,917192,0.5919,90.0,190,10,3,0,33.59
3438,917448,0.5917,80.0,180,11,3,0,33.6
3439,917704,0.5916,80.0,180,10,3,0,33.61
3440,917960,0.5915,30.0,130,8,3,0,33.62
3441,918240,0.5914,110.0,210,11,3,0,33.63
3442,918496,0.5913,80.0,230,13,2,0,33.64
3443,918752,0.5911,50.0,150,9,3,0,33.64
3444,919008,0.591,90.0,190,10,3,0,33.65
3445,919312,0.5909,110.0,260,16,2,0,33.66
3446,919584,0.5908,100.0,200,12,3,0,33.67
3447,919840,0.5907,70.0,170,12,3,0,33.68
3448,920120,0.5906,150.0,250,15,3,0,33.69
3449,920376,0.5904,130.0,230,11,3,0,33.7
3450,920632,0.5903,70.0,170,10,3,0,33.71
3451,920936,0.5902,150.0,300,17,2,0,33.72
3452,921192,0.5901,110.0,210,12,3,0,33.73
3453,921528,0.59,250.0,350,19,3,0,33.74
3454,921784,0.5898,120.0,220,13,3,0,33.75
3455,922088,0.5897,90.0,190,11,3,0,33.77
3456,922344,0.5896,40.0,140,8,3,0,33.77
3457,922600,0.5895,100.0,200,11,3,0,33.78
3458,922920,0.5894,160.0,310,17,2,0,33.8
3459,923176,0.5892,130.0,230,12,3,0,33.81
3460,923504,0.5891,170.0,270,16,3,0,33.82
3461,923760,0.589,150.0,300,16,2,0,33.83
3462,924040,0.5889,180.0,280,16,3,0,33.84
3463,924336,0.5888,180.0,280,15,3,0,33.85
3464,924592,0.5887,50.0,200,11,2,0,33.86
3465,924848,0.5885,-40.0,110,7,2,0,33.87
3466,925104,0.5884,100.0,200,12,3,0,33.87
3467,925360,0.5883,60.0,160,10,3,0,33.88
3468,925616,0.5882,90.0,190,11,3,0,33.89
3469,926008,0.5881,320.0,420,22,3,0,33.91
3470,926264,0.5879,70.0,170,10,3,0,33.92
3471,926528,0.5878,90.0,190,10,3,0,33.93
3472,926784,0.5877,200.0,300,16,3,0,33.94
3473,927064,0.5876,160.0,260,16,3,0,33.95
3474,927320,0.5875,90.0,240,12,2,0,33.96
3475,927576,0.5873,0.0,100,7,3,0,33.96
3476,927872,0.5872,160.0,260,16,3,0,33.98
3477,928128,0.5871,80.0,230,11,2,0,33.98
3478,928384,0.587,90.0,190,10,3,0,33.99
3479,928656,0.5869,100.0,250,13,2,0,34.0
3480,928912,0.5867,130.0,230,11,3,0,34.01
3481,929168,0.5866,220.0,320,17,3,0,34.02
3482,929424,0.5865,130.0,230,13,3,0,34.03
3483,929680,0.5864,140.0,240,14,3,0,34.04
3484,929936,0.5863,40.0,190,10,2,0,34.05
3485,930192,0.5862,50.0,150,10,3,0,34.06
3486,930448,0.586,70.0,220,13,2,0,34.07
3487,930704,0.5859,70.0,170,10,3,0,34.08
3488,930960,0.5858,70.0,170,11,3,0,34.09
3489,931232,0.5857,60.0,210,11,2,0,34.1
3490,931504,0.5856,30.0,130,8,3,0,34.11
3491,931760,0.5854,-30.0,120,8,2,0,34.12
3492,932048,0.5853,50.0,150,8,3,0,34.13
3493,932304,0.5852,50.0,150,9,3,0,34.14
3494,932560,0.5851,190.0,290,15,3,0,34.15
3495,932816,0.585,70.0,170,9,3,0,34.16
3496,933072,0.5849,140.0,240,14,3,0,34.16
3497,933328,0.5847,200.0,300,16,3,0,34.17
3498,933584,0.5846,30.0,130,8,3,0,34.18
3499,933840,0.5845,-40.0,60,5,3,0,34.19
3500,934096,0.5844,30.0,180,10,2,0,34.2
3501,934352,0.5843,140.0,240,13,3,0,34.21
3502,934608,0.5841,40.0,140,9,3,0,34.22
3503,934888,0.584,130.0,230,14,3,0,34.23
3504,935192,0.5839,80.0,180,9,3,0,34.24
3505,935480,0.5838,20.0,220,12,1,0,34.25
3506,935736,0.5837,160.0,260,14,3,0,34.26
3507,936016,0.5835,80.0,230,14,2,0,34.27
3508,936272,0.5834,160.0,260,13,3,0,34.28
3509,936544,0.5833,100.0,200,10,3,0,34.29
3510,936840,0.5832,70.0,170,10,3,0,34.3
3511,937160,0.5831,90.0,190,11,3,0,34.32
3512,937416,0.583,70.0,220,13,2,0,34.33
3513,937672,0.5828,50.0,150,9,3,0,34.34
3514,937928,0.5827,70.0,170,10,3,0,34.35
3515,938184,0.5826,90.0,190,12,3,0,34.36
3516,938440,0.5825,70.0,170,9,3,0,34.36
3517,938696,0.5824,50.0,150,8,3,0,34.37
3518,938952,0.5822,140.0,240,13,3,0,34.38
3519,939208,0.5821,40.0,140,10,3,0,34.39
3520,939504,0.582,-10.0,140,8,2,0,34.4
3521,939776,0.5819,50.0,150,9,3,0,34.41
3522,940032,0.5818,120.0,220,12,3,0,34.42
3523,940288,0.5816,60.0,160,9,3,0,34.43
3524,940544,0.5815,60.0,210,12,2,0,34.44
3525,940800,0.5814,80.0,230,13,2,0,34.45
3526,941056,0.5813,50.0,200,12,2,0,34.46
3527,941376,0.5812,60.0,210,13,2,0,34.47
3528,941680,0.5811,30.0,180,10,2,0,34.48
3529,941936,0.5809,-10.0,190,12,1,0,34.49
3530,942200,0.5808,90.0,190,9,3,0,34.5
3531,942488,0.5807,50.0,200,11,2,0,34.51
3532,942744,0.5806,140.0,240,13,3,0,34.52
3533,943000,0.5805,140.0,240,13,3,0,34.53
3534,943288,0.5803,170.0,270,14,3,0,34.54
3535,943544,0.5802,120.0,220,13,3,0,34.55
3536,943840,0.5801,170.0,270,14,3,0,34.56
3537,944104,0.58,-10.0,90,6,3,0,34.57
3538,944424,0.5799,160.0,260,14,3,0,34.58
3539,944680,0.5797,70.0,170,10,3,0,34.59
3540,944936,0.5796,80.0,180,9,3,0,34.6
3541,945192,0.5795,-50.0,50,4,3,0,34.61
3542,945480,0.5794,80.0,180,9,3,0,34.62
3543,945848,0.5793,60.0,160,9,3,0,34.63
3544,946104,0.5792,90.0,190,11,3,0,34.64
3545,946440,0.579,220.0,320,17,3,0,34.66
3546,946696,0.5789,190.0,290,14,3,0,34.67
3547,946952,0.5788,50.0,200,12,2,0,34.67
3548,947208,0.5787,-20.0,80,5,3,0,34.68
3549,947480,0.5786,40.0,140,8,3,0,34.69
3550,947736,0.5784,70.0,170,10,3,0,34.7
3551,947992,0.5783,80.0,180,10,3,0,34.71
3552,948248,0.5782,110.0,210,11,3,0,34.72
3553,948504,0.5781,10.0,110,7,3,0,34.73
3554,948760,0.578,20.0,120,7,3,0,34.74
3555,949016,0.5778,40.0,140,9,3,0,34.75
3556,949296,0.5777,190.0,290,17,3,0,34.76
3557,949584,0.5776,150.0,300,17,2,0,34.77
3558,949840,0.5775,120.0,220,12,3,0,34.78
3559,950096,0.5774,40.0,140,9,3,0,34.79
3560,950376,0.5773,130.0,230,14,3,0,34.8
3561,950632,0.5771,60.0,160,10,3,0,34.81
3562,950936,0.577,70.0,170,8,3,0,34.82
3563,951216,0.5769,90.0,240,15,2,0,34.83
3564,951472,0.5768,-70.0,130,7,1,0,34.84
3565,951728,0.5767,-40.0,110,7,2,0,34.85
3566,951984,0.5765,-70.0,80,4,2,0,34.86
3567,952320,0.5764,140.0,240,13,3,0,34.87
3568,952576,0.5763,10.0,160,9,2,0,34.88
3569,952848,0.5762,70.0,170,9,3,0,34.89
3570,953152,0.5761,80.0,180,10,3,0,34.9
3571,953504,0.5759,110.0,210,11,3,0,34.91
3572,953792,0.5758,60.0,210,12,2,0,34.92
3573,954048,0.5757,160.0,310,17,2,0,34.93
3574,954304,0.5756,10.0,160,10,2,0,34.94
3575,954560,0.5755,-40.0,60,5,3,0,34.95
3576,954816,0.5754,110.0,210,12,3,0,34.96
3577,955072,0.5752,0.0,150,8,2,0,34.97
3578,955352,0.5751,100.0,250,15,2,0,34.98
3579,955632,0.575,140.0,240,12,3,0,34.99
3580,955960,0.5749,260.0,360,19,3,0,35.0
3581,956232,0.5748,110.0,210,13,3,0,35.01
3582,956488,0.5746,220.0,320,17,3,0,35.02
3583,956744,0.5745,60.0,160,9,3,0,35.03
3584,957000,0.5744,10.0,210,11,1,0,35.04
3585,957272,0.5743,150.0,250,14,3,0,35.05
3586,957528,0.5742,50.0,150,7,3,0,35.06
3587,957784,0.574,50.0,150,9,3,0,35.07
3588,958040,0.5739,10.0,160,10,2,0,35.08
3589,958296,0.5738,-10.0,90,5,3,0,35.09
3590,958552,0.5737,210.0,310,16,3,0,35.09
3591,958808,0.5736,60.0,160,10,3,0,35.1
3592,959080,0.5735,100.0,200,11,3,0,35.11
3593,959336,0.5733,-10.0,190,10,1,0,35.12
3594,959592,0.5732,10.0,110,7,3,0,35.13
3595,959880,0.5731,200.0,300,15,3,0,35.14
3596,960136,0.573,140.0,240,14,3,0,35.15
3597,960408,0.5729,40.0,140,6,3,0,35.16
3598,960664,0.5727,60.0,160,9,3,0,35.17
3599,960920,0.5726,20.0,120,6,3,0,35.18
3600,961176,0.5725,110.0,210,13,3,0,35.19
3601,961432,0.5724,110.0,210,11,3,0,35.2
3602,961688,0.5723,70.0,170,10,3,0,35.21
3603,962096,0.5721,350.0,450,23,3,0,35.22
3604,962352,0.572,140.0,240,13,3,0,35.23
3605,962608,0.5719,40.0,140,9,3,0,35.24
3606,963000,0.5718,200.0,350,19,2,0,35.26
3607,963256,0.5717,-30.0,70,5,3,0,35.27
3608,963536,0.5716,80.0,180,10,3,0,35.28
3609,963792,0.5714,0.0,150,11,2,0,35.29
3610,964128,0.5713,240.0,340,17,3,0,35.3
3611,964384,0.5712,30.0,130,8,3,0,35.31
3612,964688,0.5711,110.0,210,12,3,0,35.32
3613,964968,0.571,220.0,320,18,3,0,35.33
3614,965224,0.5708,-30.0,120,6,2,0,35.34
3615,965480,0.5707,20.0,170,11,2,0,35.35
3616,965736,0.5706,150.0,250,15,3,0,35.36
3617,965992,0.5705,-50.0,100,6,2,0,35.37
3618,966248,0.5704,130.0,230,12,3,0,35.38
3619,966504,0.5702,60.0,160,9,3,0,35.38
3620,966784,0.5701,150.0,250,15,3,0,35.39
3621,967064,0.57,80.0,180,12,3,0,35.4
3622,967320,0.5699,80.0,180,11,3,0,35.41
3623,967600,0.5698,80.0,180,12,3,0,35.42
3624,967856,0.5696,-20.0,130,10,2,0,35.43
3625,968112,0.5695,70.0,170,11,3,0,35.44
3626,968368,0.5694,-10.0,90,5,3,0,35.45
3627,968624,0.5693,-10.0,140,8,2,0,35.46
3628,968880,0.5692,90.0,190,10,3,0,35.47
3629,969136,0.5691,120.0,220,12,3,0,35.48
3630,969392,0.5689,120.0,220,11,3,0,35.49
3631,969648,0.5688,150.0,250,14,3,0,35.5
3632,969904,0.5687,90.0,190,10,3,0,35.51
3633,970160,0.5686,160.0,260,14,3,0,35.52
3634,970416,0.5685,120.0,270,14,2,0,35.53
3635,970728,0.5683,170.0,270,16,3,0,35.54
3636,970984,0.5682,0.0,100,7,3,0,35.55
3637,971240,0.5681,90.0,190,11,3,0,35.56
3638,971496,0.568,100.0,200,12,3,0,35.57
3639,971752,0.5679,0.0,100,7,3,0,35.58
3640,972008,0.5677,70.0,170,9,3,0,35.58
3641,972296,0.5676,10.0,160,9,2,0,35.59
3642,972632,0.5675,240.0,340,18,3,0,35.61
3643,972888,0.5674,20.0,120,8,3,0,35.62
3644,973224,0.5673,220.0,320,18,3,0,35.63
3645,973480,0.5672,70.0,170,8,3,0,35.64
3646,973736,0.567,70.0,170,11,3,0,35.65
3647,974008,0.5669,190.0,290,16,3,0,35.66
3648,974296,0.5668,20.0,120,7,3,0,35.67
3649,974552,0.5667,200.0,300,17,3,0,35.68
3650,974808,0.5666,100.0,200,12,3,0,35.69
3651,975064,0.5664,10.0,110,7,3,0,35.7
3652,975320,0.5663,40.0,140,9,3,0,35.7
3653,975576,0.5662,10.0,110,6,3,0,35.71
3654,975832,0.5661,50.0,200,12,2,0,35.72
3655,976088,0.566,110.0,210,12,3,0,35.73
3656,976344,0.5658,30.0,180,10,2,0,35.74
3657,976600,0.5657,60.0,160,11,3,0,35.75
3658,976856,0.5656,-50.0,150,11,1,0,35.76
3659,977112,0.5655,140.0,240,13,3,0,35.77
3660,977368,0.5654,30.0,130,8,3,0,35.78
3661,977624,0.5653,120.0,220,13,3,0,35.79
3662,977880,0.5651,50.0,150,11,3,0,35.8
3663,978136,0.565,90.0,190,11,3,0,35.81
3664,978392,0.5649,190.0,290,15,3,0,35.82
3665,978672,0.5648,240.0,340,19,3,0,35.83
3666,978928,0.5647,30.0,130,8,3,0,35.84
3667,979184,0.5645,130.0,230,12,3,0,35.84
3668,979504,0.5644,170.0,270,15,3,0,35.86
3669,979760,0.5643,110.0,210,11,3,0,35.87
3670,980016,0.5642,-70.0,130,7,1,0,35.88
3671,980336,0.5641,110.0,210,12,3,0,35.89
3672,980640,0.564,140.0,240,12,3,0,35.9
3673,980896,0.5638,170.0,270,15,3,0,35.91
3674,981152,0.5637,100.0,200,12,3,0,35.92
3675,981408,0.5636,60.0,160,10,3,0,35.93
3676,981664,0.5635,110.0,210,11,3,0,35.93
3677,981920,0.5634,80.0,230,13,2,0,35.94
3678,982224,0.5632,190.0,290,16,3,0,35.96
3679,982536,0.5631,130.0,280,16,2,0,35.97
3680,982904,0.563,210.0,360,20,2,0,35.98
3681,983160,0.5629,140.0,240,12,3,0,35.99
3682,983584,0.5628,200.0,300,17,3,0,36.0
3683,983840,0.5626,-10.0,90,5,3,0,36.01
3684,984096,0.5625,-10.0,90,6,3,0,36.02
3685,984616,0.5624,350.0,450,23,3,0,36.04
3686,984880,0.5623,160.0,260,14,3,0,36.05
3687,985136,0.5622,-70.0,130,8,1,0,36.06
3688,985424,0.562,70.0,220,12,2,0,36.07
3689,985680,0.5619,-50.0,100,6,2,0,36.08
3690,985936,0.5618,-20.0,80,6,3,0,36.09
3691,986192,0.5617,10.0,110,7,3,0,36.1
3692,986448,0.5616,0.0,150,10,2,0,36.11
3693,986704,0.5615,50.0,150,9,3,0,36.12
3694,986960,0.5613,60.0,160,10,3,0,36.13
3695,987216,0.5612,100.0,200,12,3,0,36.14
3696,987480,0.5611,180.0,280,15,3,0,36.15
3697,987736,0.561,50.0,200,11,2,0,36.15
3698,988016,0.5609,150.0,250,15,3,0,36.16
3699,988272,0.5607,160.0,260,15,3,0,36.17
3700,988608,0.5606,160.0,260,14,3,0,36.19
3701,988864,0.5605,90.0,190,10,3,0,36.2
3702,989120,0.5604,110.0,210,11,3,0,36.2
3703,989376,0.5603,120.0,220,13,3,0,36.21
3704,989632,0.5602,100.0,200,12,3,0,36.22
3705,990016,0.56,290.0,390,21,3,0,36.24
3706,990272,0.5599,40.0,140,8,3,0,36.25
3707,990528,0.5598,50.0,200,13,2,0,36.26
3708,990784,0.5597,100.0,200,12,3,0,36.27
3709,991072,0.5596,-70.0,130,8,1,0,36.28
3710,991376,0.5594,140.0,240,12,3,0,36.29
3711,991680,0.5593,170.0,270,14,3,0,36.3
3712,991936,0.5592,-20.0,130,7,2,0,36.31
3713,992200,0.5591,90.0,190,11,3,0,36.32
3714,992480,0.559,220.0,320,18,3,0,36.33
3715,992736,0.5588,40.0,140,9,3,0,36.34
3716,992992,0.5587,190.0,290,16,3,0,36.35
3717,993248,0.5586,-70.0,130,7,1,0,36.36
3718,993504,0.5585,0.0,200,11,1,0,36.36
3719,993760,0.5584,100.0,200,12,3,0,36.37
3720,994016,0.5583,70.0,170,10,3,0,36.38
3721,994272,0.5581,180.0,280,16,3,0,36.39
3722,994584,0.558,200.0,300,17,3,0,36.4
3723,994872,0.5579,120.0,220,12,3,0,36.41
3724,995128,0.5578,160.0,260,13,3,0,36.42
3725,995384,0.5577,80.0,180,10,3,0,36.43
3726,995688,0.5575,200.0,350,18,2,0,36.44
3727,996024,0.5574,200.0,300,17,3,0,36.46
3728,996288,0.5573,100.0,250,13,2,0,36.47
3729,996544,0.5572,-20.0,80,4,3,0,36.48
3730,996832,0.5571,210.0,310,18,3,0,36.49
3731,997104,0.5569,110.0,210,12,3,0,36.5
3732,997360,0.5568,180.0,280,15,3,0,36.5
3733,997712,0.5567,280.0,430,22,2,0,36.52
3734,998024,0.5566,170.0,320,18,2,0,36.53
3735,998280,0.5565,10.0,210,12,1,0,36.54
3736,998536,0.5564,170.0,270,15,3,0,36.55
3737,998792,0.5562,20.0,120,6,3,0,36.56
3738,999048,0.5561,110.0,210,11,3,0,36.56
3739,999304,0.556,100.0,250,12,2,0,36.57
3740,999560,0.5559,110.0,210,13,3,0,36.58
3741,999816,0.5558,110.0,210,12,3,0,36.59
3742,1000072,0.5556,0.0,150,10,2,0,36.6
3743,1000432,0.5555,240.0,340,17,3,0,36.61
3744,1000752,0.5554,140.0,240,13,3,0,36.62
3745,1001032,0.5553,150.0,250,15,3,0,36.63
3746,1001288,0.5552,50.0,150,9,3,0,36.64
3747,1001544,0.555,110.0,210,12,3,0,36.65
3748,1001800,0.5549,160.0,260,14,3,0,36.66
3749,1002056,0.5548,90.0,190,11,3,0,36.67
3750,1002312,0.5547,130.0,230,13,3,0,36.68
3751,1002568,0.5546,50.0,150,9,3,0,36.69
3752,1002824,0.5545,0.0,100,6,3,0,36.7
3753,1003096,0.5543,90.0,190,10,3,0,36.71
3754,1003352,0.5542,80.0,180,10,3,0,36.72
3755,1003608,0.5541,100.0,200,12,3,0,36.73
3756,1003864,0.554,70.0,170,10,3,0,36.73
3757,1004168,0.5539,90.0,240,12,2,0,36.75
3758,1004432,0.5537,130.0,230,14,3,0,36.75
3759,1004752,0.5536,140.0,240,13,3,0,36.77
3760,1005008,0.5535,70.0,170,10,3,0,36.78
3761,1005312,0.5534,160.0,260,14,3,0,36.79
3762,1005568,0.5533,120.0,220,12,3,0,36.79
3763,1005824,0.5531,100.0,250,14,2,0,36.8
3764,1006080,0.553,30.0,130,9,3,0,36.81
3765,1006336,0.5529,-90.0,60,4,2,0,36.82
3766,1006592,0.5528,20.0,170,10,2,0,36.83
3767,1006856,0.5527,30.0,130,8,3,0,36.84
3768,1007120,0.5525,160.0,310,15,2,0,36.85
3769,1007400,0.5524,90.0,240,15,2,0,36.86
3770,1007656,0.5523,50.0,200,12,2,0,36.87
3771,1007960,0.5522,90.0,240,14,2,0,36.88
3772,1008216,0.5521,10.0,160,10,2,0,36.89
3773,1008480,0.552,120.0,220,12,3,0,36.9
3774,1008736,0.5518,110.0,210,11,3,0,36.91
3775,1008992,0.5517,50.0,150,9,3,0,36.92
3776,1009248,0.5516,60.0,260,14,1,0,36.93
3777,1009504,0.5515,40.0,190,11,2,0,36.94
3778,1009760,0.5514,40.0,140,8,3,0,36.95
3779,1010056,0.5512,70.0,170,9,3,0,36.96
3780,1010344,0.5511,80.0,180,11,3,0,36.97
3781,1010600,0.551,20.0,170,10,2,0,36.98
3782,1010856,0.5509,110.0,210,13,3,0,36.98
3783,1011184,0.5508,270.0,370,20,3,0,36.99
3784,1011440,0.5507,60.0,210,10,2,0,37.0
3785,1011696,0.5505,130.0,230,12,3,0,37.01
3786,1012098,0.5504,530.0,580,24,2,1,37.03
3787,1012354,0.5503,90.0,190,11,3,0,37.04
3788,1012610,0.5502,100.0,200,13,3,0,37.05
3789,1012866,0.5501,80.0,230,13,2,0,37.06
3790,1013122,0.5499,-50.0,100,7,2,0,37.06
3791,1013402,0.5498,90.0,190,13,3,0,37.07
3792,1013682,0.5497,100.0,200,13,3,0,37.08
3793,1013970,0.5496,160.0,260,16,3,0,37.1
3794,1014226,0.5495,50.0,200,11,2,0,37.1
3795,1014482,0.5493,110.0,210,13,3,0,37.11
3796,1014778,0.5492,220.0,320,18,3,0,37.12
3797,1015034,0.5491,50.0,150,9,3,0,37.13
3798,1015338,0.549,190.0,290,16,3,0,37.14
3799,1015754,0.5489,480.0,580,24,1,1,37.16
3800,1016010,0.5488,70.0,170,9,3,0,37.17
3801,1016266,0.5486,100.0,200,11,3,0,37.18
3802,1016546,0.5485,40.0,240,15,1,0,37.19
3803,1016802,0.5484,20.0,120,7,3,0,37.2
3804,1017114,0.5483,280.0,380,20,3,0,37.21
3805,1017450,0.5482,120.0,270,16,2,0,37.22
3806,1017730,0.548,210.0,310,18,3,0,37.23
3807,1017986,0.5479,40.0,140,10,3,0,37.24
3808,1018242,0.5478,70.0,220,13,2,0,37.25
3809,1018506,0.5477,20.0,120,8,3,0,37.26
3810,1018786,0.5476,70.0,170,12,3,0,37.27
3811,1019042,0.5474,100.0,200,12,3,0,37.28
3812,1019298,0.5473,100.0,200,12,3,0,37.29
3813,1019602,0.5472,170.0,270,15,3,0,37.3
3814,1019858,0.5471,120.0,220,12,3,0,37.31
3815,1020114,0.547,50.0,150,8,3,0,37.32
3816,1020370,0.5469,150.0,250,14,3,0,37.33
3817,1020626,0.5467,10.0,160,10,2,0,37.34
3818,1020906,0.5466,110.0,210,12,3,0,37.35
3819,1021250,0.5465,220.0,320,18,3,0,37.36
3820,1021530,0.5464,110.0,210,11,3,0,37.37
3821,1021786,0.5463,90.0,190,12,3,0,37.38
3822,1022042,0.5461,60.0,160,11,3,0,37.39
3823,1022298,0.546,60.0,160,9,3,0,37.4
3824,1022554,0.5459,-10.0,140,9,2,0,37.41
3825,1022810,0.5458,70.0,170,11,3,0,37.42
3826,1023066,0.5457,60.0,160,9,3,0,37.43
3827,1023354,0.5455,50.0,200,11,2,0,37.44
3828,1023610,0.5454,50.0,200,12,2,0,37.44
3829,1023898,0.5453,170.0,270,15,3,0,37.45
3830,1024154,0.5452,150.0,250,14,3,0,37.46
3831,1024490,0.5451,200.0,300,18,3,0,37.48
3832,1024746,0.545,110.0,210,12,3,0,37.48
3833,1025002,0.5448,110.0,210,12,3,0,37.49
3834,1025290,0.5447,30.0,180,10,2,0,37.5
3835,1025546,0.5446,80.0,180,12,3,0,37.51
3836,1025802,0.5445,100.0,200,11,3,0,37.52
3837,1026058,0.5444,80.0,180,11,3,0,37.53
3838,1026354,0.5442,100.0,200,11,3,0,37.54
3839,1026610,0.5441,50.0,150,8,3,0,37.55
3840,1026882,0.544,110.0,210,11,3,0,37.56
3841,1027162,0.5439,100.0,200,13,3,0,37.57
3842,1027418,0.5438,10.0,110,7,3,0,37.58
3843,1027674,0.5436,110.0,210,11,3,0,37.59
3844,1027954,0.5435,170.0,270,16,3,0,37.6
3845,1028210,0.5434,20.0,120,6,3,0,37.61
3846,1028466,0.5433,110.0,210,12,3,0,37.62
3847,1028834,0.5432,240.0,390,21,2,0,37.63
3848,1029090,0.5431,160.0,260,14,3,0,37.64
3849,1029346,0.5429,-50.0,50,3,3,0,37.65
3850,1029682,0.5428,80.0,230,13,2,0,37.66
3851,1029962,0.5427,300.0,400,21,3,0,37.67
3852,1030218,0.5426,60.0,160,9,3,0,37.68
3853,1030474,0.5425,20.0,120,7,3,0,37.69
3854,1030730,0.5423,-60.0,90,6,2,0,37.7
3855,1030986,0.5422,60.0,160,10,3,0,37.71
3856,1031242,0.5421,170.0,270,15,3,0,37.72
3857,1031498,0.542,10.0,160,9,2,0,37.73
3858,1031770,0.5419,200.0,300,16,3,0,37.74
3859,1032042,0.5417,50.0,250,14,1,0,37.75
3860,1032354,0.5416,90.0,190,12,3,0,37.76
3861,1032610,0.5415,40.0,140,8,3,0,37.77
3862,1032866,0.5414,100.0,250,14,2,0,37.78
3863,1033122,0.5413,50.0,200,11,2,0,37.79
3864,1033378,0.5412,0.0,100,5,3,0,37.8
3865,1033658,0.541,20.0,120,8,3,0,37.81
3866,1033962,0.5409,90.0,190,11,3,0,37.82
3867,1034226,0.5408,110.0,210,11,3,0,37.83
3868,1034482,0.5407,120.0,220,11,3,0,37.84
3869,1034738,0.5406,110.0,210,11,3,0,37.85
3870,1035074,0.5404,100.0,200,9,3,0,37.86
3871,1035394,0.5403,130.0,230,12,3,0,37.87
3872,1035650,0.5402,10.0,160,9,2,0,37.88
3873,1035930,0.5401,140.0,290,17,2,0,37.89
3874,1036186,0.54,90.0,190,11,3,0,37.9
3875,1036442,0.5398,100.0,200,10,3,0,37.91
3876,1036722,0.5397,220.0,320,18,3,0,37.92
3877,1036978,0.5396,90.0,190,12,3,0,37.93
3878,1037274,0.5395,200.0,300,17,3,0,37.94
3879,1037530,0.5394,60.0,210,13,2,0,37.95
3880,1037786,0.5393,90.0,190,9,3,0,37.96
3881,1038090,0.5391,90.0,190,10,3,0,37.97
3882,1038394,0.539,110.0,210,11,3,0,37.98
3883,1038650,0.5389,60.0,160,10,3,0,37.99
3884,1038938,0.5388,80.0,230,13,2,0,38.0
3885,1039194,0.5387,20.0,120,6,3,0,38.01
3886,1039466,0.5385,10.0,160,9,2,0,38.02
3887,1039722,0.5384,130.0,230,13,3,0,38.03
3888,1039978,0.5383,90.0,190,10,3,0,38.03
3889,1040250,0.5382,150.0,250,12,3,0,38.04
3890,1040506,0.5381,60.0,160,9,3,0,38.05
3891,1040762,0.5379,170.0,270,15,3,0,38.06
3892,1041034,0.5378,30.0,130,7,3,0,38.07
3893,1041322,0.5377,100.0,250,14,2,0,38.08
3894,1041610,0.5376,150.0,250,14,3,0,38.09
3895,1041906,0.5375,140.0,240,14,3,0,38.1
3896,1042162,0.5373,30.0,180,11,2,0,38.11
3897,1042418,0.5372,50.0,150,8,3,0,38.12
3898,1042674,0.5371,70.0,170,11,3,0,38.13
3899,1042978,0.537,250.0,350,19,3,0,38.14
3900,1043234,0.5369,190.0,290,16,3,0,38.15
3901,1043490,0.5368,170.0,270,14,3,0,38.16
3902,1043746,0.5366,60.0,160,10,3,0,38.17
3903,1044002,0.5365,70.0,170,10,3,0,38.18
3904,1044258,0.5364,20.0,120,8,3,0,38.19
3905,1044570,0.5363,220.0,320,18,3,0,38.2
3906,1044826,0.5362,50.0,150,9,3,0,38.21
3907,1045082,0.536,100.0,200,12,3,0,38.22
3908,1045370,0.5359,130.0,230,14,3,0,38.23
3909,1045666,0.5358,30.0,130,7,3,0,38.24
3910,1045922,0.5357,-10.0,140,8,2,0,38.25
3911,1046202,0.5356,160.0,260,16,3,0,38.26
3912,1046458,0.5354,90.0,190,9,3,0,38.27
3913,1046738,0.5353,180.0,280,16,3,0,38.28
3914,1046994,0.5352,110.0,210,12,3,0,38.29
3915,1047250,0.5351,250.0,350,18,3,0,38.3
3916,1047530,0.535,170.0,270,16,3,0,38.31
3917,1047794,0.5349,0.0,200,10,1,0,38.32
3918,1048050,0.5347,80.0,180,10,3,0,38.33
3919,1048322,0.5346,80.0,180,9,3,0,38.34
3920,1048578,0.5345,20.0,170,9,2,0,38.35
3921,1048866,0.5344,60.0,160,9,3,0,38.36
3922,1049122,0.5343,40.0,140,7,3,0,38.37
3923,1049410,0.5341,220.0,320,17,3,0,38.38
3924,1049698,0.534,190.0,290,15,3,0,38.39
3925,1049954,0.5339,90.0,240,14,2,0,38.4
3926,1050210,0.5338,150.0,250,13,3,0,38.41
3927,1050466,0.5337,130.0,230,14,3,0,38.42
3928,1050722,0.5335,30.0,180,12,2,0,38.43
3929,1050978,0.5334,100.0,200,11,3,0,38.43
3930,1051234,0.5333,60.0,160,9,3,0,38.44
3931,1051490,0.5332,100.0,200,11,3,0,38.45
3932,1051746,0.5331,80.0,180,9,3,0,38.46
3933,1052002,0.533,120.0,220,12,3,0,38.47
3934,1052258,0.5328,140.0,240,14,3,0,38.48
3935,1052530,0.5327,180.0,280,16,3,0,38.49
3936,1052786,0.5326,50.0,150,8,3,0,38.5
3937,1053042,0.5325,60.0,160,9,3,0,38.51
3938,1053298,0.5324,130.0,230,13,3,0,38.52
3939,1053554,0.5322,10.0,160,9,2,0,38.53
3940,1053842,0.5321,250.0,350,18,3,0,38.54
3941,1054122,0.532,180.0,280,16,3,0,38.55
3942,1054378,0.5319,130.0,280,16,2,0,38.56
3943,1054690,0.5318,160.0,310,17,2,0,38.57
3944,1054946,0.5316,40.0,140,8,3,0,38.58
3945,1055202,0.5315,60.0,160,9,3,0,38.59
3946,1055458,0.5314,-100.0,100,5,1,0,38.6
3947,1055714,0.5313,-60.0,140,7,1,0,38.61
3948,1056002,0.5312,70.0,170,9,3,0,38.62
3949,1056290,0.5311,40.0,190,10,2,0,38.63
3950,1056546,0.5309,150.0,250,14,3,0,38.64
3951,1056842,0.5308,150.0,300,17,2,0,38.65
3952,1057098,0.5307,190.0,290,16,3,0,38.66
3953,1057362,0.5306,70.0,170,9,3,0,38.67
3954,1057618,0.5305,80.0,180,9,3,0,38.68
3955,1057874,0.5303,-20.0,130,8,2,0,38.69
3956,1058130,0.5302,20.0,120,7,3,0,38.69
3957,1058514,0.5301,210.0,310,17,3,0,38.71
3958,1058770,0.53,120.0,220,12,3,0,38.72
3959,1059050,0.5299,30.0,130,7,3,0,38.73
3960,1059370,0.5297,70.0,220,12,2,0,38.74
3961,1059666,0.5296,170.0,270,14,3,0,38.75
3962,1059946,0.5295,70.0,170,12,3,0,38.76
3963,1060234,0.5294,80.0,180,9,3,0,38.77
3964,1060490,0.5293,170.0,270,16,3,0,38.78
3965,1060746,0.5292,70.0,220,12,2,0,38.79
3966,1061002,0.529,10.0,110,8,3,0,38.8
3967,1061274,0.5289,50.0,150,7,3,0,38.81
3968,1061562,0.5288,50.0,150,8,3,0,38.82
3969,1061818,0.5287,110.0,260,15,2,0,38.83
3970,1062090,0.5286,80.0,230,12,2,0,38.84
3971,1062346,0.5284,90.0,240,13,2,0,38.85
3972,1062602,0.5283,160.0,260,14,3,0,38.86
3973,1062906,0.5282,110.0,210,11,3,0,38.87
3974,1063186,0.5281,-30.0,120,8,2,0,38.88
3975,1063450,0.528,80.0,180,10,3,0,38.89
3976,1063834,0.5279,160.0,310,16,2,0,38.9
3977,1064090,0.5277,60.0,160,9,3,0,38.91
3978,1064362,0.5276,110.0,210,11,3,0,38.92
3979,1064618,0.5275,80.0,180,10,3,0,38.93
3980,1064914,0.5274,220.0,320,18,3,0,38.94
3981,1065170,0.5273,160.0,260,13,3,0,38.95
3982,1065426,0.5271,70.0,170,10,3,0,38.96
3983,1065730,0.527,100.0,200,11,3,0,38.97
3984,1065986,0.5269,110.0,210,11,3,0,38.98
3985,1066242,0.5268,100.0,200,12,3,0,38.99
3986,1066498,0.5267,110.0,210,12,3,0,39.0
3987,1066754,0.5265,10.0,110,9,3,0,39.01
3988,1067010,0.5264,100.0,200,12,3,0,39.02
3989,1067266,0.5263,120.0,220,12,3,0,39.03
3990,1067562,0.5262,140.0,290,17,2,0,39.04
3991,1067818,0.5261,130.0,230,12,3,0,39.05
3992,1068074,0.526,70.0,170,11,3,0,39.06
3993,1068354,0.5258,180.0,280,16,3,0,39.07
3994,1068610,0.5257,150.0,250,14,3,0,39.08
3995,1068866,0.5256,100.0,200,12,3,0,39.09
3996,1069122,0.5255,100.0,250,14,2,0,39.09
3997,1069426,0.5254,130.0,230,13,3,0,39.11
3998,1069682,0.5252,40.0,140,9,3,0,39.12
3999,1069962,0.5251,60.0,160,11,3,0,39.13
4000,1070218,0.525,140.0,240,13,3,0,39.13
4001,1070498,0.5249,190.0,290,17,3,0,39.14
4002,1070754,0.5248,-20.0,130,9,2,0,39.15
4003,1071010,0.5246,80.0,180,11,3,0,39.16
4004,1071466,0.5245,580.0,580,24,3,1,39.18
4005,1071746,0.5244,70.0,270,16,1,0,39.19
4006,1072002,0.5243,40.0,140,9,3,0,39.2
4007,1072367,0.5242,580.0,580,24,3,1,39.21
4008,1072647,0.5241,60.0,160,9,3,0,39.22
4009,1072903,0.5239,30.0,130,8,3,0,39.23
4010,1073263,0.5238,180.0,280,16,3,0,39.25
4011,1073519,0.5237,-10.0,140,9,2,0,39.25
4012,1073775,0.5236,30.0,130,7,3,0,39.26
4013,1074031,0.5235,40.0,190,11,2,0,39.27
4014,1074319,0.5233,60.0,210,13,2,0,39.28
4015,1074575,0.5232,100.0,200,12,3,0,39.29
4016,1074831,0.5231,150.0,250,13,3,0,39.3
4017,1075111,0.523,120.0,270,16,2,0,39.31
4018,1075367,0.5229,110.0,210,11,3,0,39.32
4019,1075623,0.5227,80.0,180,10,3,0,39.33
4020,1075903,0.5226,110.0,210,14,3,0,39.34
4021,1076159,0.5225,90.0,190,12,3,0,39.35
4022,1076530,0.5224,530.0,580,24,2,1,39.37
4023,1076874,0.5223,170.0,320,18,2,0,39.38
4024,1077130,0.5222,110.0,210,13,3,0,39.39
4025,1077410,0.522,160.0,260,16,3,0,39.4
4026,1077690,0.5219,180.0,280,16,3,0,39.41
4027,1077946,0.5218,120.0,220,13,3,0,39.42
4028,1078242,0.5217,190.0,290,16,3,0,39.43
4029,1078522,0.5216,160.0,260,16,3,0,39.44
4030,1078802,0.5214,200.0,300,17,3,0,39.45
4031,1079082,0.5213,100.0,200,14,3,0,39.46
4032,1079338,0.5212,70.0,170,11,3,0,39.47
4033,1079594,0.5211,80.0,180,10,3,0,39.48
4034,1079850,0.521,100.0,250,14,2,0,39.49
4035,1080106,0.5208,170.0,270,15,3,0,39.5
4036,1080362,0.5207,110.0,210,13,3,0,39.51
4037,1080618,0.5206,-130.0,70,5,1,0,39.52
4038,1081002,0.5205,290.0,390,21,3,0,39.53
4039,1081258,0.5204,150.0,250,13,3,0,39.54
4040,1081514,0.5202,50.0,150,9,3,0,39.55
4041,1081794,0.5201,70.0,170,10,3,0,39.56
4042,1082074,0.52,30.0,130,8,3,0,39.57
4043,1082330,0.5199,40.0,140,6,3,0,39.58
4044,1082586,0.5198,50.0,150,9,3,0,39.59
4045,1082842,0.5197,60.0,210,11,2,0,39.6
4046,1083098,0.5195,80.0,180,12,3,0,39.61
4047,1083418,0.5194,180.0,280,17,3,0,39.62
4048,1083674,0.5193,10.0,110,7,3,0,39.63
4049,1083994,0.5192,80.0,180,9,3,0,39.64
4050,1084454,0.5191,480.0,580,24,1,1,39.66
4051,1084710,0.5189,90.0,190,10,3,0,39.67
4052,1084974,0.5188,140.0,240,13,3,0,39.68
4053,1085230,0.5187,110.0,210,12,3,0,39.69
4054,1085486,0.5186,70.0,170,10,3,0,39.7
4055,1085750,0.5185,40.0,190,11,2,0,39.71
4056,1086006,0.5184,100.0,200,12,3,0,39.72
4057,1086262,0.5182,50.0,150,9,3,0,39.73
4058,1086518,0.5181,50.0,150,10,3,0,39.74
4059,1086774,0.518,20.0,120,8,3,0,39.75
4060,1087030,0.5179,40.0,190,12,2,0,39.76
4061,1087326,0.5178,160.0,260,13,3,0,39.77
4062,1087582,0.5176,200.0,300,16,3,0,39.78
4063,1087838,0.5175,10.0,110,7,3,0,39.79
4064,1088110,0.5174,150.0,250,13,3,0,39.8
4065,1088454,0.5173,170.0,270,16,3,0,39.81
4066,1088742,0.5172,70.0,170,10,3,0,39.82
4067,1088998,0.517,80.0,230,14,2,0,39.83
4068,1089254,0.5169,-10.0,140,8,2,0,39.84
4069,1089534,0.5168,50.0,200,14,2,0,39.85
4070,1089790,0.5167,10.0,160,10,2,0,39.86
4071,1090046,0.5166,50.0,150,9,3,0,39.87
4072,1090302,0.5165,50.0,150,10,3,0,39.88
4073,1090558,0.5163,110.0,210,13,3,0,39.89
4074,1090814,0.5162,80.0,180,11,3,0,39.9
4075,1091094,0.5161,100.0,250,15,2,0,39.91
4076,1091350,0.516,0.0,150,10,2,0,39.92
4077,1091606,0.5159,30.0,130,8,3,0,39.92
4078,1091862,0.5157,0.0,100,6,3,0,39.93
4079,1092118,0.5156,0.0,200,12,1,0,39.94
4080,1092374,0.5155,-50.0,50,4,3,0,39.95
4081,1092630,0.5154,30.0,130,9,3,0,39.96
4082,1092886,0.5153,70.0,170,10,3,0,39.97
4083,1093142,0.5151,10.0,110,6,3,0,39.98
4084,1093462,0.515,160.0,260,16,3,0,39.99
4085,1093718,0.5149,100.0,200,11,3,0,40.0
4086,1094014,0.5148,110.0,210,11,3,0,40.01
4087,1094270,0.5147,140.0,240,13,3,0,40.02
4088,1094526,0.5146,40.0,190,9,2,0,40.03
4089,1094846,0.5144,120.0,220,12,3,0,40.04
4090,1095158,0.5143,50.0,150,8,3,0,40.06
4091,1095462,0.5142,150.0,300,15,2,0,40.07
4092,1095718,0.5141,-10.0,140,8,2,0,40.08
4093,1095974,0.514,-30.0,120,7,2,0,40.09
4094,1096230,0.5138,20.0,120,7,3,0,40.09
4095,1096486,0.5137,90.0,190,11,3,0,40.1
4096,1096766,0.5136,180.0,280,16,3,0,40.11
4097,1097022,0.5135,90.0,190,13,3,0,40.12
4098,1097358,0.5134,110.0,260,14,2,0,40.14
4099,1097638,0.5132,140.0,290,17,2,0,40.15
4100,1097894,0.5131,40.0,140,9,3,0,40.16
4101,1098182,0.513,90.0,240,13,2,0,40.17
4102,1098558,0.5129,300.0,450,23,2,0,40.18
4103,1098814,0.5128,50.0,150,7,3,0,40.19
4104,1099070,0.5127,190.0,290,14,3,0,40.2
4105,1099326,0.5125,220.0,320,17,3,0,40.21
4106,1099582,0.5124,20.0,120,7,3,0,40.22
4107,1099854,0.5123,180.0,280,15,3,0,40.23
4108,1100110,0.5122,90.0,190,10,3,0,40.24
4109,1100366,0.5121,120.0,220,13,3,0,40.25
4110,1100622,0.5119,120.0,220,13,3,0,40.26
4111,1100878,0.5118,140.0,240,13,3,0,40.27
4112,1101134,0.5117,20.0,170,10,2,0,40.27
4113,1101422,0.5116,230.0,330,18,3,0,40.29
4114,1101702,0.5115,150.0,250,15,3,0,40.3
4115,1102118,0.5113,250.0,400,21,2,0,40.31
4116,1102374,0.5112,90.0,190,11,3,0,40.32
4117,1102630,0.5111,80.0,180,10,3,0,40.33
4118,1102886,0.511,140.0,240,13,3,0,40.34
4119,1103142,0.5109,30.0,130,7,3,0,40.35
4120,1103438,0.5108,130.0,230,13,3,0,40.36
4121,1103694,0.5106,-10.0,90,6,3,0,40.37
4122,1103950,0.5105,70.0,220,12,2,0,40.38
4123,1104206,0.5104,60.0,210,12,2,0,40.39
4124,1104462,0.5103,40.0,140,9,3,0,40.4
4125,1104718,0.5102,100.0,200,11,3,0,40.41
4126,1104974,0.51,120.0,220,12,3,0,40.42
4127,1105230,0.5099,150.0,250,14,3,0,40.42
4128,1105486,0.5098,-20.0,130,7,2,0,40.43
4129,1105742,0.5097,110.0,210,12,3,0,40.44
4130,1106062,0.5096,100.0,200,12,3,0,40.46
4131,1106318,0.5094,150.0,300,16,2,0,40.46
4132,1106574,0.5093,140.0,240,14,3,0,40.47
4133,1106910,0.5092,250.0,350,19,3,0,40.49
4134,1107214,0.5091,150.0,250,13,3,0,40.5
4135,1107470,0.509,120.0,220,12,3,0,40.51
4136,1107726,0.5089,60.0,160,9,3,0,40.52
4137,1107982,0.5087,170.0,270,13,3,0,40.53
4138,1108326,0.5086,170.0,270,14,3,0,40.54
4139,1108630,0.5085,280.0,380,20,3,0,40.55
4140,1108966,0.5084,250.0,350,19,3,0,40.56
4141,1109342,0.5083,270.0,370,20,3,0,40.57
4142,1109598,0.5081,30.0,130,9,3,0,40.58
4143,1110010,0.508,580.0,580,24,3,1,40.6
4144,1110266,0.5079,120.0,270,15,2,0,40.61
4145,1110522,0.5078,80.0,180,12,3,0,40.62
4146,1110802,0.5077,270.0,370,20,3,0,40.63
4147,1111058,0.5075,50.0,150,9,3,0,40.64
4148,1111322,0.5074,90.0,190,12,3,0,40.65
4149,1111714,0.5073,360.0,460,23,3,0,40.66
4150,1111970,0.5072,10.0,110,8,3,0,40.67
4151,1112250,0.5071,200.0,300,17,3,0,40.68
4152,1112530,0.507,210.0,310,18,3,0,40.69
4153,1112826,0.5068,120.0,320,18,1,0,40.7
4154,1113082,0.5067,240.0,340,17,3,0,40.71
4155,1113338,0.5066,100.0,200,12,3,0,40.72
4156,1113627,0.5065,90.0,340,19,0,0,40.73
4157,1113883,0.5064,200.0,300,16,3,0,40.74
4158,1114163,0.5062,110.0,210,14,3,0,40.75
4159,1114459,0.5061,120.0,220,13,3,0,40.76
4160,1114715,0.506,120.0,270,15,2,0,40.77
4161,1115068,0.5059,60.0,310,16,0,0,40.78
4162,1115324,0.5058,60.0,160,8,3,0,40.79
4163,1115668,0.5056,100.0,250,13,2,0,40.81
4164,1115924,0.5055,160.0,260,14,3,0,40.82
4165,1116324,0.5054,240.0,390,21,2,0,40.83
4166,1116580,0.5053,50.0,150,9,3,0,40.84
4167,1116860,0.5052,240.0,340,19,3,0,40.85
4168,1117116,0.505,80.0,180,11,3,0,40.86
4169,1117372,0.5049,70.0,170,9,3,0,40.87
4170,1117628,0.5048,30.0,130,7,3,0,40.88
4171,1117884,0.5047,110.0,210,13,3,0,40.89
4172,1118140,0.5046,0.0,100,6,3,0,40.9
4173,1118420,0.5045,60.0,160,9,3,0,40.91
4174,1118700,0.5043,150.0,250,14,3,0,40.92
4175,1119060,0.5042,270.0,370,19,3,0,40.93
4176,1119344,0.5041,-10.0,240,13,0,0,40.94
4177,1119600,0.504,160.0,260,14,3,0,40.95
4178,1119888,0.5039,130.0,230,15,3,0,40.96
4179,1120144,0.5037,30.0,130,9,3,0,40.97
4180,1120440,0.5036,270.0,370,20,3,0,40.98
4181,1120696,0.5035,30.0,180,10,2,0,40.99
4182,1120952,0.5034,170.0,270,15,3,0,41.0
4183,1121224,0.5033,30.0,130,7,3,0,41.01
4184,1121480,0.5031,10.0,160,8,2,0,41.02
4185,1121736,0.503,110.0,260,15,2,0,41.03
4186,1122000,0.5029,0.0,100,6,3,0,41.04
4187,1122288,0.5028,90.0,190,13,3,0,41.05
4188,1122544,0.5027,120.0,220,13,3,0,41.06
4189,1122800,0.5026,40.0,140,9,3,0,41.07
4190,1123096,0.5024,180.0,280,16,3,0,41.08
4191,1123392,0.5023,170.0,370,20,1,0,41.09
4192,1123648,0.5022,20.0,120,8,3,0,41.1
4193,1123928,0.5021,130.0,230,14,3,0,41.11
4194,1124208,0.502,30.0,180,10,2,0,41.12
4195,1124584,0.5018,350.0,450,23,3,0,41.13
4196,1124840,0.5017,-10.0,140,8,2,0,41.14
4197,1125096,0.5016,40.0,190,12,2,0,41.15
4198,1125376,0.5015,140.0,240,15,3,0,41.16
4199,1125632,0.5014,80.0,180,10,3,0,41.17
4200,1125888,0.5012,20.0,170,9,2,0,41.18
4201,1126144,0.5011,180.0,280,15,3,0,41.19
4202,1126424,0.501,120.0,220,10,3,0,41.2
4203,1126680,0.5009,60.0,210,12,2,0,41.21
4204,1126936,0.5008,50.0,200,12,2,0,41.22
4205,1127192,0.5007,60.0,210,12,2,0,41.23
4206,1127448,0.5005,70.0,170,10,3,0,41.24
4207,1127736,0.5004,120.0,220,11,3,0,41.25
4208,1127992,0.5003,0.0,100,6,3,0,41.26
4209,1128280,0.5002,10.0,110,7,3,0,41.27
4210,1128552,0.5001,50.0,150,8,3,0,41.28
4211,1128856,0.4999,-10.0,90,6,3,0,41.29
4212,1129112,0.4998,50.0,200,11,2,0,41.3
4213,1129368,0.4997,10.0,210,13,1,0,41.31
4214,1129624,0.4996,110.0,210,11,3,0,41.32
4215,1129952,0.4995,90.0,240,15,2,0,41.33
4216,1130208,0.4994,150.0,250,13,3,0,41.34
4217,1130464,0.4992,70.0,170,9,3,0,41.35
4218,1130744,0.4991,270.0,370,19,3,0,41.36
4219,1131000,0.499,70.0,220,13,2,0,41.37
4220,1131256,0.4989,90.0,190,11,3,0,41.38
4221,1131568,0.4988,180.0,330,18,2,0,41.39
4222,1131848,0.4986,-20.0,130,8,2,0,41.4
4223,1132160,0.4985,210.0,310,17,3,0,41.41
4224,1132440,0.4984,130.0,280,16,2,0,41.42
4225,1132744,0.4983,100.0,200,11,3,0,41.43
4226,1133000,0.4982,70.0,170,9,3,0,41.44
4227,1133256,0.498,90.0,190,11,3,0,41.44
4228,1133512,0.4979,-20.0,80,5,3,0,41.45
4229,1133800,0.4978,30.0,130,7,3,0,41.46
4230,1134104,0.4977,30.0,130,8,3,0,41.47
4231,1134504,0.4976,210.0,360,20,2,0,41.49
4232,1134760,0.4975,10.0,210,12,1,0,41.5
4233,1135016,0.4973,30.0,130,7,3,0,41.5
4234,1135272,0.4972,100.0,200,12,3,0,41.51
4235,1135528,0.4971,-30.0,120,7,2,0,41.52
4236,1135784,0.497,110.0,210,13,3,0,41.53
4237,1136056,0.4969,180.0,280,15,3,0,41.54
4238,1136368,0.4967,220.0,320,17,3,0,41.55
4239,1136656,0.4966,180.0,280,15,3,0,41.56
4240,1136912,0.4965,-20.0,180,12,1,0,41.57
4241,1137168,0.4964,160.0,260,13,3,0,41.58
4242,1137424,0.4963,150.0,250,13,3,0,41.59
4243,1137680,0.4961,60.0,160,9,3,0,41.59
4244,1137936,0.496,110.0,210,11,3,0,41.6
4245,1138216,0.4959,260.0,360,19,3,0,41.61
4246,1138512,0.4958,180.0,280,16,3,0,41.62
4247,1138768,0.4957,60.0,160,10,3,0,41.63
4248,1139056,0.4956,100.0,250,13,2,0,41.64
4249,1139312,0.4954,90.0,190,10,3,0,41.65
4250,1139568,0.4953,30.0,130,7,3,0,41.66
4251,1139896,0.4952,250.0,350,19,3,0,41.67
4252,1140168,0.4951,30.0,180,9,2,0,41.68
4253,1140424,0.495,20.0,170,10,2,0,41.69
4254,1140680,0.4948,100.0,200,11,3,0,41.7
4255,1140960,0.4947,150.0,250,15,3,0,41.7
4256,1141216,0.4946,70.0,170,9,3,0,41.71
4257,1141472,0.4945,10.0,110,6,3,0,41.72
4258,1141728,0.4944,-70.0,30,3,3,0,41.73
4259,1142008,0.4942,20.0,120,7,3,0,41.74
4260,1142312,0.4941,60.0,160,9,3,0,41.75
4261,1142568,0.494,230.0,330,17,3,0,41.76
4262,1142824,0.4939,-10.0,90,5,3,0,41.77
4263,1143080,0.4938,110.0,260,16,2,0,41.78
4264,1143416,0.4937,160.0,260,13,3,0,41.79
4265,1143672,0.4935,130.0,280,15,2,0,41.8
4266,1143928,0.4934,100.0,200,12,3,0,41.81
4267,1144184,0.4933,130.0,230,14,3,0,41.81
4268,1144520,0.4932,60.0,160,8,3,0,41.83
4269,1144776,0.4931,50.0,150,9,3,0,41.83
4270,1145032,0.4929,120.0,220,12,3,0,41.84
4271,1145312,0.4928,190.0,290,17,3,0,41.85
4272,1145616,0.4927,120.0,270,15,2,0,41.86
4273,1145872,0.4926,170.0,270,14,3,0,41.87
4274,1146128,0.4925,90.0,190,11,3,0,41.88
4275,1146384,0.4923,10.0,160,9,2,0,41.89
4276,1146640,0.4922,120.0,220,13,3,0,41.9
4277,1146896,0.4921,110.0,260,14,2,0,41.91
4278,1147152,0.492,50.0,200,11,2,0,41.91
4279,1147408,0.4919,30.0,180,9,2,0,41.92
4280,1147664,0.4918,50.0,150,9,3,0,41.93
4281,1147936,0.4916,110.0,210,10,3,0,41.94
4282,1148240,0.4915,180.0,280,15,3,0,41.95
4283,1148496,0.4914,140.0,240,13,3,0,41.96
4284,1148776,0.4913,90.0,240,15,2,0,41.97
4285,1149056,0.4912,100.0,250,15,2,0,41.98
4286,1149312,0.491,90.0,190,10,3,0,41.99
4287,1149568,0.4909,100.0,200,12,3,0,42.0
4288,1149824,0.4908,-80.0,120,6,1,0,42.01
4289,1150080,0.4907,60.0,160,10,3,0,42.02
4290,1150336,0.4906,50.0,150,7,3,0,42.02
4291,1150592,0.4904,10.0,110,7,3,0,42.03
4292,1150864,0.4903,0.0,150,9,2,0,42.04
4293,1151120,0.4902,70.0,170,10,3,0,42.05
4294,1151376,0.4901,100.0,200,10,3,0,42.06
4295,1151632,0.49,110.0,210,12,3,0,42.07
4296,1151904,0.4899,140.0,290,15,2,0,42.08
4297,1152160,0.4897,70.0,170,10,3,0,42.09
4298,1152416,0.4896,90.0,190,10,3,0,42.1
4299,1152672,0.4895,-30.0,70,5,3,0,42.11
4300,1152928,0.4894,60.0,160,8,3,0,42.12
4301,1153184,0.4893,100.0,250,14,2,0,42.12
4302,1153440,0.4891,70.0,170,10,3,0,42.13
4303,1153696,0.489,20.0,120,8,3,0,42.14
4304,1153976,0.4889,160.0,310,18,2,0,42.15
4305,1154256,0.4888,160.0,260,16,3,0,42.16
4306,1154512,0.4887,10.0,110,7,3,0,42.17
4307,1154935,0.4885,580.0,580,24,3,1,42.19
4308,1155191,0.4884,-20.0,130,9,2,0,42.19
4309,1155447,0.4883,160.0,260,15,3,0,42.2
4310,1155727,0.4882,90.0,240,15,2,0,42.21
4311,1155983,0.4881,30.0,180,10,2,0,42.22
4312,1156255,0.4879,80.0,180,11,3,0,42.23
4313,1156511,0.4878,110.0,210,13,3,0,42.24
4314,1156767,0.4877,120.0,220,13,3,0,42.25
4315,1157023,0.4876,10.0,110,6,3,0,42.26
4316,1157303,0.4875,110.0,210,14,3,0,42.27
4317,1157443,0.4874,-90.0,160,9,0,0,42.27
4318,1157723,0.4872,110.0,210,13,3,0,42.28
4319,1157979,0.4871,100.0,200,11,3,0,42.29
4320,1158267,0.487,40.0,240,12,1,0,42.3
4321,1158571,0.4869,230.0,330,19,3,0,42.32
4322,1158827,0.4868,30.0,130,8,3,0,42.32
4323,1159107,0.4866,80.0,180,12,3,0,42.33
4324,1159387,0.4865,90.0,240,14,2,0,42.34
4325,1159667,0.4864,160.0,260,16,3,0,42.35
4326,1159923,0.4863,10.0,160,10,2,0,42.36
4327,1160179,0.4862,140.0,240,14,3,0,42.37
4328,1160459,0.4861,230.0,330,18,3,0,42.38
4329,1160811,0.4859,260.0,360,19,3,0,42.39
4330,1161067,0.4858,-120.0,30,2,2,0,42.4
4331,1161347,0.4857,50.0,200,11,2,0,42.41
4332,1161603,0.4856,20.0,120,9,3,0,42.42
4333,1161883,0.4855,160.0,310,18,2,0,42.43
4334,1162163,0.4853,80.0,180,10,3,0,42.44
4335,1162443,0.4852,110.0,210,12,3,0,42.45
4336,1162771,0.4851,160.0,310,17,2,0,42.46
4337,1163027,0.485,90.0,190,10,3,0,42.47
4338,1163283,0.4849,0.0,100,8,3,0,42.48
4339,1163547,0.4847,-10.0,140,8,2,0,42.49
4340,1163803,0.4846,-10.0,90,6,3,0,42.5
4341,1164123,0.4845,230.0,330,18,3,0,42.51
4342,1164387,0.4844,-20.0,80,5,3,0,42.52
4343,1164643,0.4843,-90.0,60,5,2,0,42.53
4344,1164907,0.4841,90.0,190,10,3,0,42.54
4345,1165163,0.484,20.0,120,7,3,0,42.55
4346,1165475,0.4839,60.0,160,9,3,0,42.56
4347,1165731,0.4838,30.0,180,11,2,0,42.57
4348,1165995,0.4837,10.0,160,9,2,0,42.58
4349,1166259,0.4836,30.0,130,7,3,0,42.59
4350,1166515,0.4834,-20.0,130,8,2,0,42.6
4351,1166771,0.4833,90.0,190,12,3,0,42.6
4352,1167099,0.4832,170.0,320,18,2,0,42.62
4353,1167355,0.4831,-90.0,60,5,2,0,42.62
4354,1167611,0.483,-30.0,120,8,2,0,42.63
4355,1167907,0.4828,-30.0,120,7,2,0,42.64
4356,1168163,0.4827,40.0,190,10,2,0,42.65
4357,1168435,0.4826,30.0,130,7,3,0,42.66
4358,1168715,0.4825,0.0,150,8,2,0,42.67
4359,1168971,0.4824,-40.0,110,8,2,0,42.68
4360,1169235,0.4822,110.0,260,14,2,0,42.69
4361,1169563,0.4821,230.0,330,17,3,0,42.7
4362,1169843,0.482,190.0,290,17,3,0,42.71
4363,1170115,0.4819,70.0,170,9,3,0,42.72
4364,1170371,0.4818,20.0,170,10,2,0,42.73
4365,1170627,0.4817,50.0,150,9,3,0,42.74
4366,1170883,0.4815,100.0,200,12,3,0,42.75
4367,1171139,0.4814,60.0,160,10,3,0,42.76
4368,1171395,0.4813,-40.0,160,11,1,0,42.77
4369,1171651,0.4812,180.0,330,17,2,0,42.78
4370,1172003,0.4811,180.0,280,15,3,0,42.79
4371,1172259,0.4809,70.0,170,11,3,0,42.8
4372,1172515,0.4808,80.0,180,10,3,0,42.81
4373,1172771,0.4807,-10.0,140,8,2,0,42.82
4374,1173027,0.4806,90.0,190,9,3,0,42.83
4375,1173291,0.4805,100.0,250,14,2,0,42.83
4376,1173547,0.4804,50.0,150,8,3,0,42.84
4377,1173883,0.4802,140.0,240,12,3,0,42.86
4378,1174139,0.4801,20.0,120,9,3,0,42.86
4379,1174395,0.48,90.0,190,11,3,0,42.87
4380,1174651,0.4799,140.0,240,13,3,0,42.88
4381,1174931,0.4798,40.0,190,11,2,0,42.89
4382,1175187,0.4796,30.0,130,8,3,0,42.9
4383,1175443,0.4795,40.0,140,9,3,0,42.91
4384,1175699,0.4794,130.0,230,12,3,0,42.92
4385,1175979,0.4793,30.0,130,8,3,0,42.93
4386,1176283,0.4792,180.0,330,17,2,0,42.94
4387,1176539,0.479,100.0,200,12,3,0,42.95
4388,1176795,0.4789,70.0,170,9,3,0,42.96
4389,1177083,0.4788,200.0,400,20,1,0,42.97
4390,1177427,0.4787,240.0,340,19,3,0,42.98
4391,1177683,0.4786,80.0,180,10,3,0,42.99
4392,1177963,0.4785,70.0,170,9,3,0,43.0
4393,1178219,0.4783,90.0,190,12,3,0,43.01
4394,1178475,0.4782,110.0,210,11,3,0,43.02
4395,1178731,0.4781,120.0,220,13,3,0,43.03
4396,1178987,0.478,-20.0,80,5,3,0,43.04
4397,1179243,0.4779,0.0,150,9,2,0,43.05
4398,1179507,0.4777,70.0,220,11,2,0,43.06
4399,1179763,0.4776,110.0,210,12,3,0,43.06
4400,1180019,0.4775,150.0,250,14,3,0,43.07
4401,1180275,0.4774,120.0,220,12,3,0,43.08
4402,1180555,0.4773,80.0,180,10,3,0,43.09
4403,1180811,0.4771,120.0,220,12,3,0,43.1
4404,1181067,0.477,120.0,220,12,3,0,43.11
4405,1181323,0.4769,190.0,290,16,3,0,43.12
4406,1181579,0.4768,90.0,190,10,3,0,43.13
4407,1181835,0.4767,30.0,180,10,2,0,43.14
4408,1182091,0.4766,130.0,230,13,3,0,43.15
4409,1182347,0.4764,50.0,200,12,2,0,43.16
4410,1182651,0.4763,200.0,300,17,3,0,43.17
4411,1182907,0.4762,120.0,220,11,3,0,43.18
4412,1183313,0.4761,530.0,580,24,2,1,43.19
4413,1183569,0.476,60.0,210,12,2,0,43.2
4414,1183825,0.4758,200.0,300,16,3,0,43.21
4415,1184081,0.4757,130.0,230,13,3,0,43.22
4416,1184377,0.4756,160.0,310,18,2,0,43.23
4417,1184633,0.4755,-60.0,140,9,1,0,43.24
4418,1184929,0.4754,30.0,130,8,3,0,43.25
4419,1185225,0.4752,210.0,310,18,3,0,43.26
4420,1185481,0.4751,20.0,120,8,3,0,43.27
4421,1185785,0.475,40.0,140,8,3,0,43.28
4422,1186057,0.4749,230.0,330,17,3,0,43.29
4423,1186345,0.4748,10.0,160,9,2,0,43.3
4424,1186601,0.4747,40.0,140,9,3,0,43.31
4425,1186881,0.4745,160.0,260,16,3,0,43.32
4426,1187161,0.4744,150.0,250,15,3,0,43.33
4427,1187417,0.4743,40.0,140,9,3,0,43.33
4428,1187673,0.4742,90.0,190,9,3,0,43.34
4429,1187929,0.4741,120.0,220,13,3,0,43.35
4430,1188185,0.4739,110.0,260,15,2,0,43.36
4431,1188441,0.4738,170.0,270,15,3,0,43.37
4432,1188697,0.4737,120.0,220,13,3,0,43.38
4433,1188953,0.4736,20.0,120,8,3,0,43.39
4434,1189209,0.4735,110.0,210,11,3,0,43.4
4435,1189465,0.4733,130.0,230,13,3,0,43.41
4436,1189721,0.4732,120.0,220,12,3,0,43.42
4437,1190033,0.4731,140.0,240,13,3,0,43.43
4438,1190289,0.473,110.0,210,11,3,0,43.44
4439,1190545,0.4729,160.0,260,14,3,0,43.45
4440,1190937,0.4728,200.0,350,19,2,0,43.46
4441,1191217,0.4726,190.0,340,19,2,0,43.47
4442,1191473,0.4725,70.0,170,9,3,0,43.48
4443,1191729,0.4724,20.0,120,8,3,0,43.49
4444,1191985,0.4723,150.0,250,15,3,0,43.5
4445,1192257,0.4722,140.0,240,14,3,0,43.51
4446,1192513,0.472,-20.0,130,7,2,0,43.52
4447,1192945,0.4719,270.0,420,22,2,0,43.53
4448,1193225,0.4718,170.0,270,16,3,0,43.54
4449,1193545,0.4717,180.0,280,16,3,0,43.55
4450,1193865,0.4716,200.0,300,16,3,0,43.57
4451,1194121,0.4714,90.0,190,10,3,0,43.57
4452,1194401,0.4713,170.0,270,15,3,0,43.58
4453,1194657,0.4712,-10.0,190,11,1,0,43.59
4454,1195161,0.4711,300.0,450,23,2,0,43.61
4455,1195465,0.471,160.0,260,14,3,0,43.62
4456,1195785,0.4708,130.0,230,11,3,0,43.63
4457,1196073,0.4707,160.0,260,14,3,0,43.64
4458,1196329,0.4706,90.0,190,10,3,0,43.65
4459,1196585,0.4705,100.0,200,12,3,0,43.66
4460,1196865,0.4704,170.0,270,16,3,0,43.67
4461,1197121,0.4703,70.0,170,9,3,0,43.68
4462,1197377,0.4701,30.0,130,7,3,0,43.69
4463,1197633,0.47,60.0,160,9,3,0,43.7
4464,1197889,0.4699,-60.0,90,6,2,0,43.71
4465,1198145,0.4698,110.0,210,13,3,0,43.72
4466,1198401,0.4697,90.0,190,11,3,0,43.73
4467,1198657,0.4695,130.0,230,14,3,0,43.73
4468,1198977,0.4694,200.0,300,15,3,0,43.75
4469,1199265,0.4693,140.0,240,12,3,0,43.76
4470,1199521,0.4692,10.0,160,8,2,0,43.76
4471,1199777,0.4691,100.0,200,10,3,0,43.77
4472,1200033,0.469,-30.0,70,6,3,0,43.78
4473,1200289,0.4688,50.0,150,9,3,0,43.79
4474,1200545,0.4687,40.0,140,7,3,0,43.8
4475,1200801,0.4686,170.0,270,15,3,0,43.81
4476,1201057,0.4685,190.0,290,16,3,0,43.82
4477,1201337,0.4684,140.0,240,15,3,0,43.83
4478,1201617,0.4682,160.0,260,13,3,0,43.84
4479,1201873,0.4681,100.0,200,11,3,0,43.85
4480,1202129,0.468,190.0,290,16,3,0,43.86
4481,1202385,0.4679,120.0,220,13,3,0,43.87
4482,1202641,0.4678,50.0,250,13,1,0,43.87
4483,1202897,0.4676,80.0,180,10,3,0,43.88
4484,1203153,0.4675,-30.0,70,4,3,0,43.89
4485,1203409,0.4674,10.0,110,6,3,0,43.9
4486,1203665,0.4673,100.0,250,14,2,0,43.91
4487,1204001,0.4672,110.0,210,12,3,0,43.92
4488,1204257,0.4671,-90.0,60,5,2,0,43.93
4489,1204513,0.4669,150.0,250,13,3,0,43.94
4490,1204769,0.4668,30.0,130,7,3,0,43.95
4491,1205057,0.4667,-60.0,90,6,2,0,43.96
4492,1205313,0.4666,170.0,270,15,3,0,43.97
4493,1205593,0.4665,140.0,240,15,3,0,43.99
4494,1205849,0.4663,110.0,210,12,3,0,43.99
4495,1206105,0.4662,50.0,200,12,2,0,44.0
4496,1206361,0.4661,20.0,120,8,3,0,44.01
4497,1206617,0.466,0.0,100,6,3,0,44.02
4498,1206873,0.4659,100.0,200,12,3,0,44.03
4499,1207201,0.4657,220.0,320,18,3,0,44.04
4500,1207481,0.4656,190.0,290,17,3,0,44.06
4501,1207737,0.4655,90.0,190,11,3,0,44.07
4502,1207993,0.4654,20.0,120,8,3,0,44.08
4503,1208345,0.4653,580.0,580,24,3,1,44.09
4504,1208601,0.4651,50.0,200,12,2,0,44.1
4505,1208881,0.465,140.0,240,15,3,0,44.11
4506,1209289,0.4649,250.0,350,19,3,0,44.12
4507,1209545,0.4648,50.0,150,10,3,0,44.13
4508,1209825,0.4647,40.0,140,11,3,0,44.14
4509,1210081,0.4646,30.0,130,9,3,0,44.15
4510,1210385,0.4644,280.0,380,20,3,0,44.17
4511,1210697,0.4643,10.0,160,9,2,0,44.18
4512,1210953,0.4642,20.0,120,7,3,0,44.19
4513,1211273,0.4641,30.0,130,7,3,0,44.2
4514,1211529,0.464,-120.0,30,3,2,0,44.21
4515,1211785,0.4638,40.0,140,9,3,0,44.22
4516,1212103,0.4637,580.0,580,24,3,1,44.23
4517,1212431,0.4636,210.0,310,18,3,0,44.24
4518,1212695,0.4635,120.0,220,12,3,0,44.25
4519,1212975,0.4634,140.0,240,14,3,0,44.27
4520,1213231,0.4633,60.0,210,12,2,0,44.28
4521,1213487,0.4631,20.0,120,8,3,0,44.28
4522,1213743,0.463,0.0,150,10,2,0,44.29
4523,1214031,0.4629,70.0,170,9,3,0,44.3
4524,1214287,0.4628,40.0,140,8,3,0,44.31
4525,1214543,0.4627,80.0,180,10,3,0,44.32
4526,1214799,0.4625,40.0,140,9,3,0,44.33
4527,1215111,0.4624,160.0,310,18,2,0,44.35
4528,1215391,0.4623,160.0,260,15,3,0,44.36
4529,1215647,0.4622,80.0,230,13,2,0,44.37
4530,1215951,0.4621,90.0,190,10,3,0,44.38
4531,1216239,0.4619,130.0,230,13,3,0,44.39
4532,1216495,0.4618,70.0,170,9,3,0,44.4
4533,1216751,0.4617,160.0,260,14,3,0,44.41
4534,1217007,0.4616,180.0,280,16,3,0,44.42
4535,1217287,0.4615,160.0,260,16,3,0,44.43
4536,1217583,0.4614,160.0,260,16,3,0,44.44
4537,1217895,0.4612,270.0,370,20,3,0,44.45
4538,1218207,0.4611,100.0,200,10,3,0,44.47
4539,1218463,0.461,50.0,150,10,3,0,44.48
4540,1218821,0.4609,530.0,580,24,2,1,44.49
4541,1219125,0.4608,240.0,390,21,2,0,44.5
4542,1219381,0.4606,30.0,130,9,3,0,44.51
4543,1219637,0.4605,50.0,150,9,3,0,44.52
4544,1219917,0.4604,150.0,250,15,3,0,44.54
4545,1220173,0.4603,-40.0,110,9,2,0,44.55
4546,1220509,0.4602,190.0,340,19,2,0,44.56
4547,1220765,0.46,-30.0,120,8,2,0,44.57
4548,1221021,0.4599,80.0,180,11,3,0,44.58
4549,1221277,0.4598,60.0,160,11,3,0,44.59
4550,1221533,0.4597,60.0,160,8,3,0,44.6
4551,1221877,0.4596,90.0,190,10,3,0,44.62
4552,1222243,0.4595,530.0,580,24,2,1,44.63
4553,1222499,0.4593,110.0,210,12,3,0,44.64
4554,1222763,0.4592,-30.0,170,11,1,0,44.65
4555,1223019,0.4591,-60.0,140,10,1,0,44.66
4556,1223275,0.459,-20.0,130,8,2,0,44.67
4557,1223531,0.4589,-20.0,130,9,2,0,44.68
4558,1223787,0.4587,20.0,120,9,3,0,44.69
4559,1224043,0.4586,30.0,180,11,2,0,44.7
4560,1224323,0.4585,120.0,220,14,3,0,44.71
4561,1224603,0.4584,80.0,230,14,2,0,44.72
4562,1224899,0.4583,90.0,190,10,3,0,44.73
4563,1225163,0.4581,-10.0,90,5,3,0,44.74
4564,1225443,0.458,20.0,120,7,3,0,44.75
4565,1225779,0.4579,120.0,220,12,3,0,44.76
4566,1226035,0.4578,60.0,160,9,3,0,44.77
4567,1226347,0.4577,250.0,350,19,3,0,44.79
4568,1226603,0.4576,80.0,180,10,3,0,44.8
4569,1226859,0.4574,180.0,280,16,3,0,44.81
4570,1227139,0.4573,190.0,290,17,3,0,44.82
4571,1227395,0.4572,130.0,230,13,3,0,44.82
4572,1227651,0.4571,110.0,210,13,3,0,44.83
4573,1227931,0.457,130.0,330,18,1,0,44.84
4574,1228187,0.4568,110.0,210,12,3,0,44.85
4575,1228443,0.4567,110.0,210,13,3,0,44.86
4576,1228699,0.4566,50.0,150,10,3,0,44.87
4577,1228955,0.4565,40.0,140,9,3,0,44.88
4578,1229211,0.4564,110.0,210,12,3,0,44.89
4579,1229467,0.4562,40.0,190,11,2,0,44.9
4580,1229723,0.4561,100.0,200,10,3,0,44.91
4581,1230059,0.456,250.0,400,21,2,0,44.92
4582,1230315,0.4559,110.0,210,13,3,0,44.93
4583,1230571,0.4558,130.0,230,14,3,0,44.94
4584,1230827,0.4556,60.0,160,10,3,0,44.95
4585,1231083,0.4555,40.0,190,11,2,0,44.96
4586,1231387,0.4554,120.0,220,13,3,0,44.98
4587,1231643,0.4553,40.0,190,11,2,0,44.99
4588,1231899,0.4552,20.0,170,9,2,0,45.0
4589,1232155,0.4551,150.0,250,14,3,0,45.01
4590,1232411,0.4549,80.0,230,13,2,0,45.02
4591,1232667,0.4548,150.0,250,15,3,0,45.02
4592,1232947,0.4547,150.0,250,15,3,0,45.03
4593,1233299,0.4546,320.0,420,22,3,0,45.05
4594,1233667,0.4545,70.0,220,12,2,0,45.06
4595,1233923,0.4543,-40.0,60,5,3,0,45.07
4596,1234179,0.4542,50.0,200,12,2,0,45.08
4597,1234435,0.4541,70.0,220,12,2,0,45.09
4598,1234691,0.454,120.0,220,12,3,0,45.1
4599,1234947,0.4539,120.0,220,13,3,0,45.11
4600,1235211,0.4537,60.0,160,9,3,0,45.12
4601,1235467,0.4536,120.0,220,12,3,0,45.13
4602,1235723,0.4535,150.0,250,14,3,0,45.14
4603,1236019,0.4534,170.0,270,16,3,0,45.15
4604,1236299,0.4533,40.0,190,11,2,0,45.16
4605,1236555,0.4532,10.0,110,8,3,0,45.17
4606,1236994,0.453,530.0,580,24,2,1,45.19
4607,1237250,0.4529,120.0,220,13,3,0,45.2
4608,1237506,0.4528,190.0,290,16,3,0,45.21
4609,1237802,0.4527,200.0,300,17,3,0,45.22
4610,1238058,0.4526,60.0,210,12,2,0,45.23
4611,1238314,0.4524,130.0,230,12,3,0,45.24
4612,1238570,0.4523,80.0,230,12,2,0,45.25
4613,1238850,0.4522,220.0,370,20,2,0,45.26
4614,1239106,0.4521,180.0,280,15,3,0,45.27
4615,1239362,0.452,50.0,150,9,3,0,45.28
4616,1239658,0.4518,20.0,220,14,1,0,45.29
4617,1239914,0.4517,120.0,220,12,3,0,45.3
4618,1240202,0.4516,40.0,140,8,3,0,45.31
4619,1240538,0.4515,100.0,250,13,2,0,45.32
4620,1240794,0.4514,90.0,190,10,3,0,45.33
4621,1241106,0.4513,290.0,390,20,3,0,45.34
4622,1241362,0.4511,60.0,210,13,2,0,45.36
4623,1241666,0.451,140.0,240,13,3,0,45.37
4624,1241922,0.4509,40.0,140,6,3,0,45.38
4625,1242210,0.4508,130.0,230,13,3,0,45.39
4626,1242530,0.4507,90.0,190,11,3,0,45.4
4627,1242802,0.4505,100.0,200,10,3,0,45.41
4628,1243058,0.4504,-10.0,90,5,3,0,45.42
4629,1243314,0.4503,0.0,100,8,3,0,45.43
4630,1243570,0.4502,30.0,180,10,2,0,45.44
4631,1243826,0.4501,100.0,200,12,3,0,45.45
4632,1244082,0.45,160.0,260,15,3,0,45.45
4633,1244338,0.4498,110.0,210,13,3,0,45.46
4634,1244626,0.4497,180.0,280,15,3,0,45.47
4635,1244882,0.4496,110.0,210,13,3,0,45.48
4636,1245138,0.4495,70.0,170,11,3,0,45.49
4637,1245402,0.4494,10.0,160,9,2,0,45.5
4638,1245658,0.4492,120.0,220,11,3,0,45.51
4639,1245922,0.4491,100.0,200,12,3,0,45.52
4640,1246178,0.449,90.0,190,10,3,0,45.53
4641,1246490,0.4489,100.0,200,13,3,0,45.54
4642,1246754,0.4488,40.0,140,7,3,0,45.55
4643,1247010,0.4486,70.0,170,10,3,0,45.56
4644,1247266,0.4485,150.0,250,14,3,0,45.57
4645,1247522,0.4484,50.0,150,8,3,0,45.58
4646,1247778,0.4483,110.0,210,13,3,0,45.59
4647,1248034,0.4482,150.0,250,13,3,0,45.6
4648,1248290,0.4481,90.0,190,10,3,0,45.6
4649,1248546,0.4479,140.0,240,13,3,0,45.61
4650,1248826,0.4478,160.0,260,15,3,0,45.62
4651,1249082,0.4477,110.0,310,16,1,0,45.63
4652,1249338,0.4476,100.0,200,11,3,0,45.64
4653,1249594,0.4475,60.0,160,9,3,0,45.65
4654,1249850,0.4473,100.0,200,12,3,0,45.66
4655,1250106,0.4472,80.0,180,12,3,0,45.67
4656,1250362,0.4471,180.0,280,15,3,0,45.68
4657,1250618,0.447,60.0,160,9,3,0,45.69
4658,1250827,0.4469,-100.0,150,9,0,0,45.69
4659,1251107,0.4467,0.0,100,6,3,0,45.7
4660,1251451,0.4466,80.0,180,9,3,0,45.72
4661,1251707,0.4465,40.0,190,11,2,0,45.72
4662,1251979,0.4464,90.0,190,10,3,0,45.73
4663,1252291,0.4463,60.0,210,10,2,0,45.75
4664,1252587,0.4461,120.0,220,11,3,0,45.76
4665,1252843,0.446,100.0,200,12,3,0,45.76
4666,1253099,0.4459,150.0,250,13,3,0,45.77
4667,1253395,0.4458,190.0,290,15,3,0,45.78
4668,1253675,0.4457,200.0,300,16,3,0,45.79
4669,1253931,0.4456,100.0,250,13,2,0,45.8
4670,1254235,0.4454,200.0,300,18,3,0,45.81
4671,1254491,0.4453,60.0,160,9,3,0,45.82
4672,1254747,0.4452,-10.0,140,8,2,0,45.83
4673,1255003,0.4451,30.0,180,12,2,0,45.84
4674,1255259,0.445,170.0,270,15,3,0,45.85
4675,1255515,0.4448,0.0,100,5,3,0,45.86
4676,1255819,0.4447,40.0,140,7,3,0,45.87
4677,1256107,0.4446,70.0,170,9,3,0,45.88
4678,1256363,0.4445,100.0,200,11,3,0,45.89
4679,1256667,0.4444,-20.0,180,10,1,0,45.9
4680,1256923,0.4443,50.0,150,7,3,0,45.91
4681,1257179,0.4441,130.0,230,13,3,0,45.92
4682,1257435,0.444,30.0,130,7,3,0,45.93
4683,1257691,0.4439,20.0,120,8,3,0,45.94
4684,1257987,0.4438,80.0,180,10,3,0,45.95
4685,1258243,0.4437,40.0,140,9,3,0,45.96
4686,1258499,0.4435,40.0,140,9,3,0,45.96
4687,1258755,0.4434,120.0,220,12,3,0,45.97
4688,1259011,0.4433,60.0,210,12,2,0,45.98
4689,1259267,0.4432,130.0,230,13,3,0,45.99
4690,1259547,0.4431,100.0,200,11,3,0,46.0
4691,1259803,0.4429,110.0,210,13,3,0,46.01
4692,1260059,0.4428,-90.0,110,6,1,0,46.02
4693,1260331,0.4427,30.0,180,10,2,0,46.03
4694,1260587,0.4426,90.0,190,11,3,0,46.04
4695,1260843,0.4425,160.0,260,15,3,0,46.05
4696,1261099,0.4424,40.0,140,9,3,0,46.06
4697,1261379,0.4422,100.0,250,15,2,0,46.07
4698,1261635,0.4421,20.0,120,8,3,0,46.08
4699,1261891,0.442,130.0,230,14,3,0,46.08
4700,1262171,0.4419,190.0,290,17,3,0,46.09
4701,1262427,0.4418,40.0,140,10,3,0,46.1
4702,1262683,0.4416,-10.0,190,11,1,0,46.11
4703,1262939,0.4415,0.0,150,9,2,0,46.12
4704,1263195,0.4414,80.0,180,12,3,0,46.13
4705,1263451,0.4413,60.0,160,10,3,0,46.15
4706,1263707,0.4412,10.0,110,7,3,0,46.15
4707,1263963,0.441,40.0,140,8,3,0,46.16
4708,1264219,0.4409,80.0,180,10,3,0,46.17
4709,1264475,0.4408,130.0,230,11,3,0,46.18
4710,1264771,0.4407,20.0,120,7,3,0,46.19
4711,1265027,0.4406,50.0,150,9,3,0,46.2
4712,1265283,0.4405,100.0,200,11,3,0,46.21
4713,1265539,0.4403,40.0,140,9,3,0,46.22
4714,1265795,0.4402,180.0,280,16,3,0,46.23
4715,1266051,0.4401,100.0,200,11,3,0,46.24
4716,1266307,0.44,80.0,180,11,3,0,46.25
4717,1266563,0.4399,110.0,210,13,3,0,46.26
4718,1266875,0.4397,100.0,200,11,3,0,46.27
4719,1267155,0.4396,40.0,140,11,3,0,46.28
4720,1267435,0.4395,160.0,260,16,3,0,46.29
4721,1267691,0.4394,-20.0,180,11,1,0,46.3
4722,1267947,0.4393,120.0,220,13,3,0,46.31
4723,1268203,0.4391,90.0,190,12,3,0,46.33
4724,1268491,0.439,110.0,210,12,3,0,46.34
4725,1268835,0.4389,220.0,320,18,3,0,46.35
4726,1269091,0.4388,140.0,240,13,3,0,46.36
4727,1269347,0.4387,80.0,180,11,3,0,46.37
4728,1269603,0.4386,50.0,200,11,2,0,46.38
4729,1269971,0.4384,210.0,310,17,3,0,46.39
4730,1270259,0.4383,180.0,330,18,2,0,46.4
4731,1270547,0.4382,100.0,250,14,2,0,46.41
4732,1270803,0.4381,80.0,180,11,3,0,46.42
4733,1271115,0.438,230.0,330,17,3,0,46.44
4734,1271371,0.4378,80.0,180,11,3,0,46.45
4735,1271683,0.4377,250.0,350,19,3,0,46.46
4736,1271939,0.4376,140.0,240,12,3,0,46.47
4737,1272195,0.4375,30.0,130,8,3,0,46.48
4738,1272451,0.4374,120.0,220,13,3,0,46.49
4739,1272707,0.4372,130.0,230,14,3,0,46.5
4740,1272963,0.4371,120.0,220,12,3,0,46.51
4741,1273219,0.437,60.0,160,10,3,0,46.52
4742,1273475,0.4369,150.0,250,14,3,0,46.53
4743,1273731,0.4368,40.0,190,11,2,0,46.54
4744,1274003,0.4366,70.0,170,9,3,0,46.55
4745,1274259,0.4365,60.0,210,13,2,0,46.56
4746,1274515,0.4364,40.0,140,8,3,0,46.57
4747,1274803,0.4363,90.0,190,11,3,0,46.58
4748,1275099,0.4362,190.0,290,17,3,0,46.59
4749,1275355,0.4361,-10.0,140,9,2,0,46.6
4750,1275611,0.4359,90.0,240,13,2,0,46.61
4751,1275891,0.4358,170.0,270,16,3,0,46.62
4752,1276171,0.4357,150.0,250,15,3,0,46.63
4753,1276451,0.4356,100.0,200,13,3,0,46.64
4754,1276707,0.4355,170.0,270,14,3,0,46.65
4755,1276987,0.4353,150.0,250,16,3,0,46.66
4756,1277283,0.4352,110.0,210,12,3,0,46.67
4757,1277539,0.4351,110.0,260,15,2,0,46.68
4758,1277819,0.435,100.0,250,13,2,0,46.69
4759,1278075,0.4349,90.0,190,12,3,0,46.7
4760,1278331,0.4347,0.0,100,7,3,0,46.71
4761,1278587,0.4346,100.0,250,14,2,0,46.72
4762,1278891,0.4345,110.0,210,12,3,0,46.73
4763,1279147,0.4344,20.0,170,10,2,0,46.74
4764,1279403,0.4343,80.0,180,11,3,0,46.75
4765,1279659,0.4342,60.0,210,12,2,0,46.76
4766,1279915,0.434,10.0,110,7,3,0,46.77
4767,1280171,0.4339,-70.0,80,6,2,0,46.78
4768,1280427,0.4338,10.0,160,10,2,0,46.79
4769,1280715,0.4337,90.0,190,10,3,0,46.81
4770,1280971,0.4336,100.0,250,14,2,0,46.82
4771,1281227,0.4334,90.0,190,10,3,0,46.83
4772,1281483,0.4333,100.0,200,11,3,0,46.84
4773,1281795,0.4332,70.0,220,12,2,0,46.85
4774,1282051,0.4331,120.0,220,12,3,0,46.86
4775,1282307,0.433,60.0,210,11,2,0,46.87
4776,1282563,0.4329,30.0,130,8,3,0,46.87
4777,1282843,0.4327,110.0,210,11,3,0,46.89
4778,1283099,0.4326,100.0,200,11,3,0,46.9
4779,1283403,0.4325,170.0,270,13,3,0,46.91
4780,1283659,0.4324,60.0,160,8,3,0,46.92
4781,1283915,0.4323,130.0,230,13,3,0,46.93
4782,1284171,0.4321,-80.0,120,8,1,0,46.94
4783,1284451,0.432,10.0,160,10,2,0,46.95
4784,1284779,0.4319,160.0,260,13,3,0,46.96
4785,1285051,0.4318,90.0,190,11,3,0,46.97
4786,1285331,0.4317,100.0,200,13,3,0,46.98
4787,1285587,0.4315,120.0,270,15,2,0,46.99
4788,1285843,0.4314,140.0,240,14,3,0,47.0
4789,1286099,0.4313,130.0,230,14,3,0,47.01
4790,1286371,0.4312,130.0,230,13,3,0,47.02
4791,1286627,0.4311,50.0,200,11,2,0,47.03
4792,1286883,0.431,60.0,160,9,3,0,47.04
4793,1287139,0.4308,90.0,190,11,3,0,47.05
4794,1287419,0.4307,270.0,370,20,3,0,47.06
4795,1287675,0.4306,180.0,280,16,3,0,47.07
4796,1287931,0.4305,0.0,100,6,3,0,47.08
4797,1288187,0.4304,100.0,250,13,2,0,47.09
4798,1288443,0.4302,120.0,220,12,3,0,47.1
4799,1288699,0.4301,110.0,210,11,3,0,47.11
4800,1288955,0.43,60.0,160,10,3,0,47.12
4801,1289235,0.4299,150.0,250,15,3,0,47.13
4802,1289491,0.4298,40.0,190,12,2,0,47.14
4803,1289747,0.4296,40.0,190,10,2,0,47.15
4804,1290003,0.4295,80.0,230,13,2,0,47.16
4805,1290259,0.4294,100.0,250,13,2,0,47.17
4806,1290539,0.4293,140.0,240,13,3,0,47.18
4807,1290827,0.4292,190.0,290,15,3,0,47.19
4808,1291083,0.4291,0.0,200,12,1,0,47.2
4809,1291339,0.4289,90.0,190,11,3,0,47.21
4810,1291619,0.4288,100.0,200,13,3,0,47.22
4811,1291875,0.4287,0.0,100,5,3,0,47.23
4812,1292131,0.4286,140.0,240,13,3,0,47.24
4813,1292467,0.4285,250.0,350,18,3,0,47.25
4814,1292723,0.4283,50.0,150,8,3,0,47.26
4815,1292979,0.4282,-80.0,120,7,1,0,47.27
4816,1293235,0.4281,170.0,270,15,3,0,47.28
4817,1293491,0.428,160.0,260,15,3,0,47.29
4818,1293747,0.4279,80.0,180,11,3,0,47.3
4819,1294051,0.4277,130.0,230,13,3,0,47.32
4820,1294307,0.4276,170.0,270,13,3,0,47.33
4821,1294571,0.4275,100.0,200,11,3,0,47.34
4822,1294851,0.4274,50.0,200,13,2,0,47.35
4823,1295187,0.4273,90.0,190,11,3,0,47.36
4824,1295443,0.4272,100.0,200,11,3,0,47.37
4825,1295755,0.427,150.0,250,14,3,0,47.38
4826,1296011,0.4269,50.0,150,10,3,0,47.39
4827,1296307,0.4268,160.0,260,14,3,0,47.4
4828,1296603,0.4267,100.0,200,12,3,0,47.41
4829,1296899,0.4266,60.0,160,9,3,0,47.42
4830,1297155,0.4264,30.0,130,7,3,0,47.43
4831,1297419,0.4263,0.0,100,6,3,0,47.44
4832,1297683,0.4262,-20.0,80,5,3,0,47.45
4833,1298139,0.4261,200.0,350,19,2,0,47.47
4834,1298395,0.426,130.0,230,13,3,0,47.48
4835,1298651,0.4258,130.0,230,13,3,0,47.49
4836,1298907,0.4257,110.0,210,10,3,0,47.5
4837,1299163,0.4256,100.0,250,14,2,0,47.51
4838,1299419,0.4255,10.0,110,8,3,0,47.52
4839,1299675,0.4254,20.0,120,6,3,0,47.53
4840,1299947,0.4253,40.0,140,8,3,0,47.54
4841,1300203,0.4251,230.0,330,16,3,0,47.55
4842,1300459,0.425,90.0,190,10,3,0,47.56
4843,1300715,0.4249,100.0,200,11,3,0,47.58
4844,1301019,0.4248,90.0,240,12,2,0,47.59
4845,1301275,0.4247,10.0,110,6,3,0,47.6
4846,1301531,0.4245,110.0,210,13,3,0,47.61
4847,1301787,0.4244,90.0,190,11,3,0,47.62
4848,1302043,0.4243,130.0,230,13,3,0,47.63
4849,1302331,0.4242,60.0,160,8,3,0,47.64
4850,1302587,0.4241,0.0,100,6,3,0,47.65
4851,1302843,0.4239,30.0,130,10,3,0,47.66
4852,1303099,0.4238,70.0,170,11,3,0,47.67
4853,1303355,0.4237,50.0,150,10,3,0,47.68
4854,1303611,0.4236,80.0,180,10,3,0,47.7
4855,1303931,0.4235,40.0,140,8,3,0,47.71
4856,1304187,0.4234,70.0,170,10,3,0,47.72
4857,1304459,0.4232,150.0,250,13,3,0,47.73
4858,1304739,0.4231,60.0,260,16,1,0,47.74
4859,1305027,0.423,200.0,300,16,3,0,47.75
4860,1305315,0.4229,130.0,280,15,2,0,47.76
4861,1305571,0.4228,50.0,150,9,3,0,47.77
4862,1305827,0.4226,10.0,160,9,2,0,47.78
4863,1306083,0.4225,100.0,200,13,3,0,47.79
4864,1306339,0.4224,110.0,210,12,3,0,47.8
4865,1306595,0.4223,20.0,120,9,3,0,47.81
4866,1306851,0.4222,20.0,120,8,3,0,47.82
4867,1307107,0.422,80.0,180,10,3,0,47.83
4868,1307379,0.4219,10.0,110,6,3,0,47.84
4869,1307635,0.4218,10.0,110,6,3,0,47.85
4870,1307931,0.4217,220.0,320,18,3,0,47.86
4871,1308211,0.4216,110.0,210,12,3,0,47.87
4872,1308507,0.4214,50.0,150,9,3,0,47.88
4873,1308803,0.4213,0.0,100,6,3,0,47.89
4874,1309115,0.4212,-30.0,120,7,2,0,47.9
4875,1309443,0.4211,160.0,260,14,3,0,47.91
4876,1309723,0.421,50.0,150,9,3,0,47.92
4877,1309979,0.4209,50.0,150,10,3,0,47.93
4878,1310235,0.4207,80.0,180,11,3,0,47.94
4879,1310491,0.4206,30.0,180,11,2,0,47.95
4880,1310747,0.4205,10.0,210,12,1,0,47.96
4881,1311027,0.4204,180.0,280,16,3,0,47.97
4882,1311283,0.4203,100.0,200,12,3,0,47.98
4883,1311579,0.4201,-20.0,80,5,3,0,47.99
4884,1311835,0.42,70.0,170,10,3,0,48.0
4885,1312115,0.4199,250.0,350,19,3,0,48.01
4886,1312395,0.4198,90.0,190,13,3,0,48.02
4887,1312699,0.4197,290.0,390,21,3,0,48.03
4888,1312955,0.4196,120.0,220,13,3,0,48.04
4889,1313403,0.4194,290.0,390,21,3,0,48.05
4890,1313659,0.4193,100.0,200,12,3,0,48.06
4891,1313915,0.4192,190.0,290,16,3,0,48.07
4892,1314219,0.4191,120.0,220,13,3,0,48.08
4893,1314499,0.419,90.0,240,15,2,0,48.09
4894,1314755,0.4188,100.0,200,11,3,0,48.1
4895,1315011,0.4187,90.0,240,13,2,0,48.11
4896,1315267,0.4186,100.0,200,13,3,0,48.12
4897,1315523,0.4185,10.0,110,6,3,0,48.13
4898,1315811,0.4184,110.0,210,13,3,0,48.14
4899,1316067,0.4182,100.0,200,11,3,0,48.15
4900,1316323,0.4181,90.0,190,10,3,0,48.16
4901,1316603,0.418,80.0,230,14,2,0,48.17
4902,1316859,0.4179,200.0,300,17,3,0,48.17
4903,1317179,0.4178,160.0,260,14,3,0,48.19
4904,1317435,0.4176,10.0,110,7,3,0,48.19
4905,1317691,0.4175,70.0,170,11,3,0,48.2
4906,1317979,0.4174,120.0,220,11,3,0,48.21
4907,1318235,0.4173,90.0,190,12,3,0,48.22
4908,1318491,0.4172,70.0,170,11,3,0,48.23
4909,1318771,0.4171,130.0,280,17,2,0,48.24
4910,1319051,0.4169,140.0,240,15,3,0,48.25
4911,1319307,0.4168,140.0,240,14,3,0,48.26
4912,1319563,0.4167,0.0,150,9,2,0,48.27
4913,1319859,0.4166,20.0,220,14,1,0,48.28
4914,1320115,0.4165,120.0,220,12,3,0,48.29
4915,1320371,0.4163,100.0,200,12,3,0,48.3
4916,1320627,0.4162,150.0,250,14,3,0,48.31
4917,1321019,0.4161,240.0,390,21,2,0,48.32
4918,1321275,0.416,60.0,160,9,3,0,48.33
4919,1321531,0.4159,90.0,190,12,3,0,48.34
4920,1321811,0.4157,130.0,230,15,3,0,48.36
4921,1322099,0.4156,100.0,250,14,2,0,48.37
4922,1322355,0.4155,120.0,220,13,3,0,48.38
4923,1322667,0.4154,240.0,340,19,3,0,48.39
4924,1322947,0.4153,110.0,210,14,3,0,48.4
4925,1323203,0.4152,70.0,220,12,2,0,48.41
4926,1323459,0.415,80.0,180,10,3,0,48.41
4927,1323731,0.4149,190.0,290,16,3,0,48.43
4928,1324027,0.4148,150.0,300,17,2,0,48.44
4929,1324307,0.4147,170.0,270,16,3,0,48.45
4930,1324563,0.4146,60.0,160,11,3,0,48.46
4931,1324923,0.4144,270.0,370,20,3,0,48.47
4932,1325179,0.4143,90.0,190,12,3,0,48.48
4933,1325459,0.4142,100.0,200,13,3,0,48.49
4934,1325715,0.4141,70.0,170,9,3,0,48.5
4935,1325971,0.414,40.0,140,9,3,0,48.51
4936,1326227,0.4139,20.0,170,11,2,0,48.52
4937,1326483,0.4137,100.0,200,12,3,0,48.53
4938,1326763,0.4136,60.0,160,8,3,0,48.54
4939,1327019,0.4135,40.0,140,10,3,0,48.55
4940,1327275,0.4134,130.0,230,13,3,0,48.56
4941,1327555,0.4133,70.0,220,14,2,0,48.57
4942,1327811,0.4131,200.0,300,16,3,0,48.59
4943,1328067,0.413,60.0,160,10,3,0,48.6
4944,1328323,0.4129,50.0,150,9,3,0,48.61
4945,1328603,0.4128,90.0,240,15,2,0,48.62
4946,1328859,0.4127,-30.0,170,10,1,0,48.63
4947,1329115,0.4125,20.0,170,9,2,0,48.63
4948,1329371,0.4124,120.0,220,11,3,0,48.64
4949,1329627,0.4123,30.0,130,7,3,0,48.65
4950,1329883,0.4122,120.0,220,12,3,0,48.66
4951,1330139,0.4121,0.0,100,8,3,0,48.67
4952,1330419,0.412,120.0,220,14,3,0,48.68
4953,1330723,0.4118,130.0,280,17,2,0,48.7
4954,1330979,0.4117,80.0,180,11,3,0,48.71
4955,1331235,0.4116,130.0,230,13,3,0,48.72
4956,1331491,0.4115,70.0,220,12,2,0,48.72
4957,1331747,0.4114,160.0,310,16,2,0,48.73
4958,1332003,0.4112,100.0,200,11,3,0,48.74
4959,1332259,0.4111,120.0,220,12,3,0,48.75
4960,1332515,0.411,170.0,270,14,3,0,48.76
4961,1332758,0.4109,-60.0,190,13,0,0,48.77
4962,1333014,0.4108,-20.0,130,9,2,0,48.78
4963,1333270,0.4106,150.0,250,14,3,0,48.79
4964,1333550,0.4105,20.0,120,6,3,0,48.8
4965,1333806,0.4104,120.0,220,12,3,0,48.81
4966,1334062,0.4103,160.0,260,14,3,0,48.82
4967,1334342,0.4102,160.0,260,16,3,0,48.83
4968,1334606,0.4101,0.0,150,9,2,0,48.84
4969,1334886,0.4099,-10.0,90,6,3,0,48.85
4970,1335142,0.4098,-40.0,60,5,3,0,48.86
4971,1335398,0.4097,-20.0,130,8,2,0,48.87
4972,1335702,0.4096,30.0,130,7,3,0,48.88
4973,1335998,0.4095,20.0,120,7,3,0,48.9
4974,1336254,0.4093,60.0,210,12,2,0,48.9
4975,1336510,0.4092,160.0,260,13,3,0,48.91
4976,1336766,0.4091,170.0,270,14,3,0,48.92
4977,1337038,0.409,0.0,150,8,2,0,48.93
4978,1337294,0.4089,70.0,170,10,3,0,48.94
4979,1337598,0.4087,190.0,290,15,3,0,48.95
4980,1337854,0.4086,30.0,130,7,3,0,48.96
4981,1338110,0.4085,90.0,190,11,3,0,48.97
4982,1338382,0.4084,110.0,210,10,3,0,48.99
4983,1338638,0.4083,20.0,120,7,3,0,49.0
4984,1339006,0.4082,140.0,240,14,3,0,49.01
4985,1339326,0.408,40.0,240,13,1,0,49.02
4986,1339758,0.4079,270.0,420,22,2,0,49.04
4987,1340014,0.4078,30.0,130,7,3,0,49.05
4988,1340270,0.4077,110.0,210,12,3,0,49.06
4989,1340582,0.4076,250.0,400,21,2,0,49.07
4990,1340886,0.4074,180.0,280,15,3,0,49.08
4991,1341142,0.4073,160.0,260,13,3,0,49.09
4992,1341494,0.4072,230.0,330,16,3,0,49.11
4993,1341766,0.4071,110.0,260,14,2,0,49.12
4994,1342022,0.407,10.0,210,10,1,0,49.13
4995,1342430,0.4068,280.0,380,20,3,0,49.14
4996,1342742,0.4067,120.0,220,13,3,0,49.15
4997,1343070,0.4066,120.0,270,15,2,0,49.16
4998,1343326,0.4065,30.0,180,10,2,0,49.17
4999,1343606,0.4064,110.0,260,16,2,0,49.18
5000,1343886,0.4062,190.0,290,17,3,0,49.19
5001,1344142,0.4061,-30.0,120,9,2,0,49.21
5002,1344398,0.406,130.0,230,12,3,0,49.22
5003,1344766,0.4059,240.0,340,17,3,0,49.23
5004,1345022,0.4058,130.0,230,14,3,0,49.24
5005,1345278,0.4057,120.0,220,11,3,0,49.25
5006,1345550,0.4055,20.0,120,7,3,0,49.26
5007,1345814,0.4054,40.0,190,10,2,0,49.28
5008,1346118,0.4053,230.0,330,18,3,0,49.29
5009,1346374,0.4052,0.0,100,8,3,0,49.3
5010,1346694,0.4051,170.0,270,15,3,0,49.31
5011,1346990,0.4049,210.0,310,16,3,0,49.32
5012,1347246,0.4048,210.0,310,16,3,0,49.33
5013,1347502,0.4047,80.0,230,12,2,0,49.34
5014,1347798,0.4046,190.0,290,16,3,0,49.35
5015,1348054,0.4045,90.0,240,14,2,0,49.36
5016,1348310,0.4043,90.0,190,11,3,0,49.37
5017,1348566,0.4042,100.0,200,12,3,0,49.38
5018,1348822,0.4041,-40.0,110,6,2,0,49.39
5019,1349126,0.404,30.0,130,7,3,0,49.4
5020,1349414,0.4039,130.0,230,12,3,0,49.41
5021,1349670,0.4038,130.0,230,14,3,0,49.42
5022,1349926,0.4036,170.0,270,14,3,0,49.43
5023,1350206,0.4035,180.0,280,16,3,0,49.44
5024,1350502,0.4034,120.0,270,15,2,0,49.45
5025,1350774,0.4033,180.0,280,15,3,0,49.46
5026,1351030,0.4032,120.0,220,13,3,0,49.47
5027,1351286,0.403,-30.0,120,7,2,0,49.48
5028,1351574,0.4029,10.0,160,9,2,0,49.49
5029,1351830,0.4028,150.0,250,13,3,0,49.5
5030,1352086,0.4027,110.0,210,13,3,0,49.52
5031,1352342,0.4026,80.0,230,13,2,0,49.53
5032,1352598,0.4025,10.0,160,9,2,0,49.54
5033,1352878,0.4023,130.0,230,15,3,0,49.55
5034,1353134,0.4022,-20.0,130,9,2,0,49.56
5035,1353390,0.4021,70.0,220,12,2,0,49.57
5036,1353646,0.402,50.0,150,9,3,0,49.58
5037,1353982,0.4019,180.0,280,15,3,0,49.59
5038,1354278,0.4017,140.0,240,14,3,0,49.6
5039,1354534,0.4016,10.0,110,7,3,0,49.61
5040,1354790,0.4015,70.0,170,10,3,0,49.62
5041,1355046,0.4014,70.0,170,10,3,0,49.63
5042,1355302,0.4013,-10.0,140,9,2,0,49.65
5043,1355558,0.4011,140.0,290,16,2,0,49.66
5044,1355814,0.401,90.0,190,9,3,0,49.67
5045,1356094,0.4009,220.0,370,20,2,0,49.68
5046,1356350,0.4008,110.0,210,13,3,0,49.69
5047,1356622,0.4007,110.0,210,11,3,0,49.7
5048,1356942,0.4006,170.0,270,14,3,0,49.71
5049,1357310,0.4004,170.0,270,14,3,0,49.73
5050,1357566,0.4003,90.0,190,10,3,0,49.74
5051,1357846,0.4002,160.0,260,16,3,0,49.74
5052,1358102,0.4001,10.0,110,7,3,0,49.75
5053,1358358,0.4,20.0,120,7,3,0,49.76
5054,1358646,0.3998,10.0,160,9,2,0,49.78
5055,1358902,0.3997,90.0,190,11,3,0,49.79
5056,1359190,0.3996,40.0,140,8,3,0,49.8
5057,1359470,0.3995,150.0,300,17,2,0,49.81
5058,1359750,0.3994,150.0,250,15,3,0,49.82
5059,1360094,0.3992,300.0,400,21,3,0,49.83
5060,1360350,0.3991,40.0,140,9,3,0,49.84
5061,1360630,0.399,60.0,160,12,3,0,49.85
5062,1360902,0.3989,140.0,240,14,3,0,49.86
5063,1361158,0.3988,50.0,150,8,3,0,49.87
5064,1361462,0.3986,180.0,280,16,3,0,49.88
5065,1361718,0.3985,90.0,190,11,3,0,49.89
5066,1361974,0.3984,110.0,210,12,3,0,49.91
5067,1362230,0.3983,140.0,240,14,3,0,49.91
5068,1362486,0.3982,10.0,110,8,3,0,49.92
5069,1362774,0.3981,80.0,230,15,2,0,49.93
5070,1363030,0.3979,50.0,150,9,3,0,49.94
5071,1363476,0.3978,580.0,580,24,3,1,49.96
5072,1363732,0.3977,-60.0,90,6,2,0,49.97
5073,1363988,0.3976,50.0,200,12,2,0,49.98
5074,1364244,0.3975,-30.0,120,9,2,0,49.99
5075,1364500,0.3973,50.0,150,9,3,0,49.99
5076,1364788,0.3972,110.0,210,12,3,0,50.0
5077,1365044,0.3971,110.0,210,12,3,0,50.01
5078,1365300,0.397,100.0,200,12,3,0,50.02
5079,1365580,0.3969,130.0,230,14,3,0,50.03
5080,1365836,0.3968,110.0,210,13,3,0,50.04
5081,1366092,0.3966,150.0,250,14,3,0,50.05
5082,1366396,0.3965,290.0,390,21,3,0,50.06
5083,1366652,0.3964,80.0,180,10,3,0,50.07
5084,1366932,0.3963,130.0,230,14,3,0,50.08
5085,1367188,0.3962,120.0,220,13,3,0,50.09
5086,1367484,0.396,100.0,200,10,3,0,50.1
5087,1367764,0.3959,160.0,260,15,3,0,50.11
5088,1368060,0.3958,120.0,220,13,3,0,50.12
5089,1368340,0.3957,170.0,270,16,3,0,50.13
5090,1368596,0.3956,60.0,160,10,3,0,50.14
5091,1368969,0.3954,480.0,580,24,1,1,50.15
5092,1369225,0.3953,150.0,250,13,3,0,50.16
5093,1369481,0.3952,30.0,180,10,2,0,50.17
5094,1369737,0.3951,90.0,190,12,3,0,50.18
5095,1370001,0.395,110.0,210,12,3,0,50.19
5096,1370313,0.3949,300.0,400,21,3,0,50.2
5097,1370593,0.3947,150.0,250,16,3,0,50.21
5098,1370929,0.3946,210.0,310,16,3,0,50.22
5099,1371185,0.3945,50.0,150,8,3,0,50.23
5100,1371441,0.3944,20.0,170,10,2,0,50.24
5101,1371729,0.3943,10.0,160,10,2,0,50.25
5102,1372033,0.3941,210.0,310,18,3,0,50.26
5103,1372297,0.394,30.0,180,11,2,0,50.27
5104,1372625,0.3939,130.0,280,17,2,0,50.28
5105,1372881,0.3938,40.0,190,11,2,0,50.29
5106,1373153,0.3937,40.0,140,8,3,0,50.3
5107,1373433,0.3935,220.0,320,18,3,0,50.31
5108,1373737,0.3934,270.0,420,22,2,0,50.32
5109,1374017,0.3933,150.0,250,15,3,0,50.33
5110,1374273,0.3932,110.0,210,13,3,0,50.34
5111,1374529,0.3931,70.0,170,10,3,0,50.35
5112,1374785,0.393,70.0,170,10,3,0,50.36
5113,1375041,0.3928,70.0,170,11,3,0,50.37
5114,1375297,0.3927,-20.0,80,5,3,0,50.38
5115,1375601,0.3926,60.0,160,9,3,0,50.39
5116,1375857,0.3925,30.0,180,9,2,0,50.4
5117,1376137,0.3924,160.0,260,16,3,0,50.41
5118,1376393,0.3922,110.0,210,12,3,0,50.42
5119,1376673,0.3921,240.0,340,19,3,0,50.43
5120,1376929,0.392,90.0,240,13,2,0,50.43
5121,1377185,0.3919,-130.0,70,6,1,0,50.44
5122,1377441,0.3918,100.0,200,12,3,0,50.45
5123,1377697,0.3916,30.0,130,9,3,0,50.46
5124,1377977,0.3915,130.0,230,15,3,0,50.47
5125,1378241,0.3914,0.0,100,6,3,0,50.48
5126,1378617,0.3913,320.0,420,22,3,0,50.49
5127,1379001,0.3912,240.0,390,21,2,0,50.51
5128,1379281,0.3911,70.0,170,12,3,0,50.52
5129,1379561,0.3909,160.0,260,16,3,0,50.53
5130,1379817,0.3908,10.0,110,7,3,0,50.54
5131,1380073,0.3907,10.0,110,8,3,0,50.55
5132,1380329,0.3906,-40.0,60,4,3,0,50.56
5133,1380585,0.3905,30.0,230,12,1,0,50.56
5134,1380937,0.3903,290.0,390,20,3,0,50.58
5135,1381217,0.3902,140.0,240,15,3,0,50.59
5136,1381521,0.3901,140.0,240,13,3,0,50.6
5137,1381801,0.39,90.0,240,15,2,0,50.61
5138,1382057,0.3899,20.0,120,7,3,0,50.62
5139,1382313,0.3897,20.0,120,7,3,0,50.63
5140,1382569,0.3896,50.0,150,9,3,0,50.63
5141,1382825,0.3895,90.0,190,12,3,0,50.64
5142,1383081,0.3894,50.0,150,10,3,0,50.65
5143,1383337,0.3893,100.0,200,13,3,0,50.66
5144,1383689,0.3891,150.0,350,19,1,0,50.67
5145,1383945,0.389,100.0,200,13,3,0,50.68
5146,1384201,0.3889,20.0,120,7,3,0,50.69
5147,1384513,0.3888,120.0,270,15,2,0,50.7
5148,1384769,0.3887,40.0,140,7,3,0,50.71
5149,1385081,0.3886,80.0,180,11,3,0,50.72
5150,1385409,0.3884,260.0,360,20,3,0,50.73
5151,1385665,0.3883,120.0,220,13,3,0,50.74
5152,1385921,0.3882,10.0,210,11,1,0,50.75
5153,1386193,0.3881,30.0,130,7,3,0,50.76
5154,1386449,0.388,40.0,140,8,3,0,50.77
5155,1386705,0.3878,0.0,100,6,3,0,50.78
5156,1386961,0.3877,30.0,130,8,3,0,50.79
5157,1387353,0.3876,530.0,580,24,2,1,50.8
5158,1387633,0.3875,170.0,270,16,3,0,50.81
5159,1387913,0.3874,210.0,310,18,3,0,50.82
5160,1388193,0.3872,170.0,270,16,3,0,50.83
5161,1388473,0.3871,200.0,300,17,3,0,50.85
5162,1388769,0.387,220.0,370,20,2,0,50.86
5163,1389022,0.3869,-90.0,160,10,0,0,50.87
5164,1389278,0.3868,70.0,170,11,3,0,50.88
5165,1389574,0.3867,100.0,300,17,1,0,50.89
5166,1389870,0.3865,50.0,150,8,3,0,50.9
5167,1390278,0.3864,180.0,330,18,2,0,50.91
5168,1390582,0.3863,50.0,150,9,3,0,50.92
5169,1390838,0.3862,-70.0,80,6,2,0,50.93
5170,1391150,0.3861,50.0,150,9,3,0,50.94
5171,1391494,0.3859,150.0,250,15,3,0,50.96
5172,1391750,0.3858,50.0,150,10,3,0,50.96
5173,1392030,0.3857,120.0,220,14,3,0,50.97
5174,1392286,0.3856,180.0,280,14,3,0,50.98
5175,1392542,0.3855,40.0,140,8,3,0,50.99
5176,1392822,0.3853,130.0,230,15,3,0,51.0
5177,1393078,0.3852,30.0,130,9,3,0,51.01
5178,1393358,0.3851,90.0,190,13,3,0,51.02
5179,1393614,0.385,70.0,170,11,3,0,51.03
5180,1393870,0.3849,40.0,190,10,2,0,51.04
5181,1394126,0.3848,40.0,140,10,3,0,51.05
5182,1394382,0.3846,80.0,230,13,2,0,51.06
5183,1394638,0.3845,110.0,210,12,3,0,51.07
5184,1394894,0.3844,110.0,210,11,3,0,51.08
5185,1395174,0.3843,90.0,240,13,2,0,51.09
5186,1395430,0.3842,100.0,200,11,3,0,51.1
5187,1395686,0.384,70.0,170,10,3,0,51.11
5188,1395942,0.3839,120.0,220,12,3,0,51.12
5189,1396198,0.3838,70.0,220,12,2,0,51.13
5190,1396462,0.3837,-10.0,90,6,3,0,51.14
5191,1396726,0.3836,40.0,140,9,3,0,51.15
5192,1397006,0.3835,80.0,180,10,3,0,51.16
5193,1397286,0.3833,250.0,350,19,3,0,51.17
5194,1397542,0.3832,10.0,110,7,3,0,51.18
5195,1397830,0.3831,210.0,310,18,3,0,51.19
5196,1398110,0.383,220.0,320,18,3,0,51.2
5197,1398366,0.3829,-10.0,140,10,2,0,51.21
5198,1398654,0.3827,130.0,280,15,2,0,51.22
5199,1398910,0.3826,50.0,150,9,3,0,51.23
5200,1399166,0.3825,160.0,260,15,3,0,51.24
5201,1399422,0.3824,60.0,160,8,3,0,51.25
5202,1399702,0.3823,220.0,320,18,3,0,51.26
5203,1399958,0.3821,40.0,190,11,2,0,51.27
5204,1400326,0.382,270.0,370,17,3,0,51.28
5205,1400670,0.3819,240.0,340,19,3,0,51.3
5206,1400926,0.3818,70.0,220,12,2,0,51.31
5207,1401182,0.3817,10.0,110,7,3,0,51.32
5208,1401462,0.3816,160.0,260,16,3,0,51.33
5209,1401718,0.3814,80.0,230,13,2,0,51.34
5210,1401974,0.3813,90.0,190,12,3,0,51.35
5211,1402230,0.3812,70.0,170,10,3,0,51.36
5212,1402486,0.3811,20.0,170,10,2,0,51.37
5213,1402742,0.381,90.0,190,11,3,0,51.38
5214,1403022,0.3808,170.0,270,16,3,0,51.39
5215,1403318,0.3807,230.0,330,17,3,0,51.4
5216,1403574,0.3806,110.0,210,12,3,0,51.41
5217,1403838,0.3805,60.0,160,9,3,0,51.42
5218,1404094,0.3804,90.0,190,12,3,0,51.43
5219,1404350,0.3802,80.0,180,10,3,0,51.44
5220,1404614,0.3801,100.0,250,13,2,0,51.45
5221,1404870,0.38,70.0,170,11,3,0,51.46
5222,1405150,0.3799,170.0,270,16,3,0,51.47
5223,1405406,0.3798,90.0,240,13,2,0,51.48
5224,1405662,0.3796,90.0,190,12,3,0,51.49
5225,1405942,0.3795,140.0,240,14,3,0,51.5
5226,1406222,0.3794,130.0,280,17,2,0,51.51
5227,1406478,0.3793,50.0,150,9,3,0,51.52
5228,1406734,0.3792,170.0,270,14,3,0,51.53
5229,1407014,0.3791,140.0,290,17,2,0,51.54
5230,1407270,0.3789,20.0,170,9,2,0,51.55
5231,1407558,0.3788,60.0,160,9,3,0,51.56
5232,1407854,0.3787,150.0,250,14,3,0,51.57
5233,1408110,0.3786,140.0,240,13,3,0,51.58
5234,1408366,0.3785,140.0,240,14,3,0,51.59
5235,1408622,0.3783,180.0,280,16,3,0,51.6
5236,1408878,0.3782,50.0,150,8,3,0,51.61
5237,1409158,0.3781,190.0,290,17,3,0,51.62
5238,1409414,0.378,160.0,260,14,3,0,51.64
5239,1409670,0.3779,120.0,270,15,2,0,51.65
5240,1409926,0.3778,150.0,250,13,3,0,51.65
5241,1410334,0.3776,580.0,580,24,3,1,51.67
5242,1410622,0.3775,50.0,150,10,3,0,51.68
5243,1410878,0.3774,110.0,260,15,2,0,51.69
5244,1411134,0.3773,40.0,140,8,3,0,51.7
5245,1411390,0.3772,90.0,190,11,3,0,51.71
5246,1411654,0.377,-20.0,130,9,2,0,51.72
5247,1411934,0.3769,150.0,250,13,3,0,51.73
5248,1412278,0.3768,130.0,230,12,3,0,51.74
5249,1412534,0.3767,110.0,210,12,3,0,51.75
5250,1412790,0.3766,0.0,150,9,2,0,51.76
5251,1413046,0.3764,20.0,120,7,3,0,51.77
5252,1413302,0.3763,30.0,130,8,3,0,51.78
5253,1413558,0.3762,140.0,240,14,3,0,51.79
5254,1413838,0.3761,210.0,310,16,3,0,51.8
5255,1414094,0.376,30.0,130,7,3,0,51.81
5256,1414350,0.3759,60.0,210,13,2,0,51.82
5257,1414606,0.3757,20.0,120,6,3,0,51.83
5258,1414862,0.3756,100.0,200,12,3,0,51.84
5259,1415118,0.3755,40.0,190,11,2,0,51.85
5260,1415374,0.3754,30.0,130,8,3,0,51.86
5261,1415630,0.3753,90.0,190,12,3,0,51.87
5262,1415934,0.3751,230.0,330,19,3,0,51.88
5263,1416190,0.375,140.0,240,14,3,0,51.89
5264,1416446,0.3749,70.0,170,9,3,0,51.9
5265,1416702,0.3748,120.0,220,13,3,0,51.91
5266,1416958,0.3747,130.0,230,14,3,0,51.92
5267,1417262,0.3745,70.0,170,10,3,0,51.93
5268,1417518,0.3744,-20.0,130,9,2,0,51.94
5269,1417774,0.3743,140.0,240,14,3,0,51.95
5270,1418030,0.3742,0.0,100,6,3,0,51.96
5271,1418286,0.3741,50.0,150,10,3,0,51.98
5272,1418566,0.374,120.0,220,14,3,0,51.99
5273,1418822,0.3738,50.0,200,13,2,0,51.99
5274,1419078,0.3737,60.0,160,10,3,0,52.0
5275,1419350,0.3736,150.0,250,15,3,0,52.01
5276,1419606,0.3735,60.0,160,9,3,0,52.02
5277,1419862,0.3734,50.0,150,9,3,0,52.03
5278,1420118,0.3732,-10.0,90,6,3,0,52.04
5279,1420390,0.3731,90.0,240,13,2,0,52.05
5280,1420646,0.373,-30.0,120,7,2,0,52.06
5281,1420918,0.3729,90.0,190,10,3,0,52.08
5282,1421174,0.3728,30.0,130,8,3,0,52.08
5283,1421430,0.3726,10.0,110,7,3,0,52.09
5284,1421686,0.3725,70.0,170,11,3,0,52.1
5285,1421942,0.3724,70.0,170,9,3,0,52.11
5286,1422206,0.3723,110.0,210,13,3,0,52.12
5287,1422462,0.3722,160.0,260,14,3,0,52.13
5288,1422726,0.3721,-20.0,130,8,2,0,52.14
5289,1422982,0.3719,130.0,230,12,3,0,52.15
5290,1423270,0.3718,140.0,240,13,3,0,52.16
5291,1423526,0.3717,10.0,110,8,3,0,52.17
5292,1423806,0.3716,170.0,270,16,3,0,52.18
5293,1424086,0.3715,110.0,210,14,3,0,52.19
5294,1424374,0.3713,10.0,210,13,1,0,52.2
5295,1424630,0.3712,70.0,170,10,3,0,52.21
5296,1424950,0.3711,200.0,350,18,2,0,52.22
5297,1425206,0.371,-10.0,90,7,3,0,52.24
5298,1425486,0.3709,130.0,230,14,3,0,52.25
5299,1425742,0.3707,100.0,200,12,3,0,52.26
5300,1426118,0.3706,230.0,380,20,2,0,52.27
5301,1426390,0.3705,100.0,200,11,3,0,52.28
5302,1426646,0.3704,10.0,110,7,3,0,52.29
5303,1426902,0.3703,-70.0,30,3,3,0,52.3
5304,1427182,0.3701,10.0,110,7,3,0,52.31
5305,1427438,0.37,80.0,180,12,3,0,52.32
5306,1427694,0.3699,60.0,160,10,3,0,52.33
5307,1427974,0.3698,80.0,230,13,2,0,52.34
5308,1428270,0.3697,240.0,340,19,3,0,52.35
5309,1428526,0.3696,40.0,140,8,3,0,52.36
5310,1428782,0.3694,10.0,110,7,3,0,52.37
5311,1429038,0.3693,60.0,160,9,3,0,52.39
5312,1429350,0.3692,70.0,220,13,2,0,52.4
5313,1429606,0.3691,20.0,120,8,3,0,52.41
5314,1429862,0.369,40.0,140,8,3,0,52.42
5315,1430118,0.3688,110.0,210,12,3,0,52.43
5316,1430374,0.3687,160.0,260,14,3,0,52.44
5317,1430630,0.3686,90.0,190,11,3,0,52.45
5318,1430886,0.3685,50.0,150,9,3,0,52.45
5319,1431142,0.3684,30.0,130,8,3,0,52.46
5320,1431398,0.3682,20.0,120,7,3,0,52.47
5321,1431678,0.3681,160.0,260,14,3,0,52.48
5322,1431934,0.368,100.0,200,11,3,0,52.49
5323,1432270,0.3679,110.0,210,11,3,0,52.5
5324,1432526,0.3678,80.0,230,13,2,0,52.51
5325,1432782,0.3677,50.0,150,9,3,0,52.52
5326,1433038,0.3675,40.0,140,7,3,0,52.53
5327,1433326,0.3674,50.0,150,8,3,0,52.55
5328,1433582,0.3673,40.0,190,11,2,0,52.56
5329,1433838,0.3672,-70.0,130,8,1,0,52.57
5330,1434094,0.3671,80.0,230,13,2,0,52.58
5331,1434374,0.3669,180.0,280,16,3,0,52.59
5332,1434630,0.3668,140.0,240,14,3,0,52.6
5333,1434886,0.3667,90.0,190,10,3,0,52.61
5334,1435166,0.3666,200.0,300,17,3,0,52.62
5335,1435422,0.3665,-30.0,120,7,2,0,52.63
5336,1435702,0.3664,130.0,230,14,3,0,52.64
5337,1435958,0.3662,80.0,180,11,3,0,52.65
5338,1436214,0.3661,120.0,220,13,3,0,52.66
5339,1436470,0.366,110.0,210,11,3,0,52.67
5340,1436726,0.3659,-20.0,80,6,3,0,52.67
5341,1437014,0.3658,60.0,160,9,3,0,52.68
5342,1437270,0.3656,0.0,100,6,3,0,52.69
5343,1437550,0.3655,70.0,220,14,2,0,52.7
5344,1437806,0.3654,100.0,200,12,3,0,52.71
5345,1438062,0.3653,20.0,170,11,2,0,52.73
5346,1438318,0.3652,60.0,160,8,3,0,52.74
5347,1438574,0.365,110.0,210,11,3,0,52.75
5348,1438830,0.3649,30.0,130,7,3,0,52.76
5349,1439086,0.3648,60.0,160,10,3,0,52.77
5350,1439374,0.3647,30.0,180,11,2,0,52.78
5351,1439678,0.3646,140.0,240,12,3,0,52.79
5352,1439934,0.3645,150.0,250,14,3,0,52.8
5353,1440214,0.3643,100.0,200,13,3,0,52.81
5354,1440646,0.3642,300.0,450,23,2,0,52.83
5355,1440902,0.3641,100.0,200,12,3,0,52.83
5356,1441198,0.364,150.0,300,17,2,0,52.84
5357,1441478,0.3639,150.0,250,15,3,0,52.85
5358,1441734,0.3637,60.0,160,9,3,0,52.86
5359,1441990,0.3636,20.0,120,8,3,0,52.87
5360,1442326,0.3635,20.0,170,10,2,0,52.88
5361,1442590,0.3634,10.0,110,7,3,0,52.89
5362,1442870,0.3633,180.0,330,18,2,0,52.91
5363,1443174,0.3631,110.0,210,12,3,0,52.92
5364,1443430,0.363,-10.0,190,10,1,0,52.93
5365,1443734,0.3629,250.0,350,17,3,0,52.94
5366,1443990,0.3628,170.0,320,17,2,0,52.95
5367,1444270,0.3627,150.0,300,17,2,0,52.96
5368,1444526,0.3626,50.0,200,11,2,0,52.97
5369,1444806,0.3624,60.0,160,9,3,0,52.98
5370,1445062,0.3623,-30.0,70,5,3,0,52.99
5371,1445350,0.3622,20.0,170,11,2,0,53.0
5372,1445606,0.3621,110.0,210,13,3,0,53.01
5373,1445910,0.362,100.0,200,12,3,0,53.02
5374,1446166,0.3618,40.0,140,9,3,0,53.03
5375,1446422,0.3617,150.0,250,14,3,0,53.04
5376,1446678,0.3616,180.0,280,15,3,0,53.05
5377,1446934,0.3615,120.0,220,13,3,0,53.06
5378,1447300,0.3614,480.0,580,24,1,1,53.07
5379,1447556,0.3612,140.0,240,14,3,0,53.08
5380,1447812,0.3611,140.0,240,14,3,0,53.09
5381,1448116,0.361,120.0,270,16,2,0,53.11
5382,1448436,0.3609,230.0,330,18,3,0,53.12
5383,1448716,0.3608,160.0,260,16,3,0,53.13
5384,1448972,0.3607,50.0,200,11,2,0,53.14
5385,1449228,0.3605,100.0,250,14,2,0,53.15
5386,1449564,0.3604,90.0,290,17,1,0,53.16
5387,1449876,0.3603,300.0,400,21,3,0,53.17
5388,1450156,0.3602,220.0,320,18,3,0,53.18
5389,1450412,0.3601,20.0,170,11,2,0,53.19
5390,1450668,0.3599,130.0,230,14,3,0,53.2
5391,1450948,0.3598,200.0,300,17,3,0,53.21
5392,1451204,0.3597,110.0,210,13,3,0,53.22
5393,1451460,0.3596,100.0,200,11,3,0,53.24
5394,1451716,0.3595,150.0,250,14,3,0,53.25
5395,1451996,0.3593,160.0,260,16,3,0,53.26
5396,1452276,0.3592,200.0,350,19,2,0,53.27
5397,1452532,0.3591,50.0,150,10,3,0,53.28
5398,1452788,0.359,50.0,200,11,2,0,53.29
5399,1453044,0.3589,130.0,280,16,2,0,53.3
5400,1453332,0.3588,210.0,310,18,3,0,53.31
5401,1453644,0.3586,210.0,360,20,2,0,53.32
5402,1453924,0.3585,280.0,380,20,3,0,53.33
5403,1454236,0.3584,140.0,240,15,3,0,53.34
5404,1454492,0.3583,160.0,260,15,3,0,53.35
5405,1454748,0.3582,30.0,130,8,3,0,53.36
5406,1455004,0.358,70.0,220,13,2,0,53.37
5407,1455292,0.3579,40.0,140,8,3,0,53.38
5408,1455548,0.3578,160.0,260,15,3,0,53.39
5409,1455804,0.3577,120.0,220,13,3,0,53.4
5410,1456084,0.3576,130.0,230,14,3,0,53.41
5411,1456340,0.3574,-20.0,130,9,2,0,53.42
5412,1456636,0.3573,200.0,300,17,3,0,53.43
5413,1456916,0.3572,90.0,190,13,3,0,53.44
5414,1457172,0.3571,130.0,230,13,3,0,53.45
5415,1457428,0.357,60.0,160,9,3,0,53.46
5416,1457684,0.3569,30.0,130,9,3,0,53.47
5417,1457972,0.3567,120.0,220,13,3,0,53.49
5418,1458228,0.3566,100.0,250,14,2,0,53.5
5419,1458484,0.3565,0.0,150,10,2,0,53.51
5420,1458740,0.3564,60.0,210,13,2,0,53.52
5421,1458996,0.3563,160.0,260,15,3,0,53.53
5422,1459284,0.3561,100.0,200,11,3,0,53.54
5423,1459548,0.356,160.0,260,15,3,0,53.55
5424,1459828,0.3559,40.0,190,13,2,0,53.56
5425,1460084,0.3558,40.0,140,9,3,0,53.57
5426,1460388,0.3557,200.0,300,17,3,0,53.58
5427,1460708,0.3555,240.0,340,19,3,0,53.6
5428,1461020,0.3554,240.0,340,18,3,0,53.61
5429,1461292,0.3553,10.0,110,7,3,0,53.62
5430,1461548,0.3552,120.0,220,12,3,0,53.63
5431,1461828,0.3551,150.0,350,19,1,0,53.64
5432,1462084,0.355,140.0,240,13,3,0,53.66
5433,1462364,0.3548,60.0,160,12,3,0,53.67
5434,1462628,0.3547,70.0,170,9,3,0,53.68
5435,1462908,0.3546,80.0,230,13,2,0,53.69
5436,1463196,0.3545,130.0,230,13,3,0,53.7
5437,1463452,0.3544,60.0,160,10,3,0,53.71
5438,1463708,0.3542,170.0,320,17,2,0,53.72
5439,1463988,0.3541,240.0,340,19,3,0,53.73
5440,1464244,0.354,90.0,240,14,2,0,53.74
5441,1464524,0.3539,40.0,240,14,1,0,53.76
5442,1464780,0.3538,20.0,120,7,3,0,53.77
5443,1465036,0.3536,10.0,110,7,3,0,53.77
5444,1465292,0.3535,40.0,140,9,3,0,53.78
5445,1465620,0.3534,110.0,210,10,3,0,53.79
5446,1465876,0.3533,30.0,130,8,3,0,53.8
5447,1466196,0.3532,220.0,320,18,3,0,53.82
5448,1466452,0.3531,210.0,310,17,3,0,53.83
5449,1466708,0.3529,250.0,350,18,3,0,53.84
5450,1466972,0.3528,100.0,200,12,3,0,53.85
5451,1467228,0.3527,30.0,130,7,3,0,53.86
5452,1467540,0.3526,160.0,260,16,3,0,53.87
5453,1467820,0.3525,120.0,220,14,3,0,53.88
5454,1468076,0.3523,90.0,240,14,2,0,53.89
5455,1468332,0.3522,60.0,160,8,3,0,53.9
5456,1468604,0.3521,130.0,230,14,3,0,53.92
5457,1468860,0.352,70.0,170,11,3,0,53.93
5458,1469140,0.3519,140.0,240,15,3,0,53.94
5459,1469396,0.3517,90.0,190,12,3,0,53.95
5460,1469708,0.3516,140.0,240,13,3,0,53.96
5461,1469996,0.3515,210.0,310,18,3,0,53.97
5462,1470252,0.3514,170.0,270,13,3,0,53.98
5463,1470508,0.3513,130.0,230,13,3,0,53.99
5464,1470783,0.3511,70.0,320,18,0,0,54.0
5465,1471039,0.351,240.0,340,18,3,0,54.01
5466,1471351,0.3509,230.0,330,18,3,0,54.02
5467,1471631,0.3508,90.0,240,15,2,0,54.03
5468,1471895,0.3507,100.0,250,13,2,0,54.04
5469,1472151,0.3506,120.0,270,14,2,0,54.05
5470,1472431,0.3504,130.0,230,11,3,0,54.07
5471,1472687,0.3503,100.0,250,13,2,0,54.08
5472,1472975,0.3502,110.0,210,12,3,0,54.09
5473,1473255,0.3501,80.0,230,14,2,0,54.1
5474,1473511,0.35,90.0,190,11,3,0,54.11
5475,1473815,0.3498,230.0,330,19,3,0,54.12
5476,1474071,0.3497,10.0,110,7,3,0,54.13
5477,1474335,0.3496,130.0,230,13,3,0,54.14
5478,1474591,0.3495,130.0,230,14,3,0,54.15
5479,1474847,0.3494,70.0,170,11,3,0,54.16
5480,1475103,0.3492,-30.0,70,5,3,0,54.17
5481,1475391,0.3491,60.0,210,11,2,0,54.18
5482,1475671,0.349,110.0,210,13,3,0,54.19
5483,1475967,0.3489,150.0,250,15,3,0,54.2
5484,1476223,0.3488,130.0,230,13,3,0,54.21
5485,1476479,0.3487,10.0,160,11,2,0,54.22
5486,1476751,0.3485,150.0,250,13,3,0,54.23
5487,1477007,0.3484,30.0,130,7,3,0,54.25
5488,1477263,0.3483,210.0,310,17,3,0,54.26
5489,1477519,0.3482,140.0,240,12,3,0,54.27
5490,1477791,0.3481,60.0,160,10,3,0,54.28
5491,1478047,0.3479,120.0,220,11,3,0,54.29
5492,1478303,0.3478,40.0,140,9,3,0,54.3
5493,1478559,0.3477,40.0,190,11,2,0,54.31
5494,1478815,0.3476,90.0,190,11,3,0,54.32
5495,1479119,0.3475,140.0,290,16,2,0,54.33
5496,1479375,0.3474,30.0,130,7,3,0,54.34
5497,1479631,0.3472,10.0,210,12,1,0,54.34
5498,1479887,0.3471,110.0,210,12,3,0,54.35
5499,1480167,0.347,220.0,320,18,3,0,54.36
5500,1480423,0.3469,60.0,160,9,3,0,54.37
5501,1480719,0.3468,130.0,230,13,3,0,54.38
5502,1481095,0.3466,240.0,340,19,3,0,54.4
5503,1481375,0.3465,130.0,230,13,3,0,54.41
5504,1481822,0.3464,480.0,580,24,1,1,54.42
5505,1482181,0.3463,480.0,580,24,1,1,54.43
5506,1482461,0.3462,220.0,320,18,3,0,54.44
5507,1482741,0.346,100.0,200,13,3,0,54.45
5508,1482997,0.3459,50.0,150,8,3,0,54.46
5509,1483269,0.3458,130.0,230,13,3,0,54.47
5510,1483549,0.3457,60.0,210,13,2,0,54.48
5511,1483829,0.3456,230.0,330,18,3,0,54.49
5512,1484085,0.3455,210.0,310,16,3,0,54.5
5513,1484341,0.3453,170.0,270,15,3,0,54.51
5514,1484597,0.3452,30.0,130,8,3,0,54.52
5515,1484853,0.3451,110.0,210,13,3,0,54.53
5516,1485109,0.345,110.0,210,11,3,0,54.54
5517,1485365,0.3449,110.0,210,12,3,0,54.55
5518,1485621,0.3447,70.0,220,13,2,0,54.56
5519,1485877,0.3446,130.0,230,13,3,0,54.57
5520,1486133,0.3445,50.0,150,9,3,0,54.57
5521,1486389,0.3444,70.0,170,9,3,0,54.58
5522,1486669,0.3443,130.0,230,13,3,0,54.59
5523,1486949,0.3441,150.0,250,15,3,0,54.6
5524,1487245,0.344,210.0,310,17,3,0,54.61
5525,1487541,0.3439,40.0,190,10,2,0,54.62
5526,1487797,0.3438,140.0,240,14,3,0,54.63
5527,1488053,0.3437,110.0,210,12,3,0,54.64
5528,1488333,0.3436,210.0,310,17,3,0,54.66
5529,1488629,0.3434,110.0,210,13,3,0,54.67
5530,1488885,0.3433,100.0,200,12,3,0,54.68
5531,1489149,0.3432,-80.0,70,4,2,0,54.69
5532,1489469,0.3431,150.0,250,13,3,0,54.7
5533,1489725,0.343,0.0,150,9,2,0,54.71
5534,1490005,0.3428,250.0,350,19,3,0,54.72
5535,1490261,0.3427,90.0,190,11,3,0,54.73
5536,1490517,0.3426,200.0,300,17,3,0,54.74
5537,1490773,0.3425,180.0,280,15,3,0,54.75
5538,1491069,0.3424,220.0,320,18,3,0,54.76
5539,1491325,0.3422,0.0,150,9,2,0,54.77
5540,1491629,0.3421,140.0,290,15,2,0,54.78
5541,1491917,0.342,-40.0,110,6,2,0,54.79
5542,1492197,0.3419,270.0,370,20,3,0,54.8
5543,1492501,0.3418,130.0,230,12,3,0,54.81
5544,1492757,0.3417,100.0,200,11,3,0,54.82
5545,1493013,0.3415,120.0,220,13,3,0,54.83
5546,1493269,0.3414,70.0,170,11,3,0,54.84
5547,1493525,0.3413,100.0,200,12,3,0,54.85
5548,1493828,0.3412,530.0,580,24,2,1,54.86
5549,1494156,0.3411,210.0,310,18,3,0,54.87
5550,1494460,0.3409,70.0,220,12,2,0,54.88
5551,1494812,0.3408,220.0,370,20,2,0,54.89
5552,1495068,0.3407,-30.0,70,4,3,0,54.9
5553,1495404,0.3406,180.0,280,17,3,0,54.91
5554,1495660,0.3405,100.0,200,12,3,0,54.92
5555,1495916,0.3403,120.0,220,13,3,0,54.93
5556,1496196,0.3402,130.0,230,14,3,0,54.95
5557,1496500,0.3401,180.0,280,15,3,0,54.96
5558,1496812,0.34,130.0,230,12,3,0,54.97
5559,1497068,0.3399,90.0,190,11,3,0,54.98
5560,1497324,0.3397,70.0,220,14,2,0,54.99
5561,1497580,0.3396,180.0,280,16,3,0,55.0
5562,1497836,0.3395,150.0,250,14,3,0,55.01
5563,1498180,0.3394,210.0,310,18,3,0,55.02
5564,1498476,0.3393,-60.0,90,4,2,0,55.03
5565,1498740,0.3392,170.0,270,14,3,0,55.04
5566,1498996,0.339,40.0,140,8,3,0,55.05
5567,1499252,0.3389,40.0,140,9,3,0,55.07
5568,1499508,0.3388,0.0,150,10,2,0,55.08
5569,1499788,0.3387,80.0,180,10,3,0,55.09
5570,1500044,0.3386,150.0,250,14,3,0,55.1
5571,1500324,0.3384,210.0,360,19,2,0,55.11
5572,1500580,0.3383,20.0,120,9,3,0,55.12
5573,1500860,0.3382,80.0,230,14,2,0,55.13
5574,1501116,0.3381,210.0,310,16,3,0,55.14
5575,1501372,0.338,110.0,210,12,3,0,55.15
5576,1501628,0.3378,30.0,180,9,2,0,55.16
5577,1501908,0.3377,70.0,220,12,2,0,55.17
5578,1502164,0.3376,110.0,260,14,2,0,55.18
5579,1502420,0.3375,10.0,160,9,2,0,55.19
5580,1502724,0.3374,130.0,230,15,3,0,55.2
5581,1502980,0.3373,200.0,300,15,3,0,55.21
5582,1503307,0.3371,480.0,580,24,1,1,55.22
5583,1503563,0.337,0.0,100,6,3,0,55.24
5584,1503819,0.3369,140.0,240,14,3,0,55.25
5585,1504075,0.3368,120.0,220,13,3,0,55.26
5586,1504411,0.3367,320.0,420,22,3,0,55.27
5587,1504667,0.3365,250.0,350,18,3,0,55.28
5588,1504923,0.3364,160.0,260,14,3,0,55.29
5589,1505179,0.3363,30.0,130,7,3,0,55.3
5590,1505435,0.3362,160.0,260,15,3,0,55.31
5591,1505691,0.3361,90.0,190,11,3,0,55.32
5592,1505947,0.336,160.0,260,14,3,0,55.34
5593,1506203,0.3358,0.0,150,9,2,0,55.35
5594,1506459,0.3357,40.0,140,8,3,0,55.35
5595,1506715,0.3356,60.0,210,11,2,0,55.36
5596,1506971,0.3355,50.0,150,9,3,0,55.37
5597,1507227,0.3354,160.0,260,14,3,0,55.38
5598,1507483,0.3352,140.0,240,13,3,0,55.39
5599,1507739,0.3351,150.0,250,14,3,0,55.4
5600,1508019,0.335,100.0,200,13,3,0,55.41
5601,1508275,0.3349,160.0,260,14,3,0,55.42
5602,1508531,0.3348,190.0,290,16,3,0,55.43
5603,1508787,0.3346,70.0,170,9,3,0,55.44
5604,1509043,0.3345,210.0,310,17,3,0,55.45
5605,1509299,0.3344,190.0,290,16,3,0,55.46
5606,1509555,0.3343,40.0,190,12,2,0,55.46
5607,1509819,0.3342,60.0,160,9,3,0,55.47
5608,1510075,0.3341,80.0,230,13,2,0,55.48
5609,1510331,0.3339,170.0,270,14,3,0,55.49
5610,1510595,0.3338,-20.0,130,7,2,0,55.5
5611,1510931,0.3337,270.0,370,20,3,0,55.51
5612,1511187,0.3336,120.0,220,11,3,0,55.52
5613,1511443,0.3335,30.0,130,7,3,0,55.53
5614,1511747,0.3333,100.0,200,11,3,0,55.54
5615,1512003,0.3332,0.0,100,6,3,0,55.55
5616,1512307,0.3331,40.0,140,8,3,0,55.56
5617,1512595,0.333,110.0,210,11,3,0,55.57
5618,1512851,0.3329,90.0,190,10,3,0,55.58
5619,1513187,0.3327,190.0,290,17,3,0,55.59
5620,1513443,0.3326,140.0,240,13,3,0,55.6
5621,1513699,0.3325,210.0,310,16,3,0,55.61
5622,1513955,0.3324,10.0,110,7,3,0,55.62
5623,1514211,0.3323,110.0,210,12,3,0,55.63
5624,1514491,0.3321,100.0,200,13,3,0,55.64
5625,1514787,0.332,-70.0,80,5,2,0,55.65
5626,1515115,0.3319,230.0,330,18,3,0,55.66
5627,1515371,0.3318,-20.0,80,5,3,0,55.67
5628,1515627,0.3317,30.0,130,7,3,0,55.68
5629,1515923,0.3316,150.0,250,15,3,0,55.69
5630,1516203,0.3314,150.0,300,17,2,0,55.7
5631,1516555,0.3313,180.0,280,14,3,0,55.71
5632,1516811,0.3312,50.0,200,11,2,0,55.72
5633,1517107,0.3311,200.0,350,19,2,0,55.73
5634,1517363,0.331,-20.0,130,7,2,0,55.74
5635,1517651,0.3308,90.0,190,9,3,0,55.75
5636,1517931,0.3307,70.0,220,14,2,0,55.76
5637,1518187,0.3306,70.0,170,11,3,0,55.77
5638,1518443,0.3305,90.0,190,11,3,0,55.78
5639,1518699,0.3304,30.0,180,11,2,0,55.79
5640,1518955,0.3303,120.0,220,13,3,0,55.8
5641,1519211,0.3301,120.0,220,13,3,0,55.81
5642,1519563,0.33,220.0,320,18,3,0,55.82
5643,1519819,0.3299,130.0,230,12,3,0,55.83
5644,1520075,0.3298,100.0,200,12,3,0,55.84
5645,1520371,0.3297,80.0,180,10,3,0,55.85
5646,1520627,0.3295,110.0,210,11,3,0,55.86
5647,1520955,0.3294,190.0,290,16,3,0,55.87
5648,1521211,0.3293,-20.0,130,7,2,0,55.88
5649,1521467,0.3292,100.0,200,11,3,0,55.89
5650,1521763,0.3291,30.0,130,8,3,0,55.9
5651,1522019,0.3289,-10.0,90,6,3,0,55.91
5652,1522275,0.3288,0.0,100,7,3,0,55.91
5653,1522531,0.3287,110.0,210,12,3,0,55.92
5654,1522915,0.3286,50.0,150,8,3,0,55.94
5655,1523179,0.3285,110.0,210,12,3,0,55.95
5656,1523515,0.3284,140.0,240,14,3,0,55.96
5657,1523771,0.3282,170.0,270,15,3,0,55.97
5658,1524027,0.3281,120.0,220,13,3,0,55.98
5659,1524331,0.328,40.0,140,7,3,0,55.99
5660,1524587,0.3279,50.0,150,8,3,0,56.0
5661,1524915,0.3278,180.0,330,18,2,0,56.01
5662,1525171,0.3276,10.0,160,10,2,0,56.02
5663,1525427,0.3275,30.0,230,13,1,0,56.03
5664,1525683,0.3274,-60.0,90,6,2,0,56.04
5665,1525939,0.3273,-10.0,140,6,2,0,56.05
5666,1526219,0.3272,130.0,230,15,3,0,56.06
5667,1526491,0.327,120.0,220,13,3,0,56.07
5668,1526771,0.3269,100.0,250,15,2,0,56.08
5669,1527027,0.3268,40.0,140,8,3,0,56.09
5670,1527403,0.3267,230.0,330,18,3,0,56.11
5671,1527659,0.3266,110.0,210,12,3,0,56.12
5672,1527915,0.3265,-40.0,60,5,3,0,56.13
5673,1528171,0.3263,20.0,120,8,3,0,56.14
5674,1528427,0.3262,-50.0,50,5,3,0,56.15
5675,1528691,0.3261,20.0,120,8,3,0,56.16
5676,1528955,0.326,10.0,110,6,3,0,56.17
5677,1529267,0.3259,70.0,170,10,3,0,56.18
5678,1529523,0.3257,30.0,130,8,3,0,56.19
5679,1529779,0.3256,80.0,180,11,3,0,56.2
5680,1530035,0.3255,60.0,210,11,2,0,56.21
5681,1530291,0.3254,110.0,210,12,3,0,56.22
5682,1530547,0.3253,-10.0,90,4,3,0,56.23
5683,1530803,0.3251,20.0,120,7,3,0,56.24
5684,1531059,0.325,30.0,180,11,2,0,56.25
5685,1531347,0.3249,110.0,210,12,3,0,56.26
5686,1531635,0.3248,0.0,150,8,2,0,56.28
5687,1531891,0.3247,-40.0,60,4,3,0,56.29
5688,1532147,0.3246,110.0,210,12,3,0,56.3
5689,1532427,0.3244,90.0,190,13,3,0,56.31
5690,1532739,0.3243,120.0,220,13,3,0,56.32
5691,1533019,0.3242,150.0,250,15,3,0,56.33
5692,1533331,0.3241,60.0,210,11,2,0,56.35
5693,1533587,0.324,100.0,250,15,2,0,56.36
5694,1533859,0.3238,150.0,250,13,3,0,56.37
5695,1534187,0.3237,80.0,180,12,3,0,56.38
5696,1534443,0.3236,50.0,150,10,3,0,56.39
5697,1534747,0.3235,240.0,340,18,3,0,56.4
5698,1535027,0.3234,240.0,340,19,3,0,56.41
5699,1535283,0.3232,50.0,150,8,3,0,56.42
5700,1535587,0.3231,120.0,220,11,3,0,56.43
5701,1535843,0.323,110.0,210,12,3,0,56.44
5702,1536195,0.3229,260.0,360,18,3,0,56.46
5703,1536499,0.3228,120.0,270,13,2,0,56.47
5704,1536803,0.3226,110.0,210,11,3,0,56.48
5705,1537083,0.3225,40.0,190,13,2,0,56.49
5706,1537339,0.3224,70.0,170,9,3,0,56.5
5707,1537659,0.3223,10.0,160,9,2,0,56.51
5708,1537915,0.3222,50.0,150,10,3,0,56.52
5709,1538171,0.3221,140.0,240,12,3,0,56.53
5710,1538427,0.3219,-10.0,90,6,3,0,56.53
5711,1538707,0.3218,30.0,130,6,3,0,56.54
5712,1538963,0.3217,-20.0,130,9,2,0,56.55
5713,1539267,0.3216,120.0,270,14,2,0,56.56
5714,1539555,0.3215,80.0,180,9,3,0,56.57
5715,1539811,0.3213,70.0,170,10,3,0,56.58
5716,1540067,0.3212,110.0,260,14,2,0,56.59
5717,1540323,0.3211,90.0,240,14,2,0,56.6
5718,1540579,0.321,140.0,240,14,3,0,56.61
5719,1540875,0.3209,40.0,190,10,2,0,56.62
5720,1541171,0.3207,40.0,140,8,3,0,56.63
5721,1541459,0.3206,80.0,180,9,3,0,56.64
5722,1541715,0.3205,-20.0,80,5,3,0,56.65
5723,1541971,0.3204,40.0,140,8,3,0,56.66
5724,1542283,0.3203,250.0,350,18,3,0,56.67
5725,1542563,0.3202,100.0,200,11,3,0,56.68
5726,1542835,0.32,70.0,170,9,3,0,56.69
5727,1543139,0.3199,180.0,280,14,3,0,56.7
5728,1543395,0.3198,100.0,200,12,3,0,56.71
5729,1543651,0.3197,-10.0,190,11,1,0,56.72
5730,1543947,0.3196,120.0,270,14,2,0,56.73
5731,1544203,0.3194,60.0,160,10,3,0,56.74
5732,1544459,0.3193,60.0,160,11,3,0,56.75
5733,1544715,0.3192,30.0,130,8,3,0,56.76
5734,1544971,0.3191,60.0,160,10,3,0,56.77
5735,1545299,0.319,320.0,420,22,3,0,56.78
5736,1545555,0.3189,10.0,110,7,3,0,56.79
5737,1545851,0.3187,90.0,190,13,3,0,56.8
5738,1546131,0.3186,240.0,340,19,3,0,56.81
5739,1546467,0.3185,200.0,300,17,3,0,56.82
5740,1546723,0.3184,90.0,190,11,3,0,56.83
5741,1547003,0.3183,70.0,170,12,3,0,56.84
5742,1547267,0.3181,120.0,220,13,3,0,56.85
5743,1547547,0.318,160.0,260,16,3,0,56.86
5744,1547803,0.3179,170.0,270,15,3,0,56.87
5745,1548059,0.3178,50.0,150,8,3,0,56.88
5746,1548403,0.3177,270.0,370,20,3,0,56.89
5747,1548659,0.3175,70.0,170,11,3,0,56.9
5748,1548915,0.3174,80.0,180,10,3,0,56.91
5749,1549171,0.3173,10.0,160,10,2,0,56.92
5750,1549427,0.3172,170.0,270,15,3,0,56.92
5751,1549707,0.3171,80.0,230,14,2,0,56.93
5752,1549963,0.317,50.0,150,9,3,0,56.94
5753,1550339,0.3168,160.0,310,17,2,0,56.96
5754,1550667,0.3167,220.0,320,18,3,0,56.97
5755,1550995,0.3166,120.0,220,14,3,0,56.98
5756,1551251,0.3165,110.0,260,14,2,0,56.99
5757,1551507,0.3164,120.0,270,14,2,0,57.0
5758,1551787,0.3162,130.0,230,15,3,0,57.01
5759,1552043,0.3161,120.0,220,13,3,0,57.02
5760,1552299,0.316,120.0,220,12,3,0,57.03
5761,1552555,0.3159,-90.0,110,7,1,0,57.04
5762,1552811,0.3158,50.0,150,9,3,0,57.05
5763,1553099,0.3156,40.0,140,9,3,0,57.06
5764,1553419,0.3155,140.0,240,14,3,0,57.07
5765,1553699,0.3154,160.0,260,16,3,0,57.08
5766,1553955,0.3153,60.0,160,10,3,0,57.09
5767,1554211,0.3152,60.0,160,10,3,0,57.1
5768,1554467,0.3151,-10.0,140,9,2,0,57.11
5769,1554723,0.3149,80.0,180,10,3,0,57.13
5770,1554979,0.3148,0.0,100,5,3,0,57.14
5771,1555235,0.3147,-30.0,120,7,2,0,57.14
5772,1555491,0.3146,10.0,110,6,3,0,57.15
5773,1555747,0.3145,110.0,210,10,3,0,57.16
5774,1556003,0.3143,80.0,180,11,3,0,57.17
5775,1556291,0.3142,110.0,210,12,3,0,57.18
5776,1556579,0.3141,0.0,150,7,2,0,57.19
5777,1556835,0.314,60.0,160,9,3,0,57.2
5778,1557115,0.3139,110.0,210,14,3,0,57.22
5779,1557419,0.3137,80.0,230,12,2,0,57.23
5780,1557675,0.3136,-20.0,130,9,2,0,57.24
5781,1557931,0.3135,80.0,180,11,3,0,57.25
5782,1558187,0.3134,50.0,150,10,3,0,57.26
5783,1558459,0.3133,40.0,140,10,3,0,57.27
5784,1558715,0.3131,-30.0,70,4,3,0,57.28
5785,1559082,0.313,580.0,580,24,3,1,57.29
5786,1559362,0.3129,40.0,190,13,2,0,57.3
5787,1559618,0.3128,-30.0,70,7,3,0,57.31
5788,1559946,0.3127,210.0,310,18,3,0,57.33
5789,1560202,0.3126,90.0,190,12,3,0,57.34
5790,1560458,0.3124,120.0,270,15,2,0,57.35
5791,1560714,0.3123,20.0,120,8,3,0,57.36
5792,1560994,0.3122,40.0,140,11,3,0,57.37
5793,1561250,0.3121,50.0,150,10,3,0,57.38
5794,1561530,0.312,180.0,280,16,3,0,57.39
5795,1561786,0.3118,100.0,200,12,3,0,57.4
5796,1562042,0.3117,150.0,250,14,3,0,57.41
5797,1562402,0.3116,270.0,370,20,3,0,57.43
5798,1562658,0.3115,30.0,130,7,3,0,57.44
5799,1562962,0.3114,110.0,210,13,3,0,57.45
5800,1563218,0.3113,130.0,230,13,3,0,57.46
5801,1563474,0.3111,180.0,280,15,3,0,57.47
5802,1563754,0.311,180.0,280,17,3,0,57.48
5803,1564010,0.3109,120.0,220,12,3,0,57.49
5804,1564290,0.3108,250.0,350,19,3,0,57.5
5805,1564546,0.3107,60.0,210,12,2,0,57.51
5806,1564922,0.3105,160.0,310,18,2,0,57.52
5807,1565202,0.3104,100.0,200,13,3,0,57.54
5808,1565458,0.3103,60.0,160,10,3,0,57.55
5809,1565738,0.3102,120.0,220,13,3,0,57.56
5810,1565994,0.3101,80.0,180,10,3,0,57.57
5811,1566344,0.3099,530.0,580,24,2,1,57.58
5812,1566624,0.3098,200.0,300,17,3,0,57.6
5813,1566880,0.3097,-20.0,80,6,3,0,57.61
5814,1567136,0.3096,70.0,170,11,3,0,57.62
5815,1567392,0.3095,120.0,220,13,3,0,57.63
5816,1567672,0.3094,40.0,190,13,2,0,57.64
5817,1567968,0.3092,170.0,270,16,3,0,57.65
5818,1568224,0.3091,50.0,150,9,3,0,57.65
5819,1568504,0.309,110.0,260,16,2,0,57.66
5820,1568760,0.3089,120.0,220,13,3,0,57.67
5821,1569016,0.3088,110.0,210,13,3,0,57.68
5822,1569296,0.3086,280.0,380,20,3,0,57.69
5823,1569576,0.3085,120.0,270,16,2,0,57.7
5824,1569832,0.3084,130.0,230,13,3,0,57.71
5825,1570088,0.3083,80.0,280,15,1,0,57.72
5826,1570368,0.3082,50.0,200,13,2,0,57.73
5827,1570648,0.308,120.0,220,14,3,0,57.74
5828,1570928,0.3079,160.0,310,18,2,0,57.75
5829,1571184,0.3078,30.0,130,8,3,0,57.76
5830,1571576,0.3077,200.0,350,17,2,0,57.77
5831,1571936,0.3076,130.0,230,12,3,0,57.79
5832,1572200,0.3075,40.0,140,8,3,0,57.8
5833,1572456,0.3073,140.0,240,13,3,0,57.8
5834,1572736,0.3072,80.0,180,10,3,0,57.81
5835,1573016,0.3071,150.0,250,15,3,0,57.82
5836,1573272,0.307,-20.0,80,7,3,0,57.83
5837,1573528,0.3069,-70.0,80,5,2,0,57.84
5838,1573792,0.3067,-20.0,80,5,3,0,57.85
5839,1574048,0.3066,20.0,120,6,3,0,57.86
5840,1574304,0.3065,90.0,190,10,3,0,57.87
5841,1574560,0.3064,30.0,130,7,3,0,57.88
5842,1574816,0.3063,80.0,180,11,3,0,57.89
5843,1575072,0.3061,-30.0,120,9,2,0,57.9
5844,1575328,0.306,90.0,190,10,3,0,57.91
5845,1575664,0.3059,80.0,230,15,2,0,57.92
5846,1575944,0.3058,120.0,220,14,3,0,57.93
5847,1576272,0.3057,50.0,200,11,2,0,57.94
5848,1576576,0.3056,60.0,160,9,3,0,57.95
5849,1576832,0.3054,-30.0,70,5,3,0,57.96
5850,1577088,0.3053,50.0,150,8,3,0,57.97
5851,1577344,0.3052,-10.0,140,10,2,0,57.98
5852,1577600,0.3051,-20.0,80,6,3,0,57.99
5853,1577896,0.305,20.0,120,7,3,0,58.0
5854,1578160,0.3048,10.0,160,9,2,0,58.01
5855,1578440,0.3047,170.0,270,16,3,0,58.02
5856,1578696,0.3046,130.0,230,13,3,0,58.03
5857,1578984,0.3045,60.0,160,9,3,0,58.04
5858,1579256,0.3044,10.0,110,7,3,0,58.05
5859,1579544,0.3042,60.0,160,10,3,0,58.06
5860,1579800,0.3041,170.0,320,17,2,0,58.07
5861,1580080,0.304,170.0,270,16,3,0,58.08
5862,1580336,0.3039,110.0,210,12,3,0,58.09
5863,1580592,0.3038,0.0,100,6,3,0,58.1
5864,1580904,0.3036,250.0,400,21,2,0,58.11
5865,1581160,0.3035,30.0,130,8,3,0,58.13
5866,1581480,0.3034,20.0,170,10,2,0,58.14
5867,1581736,0.3033,40.0,190,12,2,0,58.15
5868,1581992,0.3032,60.0,160,10,3,0,58.16
5869,1582336,0.3031,60.0,260,13,1,0,58.17
5870,1582592,0.3029,90.0,240,15,2,0,58.18
5871,1582926,0.3028,580.0,580,24,3,1,58.2
5872,1583230,0.3027,240.0,390,21,2,0,58.21
5873,1583534,0.3026,70.0,220,14,2,0,58.22
5874,1583814,0.3025,160.0,260,16,3,0,58.24
5875,1584094,0.3023,170.0,270,16,3,0,58.25
5876,1584446,0.3022,130.0,280,16,2,0,58.26
5877,1584750,0.3021,100.0,200,11,3,0,58.27
5878,1585006,0.302,10.0,110,7,3,0,58.29
5879,1585262,0.3019,110.0,210,13,3,0,58.3
5880,1585582,0.3017,180.0,280,16,3,0,58.31
5881,1585870,0.3016,70.0,170,10,3,0,58.32
5882,1586248,0.3015,480.0,580,24,1,1,58.34
5883,1586504,0.3014,60.0,160,10,3,0,58.35
5884,1586760,0.3013,40.0,140,8,3,0,58.36
5885,1587016,0.3012,60.0,210,13,2,0,58.37
5886,1587272,0.301,90.0,190,10,3,0,58.38
5887,1587568,0.3009,140.0,290,17,2,0,58.39
5888,1587864,0.3008,200.0,300,17,3,0,58.4
5889,1588120,0.3007,40.0,140,8,3,0,58.41
5890,1588376,0.3006,10.0,110,7,3,0,58.43
5891,1588648,0.3004,60.0,160,9,3,0,58.44
5892,1588904,0.3003,50.0,150,9,3,0,58.45
5893,1589184,0.3002,80.0,180,12,3,0,58.46
5894,1589464,0.3001,130.0,230,14,3,0,58.47
5895,1589720,0.3,60.0,160,10,3,0,58.47
5896,1590000,0.2999,200.0,400,21,1,0,58.48
5897,1590336,0.2997,150.0,300,17,2,0,58.5
5898,1590616,0.2996,180.0,280,16,3,0,58.51
5899,1590872,0.2995,130.0,230,14,3,0,58.52
5900,1591128,0.2994,10.0,110,7,3,0,58.53
5901,1591424,0.2993,140.0,340,17,1,0,58.54
5902,1591744,0.2991,180.0,280,16,3,0,58.56
5903,1592000,0.299,120.0,220,11,3,0,58.57
5904,1592312,0.2989,250.0,350,19,3,0,58.58
5905,1592568,0.2988,-40.0,110,7,2,0,58.59
5906,1592824,0.2987,-40.0,160,10,1,0,58.6
5907,1593080,0.2985,110.0,210,13,3,0,58.61
5908,1593188,0.2984,-130.0,120,7,0,0,58.61
5909,1593468,0.2983,100.0,250,15,2,0,58.62
5910,1593748,0.2982,140.0,290,17,2,0,58.63
5911,1594004,0.2981,40.0,140,10,3,0,58.64
5912,1594260,0.298,150.0,300,16,2,0,58.65
5913,1594516,0.2978,80.0,180,11,3,0,58.66
5914,1594772,0.2977,-40.0,110,7,2,0,58.67
5915,1595028,0.2976,110.0,210,12,3,0,58.68
5916,1595564,0.2975,250.0,450,23,1,0,58.7
5917,1595844,0.2974,70.0,170,10,3,0,58.71
5918,1596100,0.2972,-20.0,80,6,3,0,58.71
5919,1596380,0.2971,160.0,260,15,3,0,58.72
5920,1596636,0.297,70.0,170,9,3,0,58.73
5921,1596908,0.2969,40.0,140,8,3,0,58.74
5922,1597204,0.2968,150.0,250,14,3,0,58.75
5923,1597460,0.2966,180.0,280,15,3,0,58.76
5924,1597772,0.2965,160.0,260,14,3,0,58.77
5925,1598028,0.2964,30.0,180,10,2,0,58.78
5926,1598284,0.2963,220.0,320,17,3,0,58.79
5927,1598564,0.2962,140.0,290,17,2,0,58.8
5928,1598844,0.2961,60.0,210,14,2,0,58.81
5929,1599124,0.2959,100.0,200,13,3,0,58.82
5930,1599404,0.2958,170.0,320,18,2,0,58.83
5931,1599684,0.2957,150.0,250,15,3,0,58.84
5932,1599940,0.2956,90.0,240,13,2,0,58.85
5933,1600196,0.2955,30.0,180,11,2,0,58.86
5934,1600572,0.2953,120.0,220,11,3,0,58.87
5935,1600980,0.2952,100.0,250,15,2,0,58.89
5936,1601252,0.2951,100.0,200,12,3,0,58.9
5937,1601508,0.295,50.0,150,9,3,0,58.91
5938,1601772,0.2949,70.0,170,9,3,0,58.91
5939,1602076,0.2947,90.0,190,9,3,0,58.93
5940,1602356,0.2946,200.0,300,17,3,0,58.94
5941,1602700,0.2945,140.0,290,17,2,0,58.95
5942,1602996,0.2944,10.0,110,6,3,0,58.96
5943,1603316,0.2943,40.0,140,8,3,0,58.97
5944,1603580,0.2942,80.0,180,11,3,0,58.98
5945,1603836,0.294,160.0,260,14,3,0,58.99
5946,1604092,0.2939,130.0,230,13,3,0,59.0
5947,1604348,0.2938,100.0,200,12,3,0,59.01
5948,1604628,0.2937,170.0,270,16,3,0,59.02
5949,1604900,0.2936,120.0,220,12,3,0,59.03
5950,1605300,0.2934,300.0,400,21,3,0,59.04
5951,1605556,0.2933,60.0,160,10,3,0,59.05
5952,1605812,0.2932,100.0,250,13,2,0,59.06
5953,1606100,0.2931,230.0,380,20,2,0,59.07
5954,1606380,0.293,40.0,190,13,2,0,59.08
5955,1606684,0.2928,70.0,220,13,2,0,59.09
5956,1606940,0.2927,120.0,220,13,3,0,59.1
5957,1607196,0.2926,20.0,120,8,3,0,59.11
5958,1607500,0.2925,80.0,180,9,3,0,59.12
5959,1607756,0.2924,50.0,150,10,3,0,59.13
5960,1608036,0.2923,220.0,320,18,3,0,59.14
5961,1608332,0.2921,200.0,350,19,2,0,59.15
5962,1608636,0.292,90.0,190,10,3,0,59.16
5963,1608892,0.2919,80.0,180,10,3,0,59.17
5964,1609252,0.2918,190.0,290,16,3,0,59.18
5965,1609580,0.2917,140.0,290,17,2,0,59.19
5966,1609916,0.2915,240.0,340,19,3,0,59.2
5967,1610196,0.2914,180.0,280,16,3,0,59.21
5968,1610452,0.2913,60.0,160,9,3,0,59.23
5969,1610708,0.2912,50.0,150,10,3,0,59.24
5970,1610988,0.2911,150.0,300,17,2,0,59.25
5971,1611244,0.2909,80.0,180,10,3,0,59.26
5972,1611500,0.2908,110.0,260,13,2,0,59.27
5973,1611836,0.2907,50.0,250,13,1,0,59.28
5974,1612116,0.2906,130.0,230,13,3,0,59.29
5975,1612436,0.2905,80.0,180,9,3,0,59.3
5976,1612790,0.2903,580.0,580,24,3,1,59.31
5977,1613046,0.2902,10.0,160,10,2,0,59.33
5978,1613302,0.2901,140.0,240,14,3,0,59.34
5979,1613686,0.29,290.0,390,21,3,0,59.35
5980,1613942,0.2899,90.0,190,11,3,0,59.36
5981,1614198,0.2898,50.0,150,9,3,0,59.37
5982,1614454,0.2896,40.0,140,8,3,0,59.38
5983,1614710,0.2895,30.0,130,9,3,0,59.39
5984,1614966,0.2894,0.0,150,9,2,0,59.4
5985,1615238,0.2893,40.0,190,11,2,0,59.42
5986,1615494,0.2892,90.0,190,12,3,0,59.43
5987,1615750,0.289,40.0,140,8,3,0,59.44
5988,1616030,0.2889,140.0,240,15,3,0,59.45
5989,1616286,0.2888,90.0,190,10,3,0,59.46
5990,1616558,0.2887,10.0,110,7,3,0,59.47
5991,1616846,0.2886,60.0,210,12,2,0,59.48
5992,1617102,0.2885,50.0,150,10,3,0,59.49
5993,1617374,0.2883,40.0,140,8,3,0,59.5
5994,1617630,0.2882,100.0,200,11,3,0,59.51
5995,1617926,0.2881,100.0,200,11,3,0,59.52
5996,1618206,0.288,90.0,290,17,1,0,59.53
5997,1618462,0.2879,60.0,160,10,3,0,59.54
5998,1618718,0.2877,110.0,260,14,2,0,59.55
5999,1618974,0.2876,40.0,140,8,3,0,59.56
6000,1619310,0.2875,70.0,170,8,3,0,59.58
6001,1619606,0.2874,100.0,250,13,2,0,59.59
6002,1619878,0.2873,50.0,200,11,2,0,59.6
6003,1620134,0.2871,10.0,110,8,3,0,59.61
6004,1620390,0.287,40.0,140,10,3,0,59.62
6005,1620646,0.2869,100.0,200,12,3,0,59.63
6006,1620902,0.2868,80.0,230,13,2,0,59.64
6007,1621158,0.2867,0.0,150,10,2,0,59.65
6008,1621414,0.2866,170.0,270,14,3,0,59.66
6009,1621670,0.2864,10.0,110,7,3,0,59.67
6010,1622094,0.2863,320.0,420,22,3,0,59.68
6011,1622398,0.2862,110.0,210,12,3,0,59.69
6012,1622654,0.2861,20.0,120,8,3,0,59.7
6013,1622910,0.286,40.0,140,7,3,0,59.71
6014,1623166,0.2858,160.0,260,15,3,0,59.72
6015,1623430,0.2857,30.0,130,8,3,0,59.73
6016,1623686,0.2856,40.0,140,8,3,0,59.74
6017,1624110,0.2855,350.0,450,23,3,0,59.76
6018,1624590,0.2854,300.0,450,23,2,0,59.78
6019,1624846,0.2852,30.0,230,13,1,0,59.79
6020,1625126,0.2851,70.0,170,12,3,0,59.8
6021,1625382,0.285,0.0,150,9,2,0,59.81
6022,1625638,0.2849,10.0,160,10,2,0,59.82
6023,1625894,0.2848,140.0,240,14,3,0,59.83
6024,1626158,0.2846,130.0,230,13,3,0,59.84
6025,1626414,0.2845,180.0,280,14,3,0,59.85
6026,1626734,0.2844,120.0,270,14,2,0,59.86
6027,1627014,0.2843,110.0,260,16,2,0,59.87
6028,1627534,0.2842,350.0,450,23,3,0,59.89
6029,1627846,0.2841,230.0,330,19,3,0,59.9
6030,1628222,0.2839,310.0,410,21,3,0,59.91
6031,1628518,0.2838,190.0,290,15,3,0,59.92
6032,1628774,0.2837,190.0,290,15,3,0,59.93
6033,1629054,0.2836,80.0,180,10,3,0,59.94
6034,1629406,0.2835,120.0,220,12,3,0,59.95
6035,1629694,0.2833,90.0,190,10,3,0,59.96
6036,1630006,0.2832,110.0,260,14,2,0,59.97
6037,1630262,0.2831,70.0,270,15,1,0,59.98
6038,1630518,0.283,100.0,200,12,3,0,59.99
6039,1630774,0.2829,40.0,140,8,3,0,60.0
6040,1631030,0.2827,20.0,170,10,2,0,60.01
6041,1631286,0.2826,90.0,190,11,3,0,60.02
6042,1631634,0.2825,480.0,580,24,1,1,60.03
6043,1631970,0.2824,200.0,300,17,3,0,60.04
6044,1632250,0.2823,120.0,270,16,2,0,60.05
6045,1632530,0.2822,150.0,250,15,3,0,60.06
6046,1632786,0.282,230.0,330,18,3,0,60.07
6047,1633042,0.2819,140.0,240,14,3,0,60.08
6048,1633298,0.2818,-70.0,130,9,1,0,60.09
6049,1633554,0.2817,100.0,200,11,3,0,60.1
6050,1633810,0.2816,100.0,200,12,3,0,60.11
6051,1634090,0.2814,220.0,320,18,3,0,60.12
6052,1634386,0.2813,180.0,280,15,3,0,60.13
6053,1634746,0.2812,120.0,220,11,3,0,60.14
6054,1635002,0.2811,70.0,220,12,2,0,60.15
6055,1635258,0.281,110.0,210,12,3,0,60.16
6056,1635538,0.2809,130.0,230,15,3,0,60.17
6057,1635794,0.2807,100.0,200,11,3,0,60.18
6058,1636050,0.2806,-10.0,90,6,3,0,60.19
6059,1636306,0.2805,120.0,270,15,2,0,60.2
6060,1636562,0.2804,50.0,150,9,3,0,60.21
6061,1636826,0.2803,0.0,100,5,3,0,60.22
6062,1637082,0.2801,80.0,180,12,3,0,60.23
6063,1637346,0.28,110.0,260,13,2,0,60.23
6064,1637634,0.2799,130.0,230,14,3,0,60.24
6065,1637890,0.2798,70.0,170,10,3,0,60.25
6066,1638170,0.2797,190.0,290,17,3,0,60.26
6067,1638450,0.2795,180.0,280,16,3,0,60.27
6068,1638706,0.2794,40.0,140,9,3,0,60.29
6069,1638962,0.2793,100.0,200,12,3,0,60.3
6070,1639218,0.2792,30.0,130,7,3,0,60.31
6071,1639474,0.2791,10.0,160,8,2,0,60.32
6072,1639730,0.279,0.0,100,6,3,0,60.33
6073,1640026,0.2788,200.0,300,16,3,0,60.34
6074,1640282,0.2787,160.0,260,13,3,0,60.35
6075,1640578,0.2786,120.0,270,14,2,0,60.36
6076,1640834,0.2785,170.0,270,15,3,0,60.37
6077,1641090,0.2784,20.0,120,7,3,0,60.38
6078,1641346,0.2782,40.0,190,11,2,0,60.39
6079,1641602,0.2781,40.0,140,7,3,0,60.4
6080,1641882,0.278,10.0,210,13,1,0,60.41
6081,1642138,0.2779,30.0,130,8,3,0,60.42
6082,1642394,0.2778,40.0,140,8,3,0,60.43
6083,1642650,0.2776,50.0,150,9,3,0,60.44
6084,1642906,0.2775,80.0,180,11,3,0,60.45
6085,1643162,0.2774,120.0,220,12,3,0,60.46
6086,1643418,0.2773,40.0,140,8,3,0,60.47
6087,1643682,0.2772,-30.0,70,4,3,0,60.48
6088,1643978,0.2771,70.0,170,9,3,0,60.5
6089,1644234,0.2769,150.0,250,14,3,0,60.51
6090,1644490,0.2768,100.0,200,11,3,0,60.52
6091,1644746,0.2767,50.0,200,12,2,0,60.53
6092,1645002,0.2766,70.0,170,8,3,0,60.54
6093,1645338,0.2765,240.0,340,18,3,0,60.55
6094,1645626,0.2763,40.0,140,7,3,0,60.56
6095,1645914,0.2762,130.0,280,14,2,0,60.57
6096,1646218,0.2761,100.0,200,10,3,0,60.58
6097,1646570,0.276,80.0,180,9,3,0,60.6
6098,1646874,0.2759,40.0,140,7,3,0,60.61
6099,1647194,0.2757,110.0,260,15,2,0,60.62
6100,1647450,0.2756,-20.0,80,4,3,0,60.63
6101,1647754,0.2755,130.0,230,11,3,0,60.65
6102,1648018,0.2754,60.0,210,13,2,0,60.66
6103,1648322,0.2753,200.0,300,16,3,0,60.67
6104,1648578,0.2752,120.0,220,12,3,0,60.68
6105,1648834,0.275,60.0,210,12,2,0,60.69
6106,1649090,0.2749,60.0,160,11,3,0,60.7
6107,1649346,0.2748,60.0,210,11,2,0,60.71
6108,1649602,0.2747,160.0,260,14,3,0,60.72
6109,1649898,0.2746,60.0,160,9,3,0,60.73
6110,1650154,0.2744,200.0,300,16,3,0,60.74
6111,1650530,0.2743,220.0,320,18,3,0,60.75
6112,1650802,0.2742,140.0,240,14,3,0,60.76
6113,1651058,0.2741,-50.0,150,8,1,0,60.77
6114,1651338,0.274,130.0,230,15,3,0,60.78
6115,1651618,0.2738,180.0,280,16,3,0,60.79
6116,1651890,0.2737,60.0,160,8,3,0,60.8
6117,1652146,0.2736,140.0,240,14,3,0,60.81
6118,1652426,0.2735,120.0,220,14,3,0,60.82
6119,1652762,0.2734,180.0,280,15,3,0,60.83
6120,1653114,0.2732,270.0,370,19,3,0,60.84
6121,1653482,0.2731,150.0,250,13,3,0,60.86
6122,1653770,0.273,80.0,180,10,3,0,60.87
6123,1654106,0.2729,120.0,220,12,3,0,60.88
6124,1654362,0.2728,20.0,120,9,3,0,60.89
6125,1654618,0.2727,210.0,310,16,3,0,60.9
6126,1654874,0.2725,40.0,140,9,3,0,60.9
6127,1655130,0.2724,110.0,210,11,3,0,60.91
6128,1655410,0.2723,240.0,340,19,3,0,60.92
6129,1655666,0.2722,90.0,240,14,2,0,60.93
6130,1655922,0.2721,50.0,200,12,2,0,60.94
6131,1656178,0.2719,100.0,200,13,3,0,60.95
6132,1656474,0.2718,170.0,370,20,1,0,60.96
6133,1656730,0.2717,70.0,170,11,3,0,60.97
6134,1657082,0.2716,140.0,240,13,3,0,60.98
6135,1657346,0.2715,-20.0,80,5,3,0,60.99
6136,1657650,0.2713,30.0,130,7,3,0,61.0
6137,1657938,0.2712,30.0,130,7,3,0,61.01
6138,1658194,0.2711,-30.0,70,5,3,0,61.02
6139,1658570,0.271,130.0,230,12,3,0,61.04
6140,1658826,0.2709,100.0,200,12,3,0,61.04
6141,1659082,0.2708,140.0,290,16,2,0,61.05
6142,1659338,0.2706,30.0,180,10,2,0,61.06
6143,1659594,0.2705,10.0,160,10,2,0,61.07
6144,1659882,0.2704,60.0,160,9,3,0,61.08
6145,1660138,0.2703,40.0,190,11,2,0,61.09
6146,1660546,0.2702,150.0,300,15,2,0,61.11
6147,1660802,0.27,70.0,170,9,3,0,61.11
6148,1661114,0.2699,110.0,210,11,3,0,61.13
6149,1661410,0.2698,40.0,140,7,3,0,61.14
6150,1661674,0.2697,-70.0,80,4,2,0,61.15
6151,1661930,0.2696,-10.0,190,10,1,0,61.15
6152,1662226,0.2695,90.0,190,10,3,0,61.17
6153,1662482,0.2693,70.0,220,12,2,0,61.17
6154,1662710,0.2692,-10.0,240,14,0,0,61.18
6155,1662990,0.2691,70.0,170,12,3,0,61.19
6156,1663278,0.269,250.0,350,18,3,0,61.2
6157,1663534,0.2689,-10.0,90,6,3,0,61.21
6158,1663790,0.2687,-10.0,140,9,2,0,61.22
6159,1664046,0.2686,110.0,210,13,3,0,61.23
6160,1664302,0.2685,80.0,180,11,3,0,61.24
6161,1664582,0.2684,140.0,240,15,3,0,61.25
6162,1664838,0.2683,140.0,240,12,3,0,61.26
6163,1665094,0.2681,-20.0,130,9,2,0,61.27
6164,1665374,0.268,100.0,200,13,3,0,61.28
6165,1665654,0.2679,190.0,290,17,3,0,61.29
6166,1665974,0.2678,190.0,290,17,3,0,61.3
6167,1666286,0.2677,90.0,290,17,1,0,61.31
6168,1666566,0.2676,240.0,340,19,3,0,61.32
6169,1666862,0.2674,150.0,250,15,3,0,61.33
6170,1667118,0.2673,80.0,180,11,3,0,61.34
6171,1667398,0.2672,130.0,280,16,2,0,61.35
6172,1667654,0.2671,50.0,200,10,2,0,61.36
6173,1667934,0.267,150.0,300,17,2,0,61.37
6174,1668214,0.2668,190.0,340,19,2,0,61.38
6175,1668494,0.2667,110.0,260,16,2,0,61.39
6176,1668750,0.2666,130.0,230,13,3,0,61.4
6177,1669086,0.2665,60.0,160,9,3,0,61.42
6178,1669342,0.2664,0.0,150,10,2,0,61.43
6179,1669598,0.2662,-20.0,80,5,3,0,61.44
6180,1669854,0.2661,120.0,220,12,3,0,61.45
6181,1670158,0.266,30.0,130,7,3,0,61.46
6182,1670446,0.2659,180.0,280,15,3,0,61.47
6183,1670734,0.2658,130.0,230,14,3,0,61.48
6184,1671086,0.2657,110.0,210,11,3,0,61.5
6185,1671342,0.2655,50.0,150,9,3,0,61.51
6186,1671598,0.2654,60.0,160,11,3,0,61.52
6187,1671870,0.2653,180.0,280,14,3,0,61.53
6188,1672166,0.2652,190.0,340,19,2,0,61.54
6189,1672422,0.2651,130.0,230,14,3,0,61.55
6190,1672678,0.2649,90.0,240,14,2,0,61.56
6191,1672934,0.2648,120.0,270,15,2,0,61.57
6192,1673190,0.2647,80.0,180,11,3,0,61.58
6193,1673446,0.2646,90.0,190,11,3,0,61.59
6194,1673702,0.2645,20.0,120,6,3,0,61.6
6195,1673958,0.2643,-30.0,70,5,3,0,61.61
6196,1674214,0.2642,170.0,270,15,3,0,61.62
6197,1674494,0.2641,120.0,270,16,2,0,61.63
6198,1674774,0.264,140.0,240,15,3,0,61.64
6199,1675030,0.2639,190.0,290,15,3,0,61.65
6200,1675286,0.2638,140.0,290,16,2,0,61.66
6201,1675542,0.2636,160.0,260,15,3,0,61.67
6202,1675798,0.2635,110.0,210,12,3,0,61.68
6203,1676078,0.2634,210.0,310,18,3,0,61.7
6204,1676329,0.2633,-10.0,240,13,0,0,61.71
6205,1676585,0.2632,-80.0,120,8,1,0,61.72
6206,1676841,0.263,160.0,260,15,3,0,61.73
6207,1677097,0.2629,70.0,170,11,3,0,61.74
6208,1677353,0.2628,40.0,140,9,3,0,61.75
6209,1677609,0.2627,60.0,160,10,3,0,61.76
6210,1678065,0.2626,300.0,450,23,2,0,61.78
6211,1678337,0.2624,90.0,190,10,3,0,61.78
6212,1678593,0.2623,120.0,270,15,2,0,61.79
6213,1678849,0.2622,100.0,250,14,2,0,61.8
6214,1679217,0.2621,230.0,330,16,3,0,61.82
6215,1679473,0.262,40.0,140,10,3,0,61.82
6216,1679793,0.2619,140.0,240,12,3,0,61.84
6217,1680049,0.2617,100.0,200,11,3,0,61.85
6218,1680385,0.2616,170.0,270,14,3,0,61.86
6219,1680657,0.2615,-20.0,80,5,3,0,61.87
6220,1681041,0.2614,150.0,300,15,2,0,61.88
6221,1681297,0.2613,140.0,240,13,3,0,61.89
6222,1681553,0.2611,60.0,160,11,3,0,61.9
6223,1681809,0.261,110.0,210,13,3,0,61.91
6224,1682089,0.2609,200.0,300,16,3,0,61.92
6225,1682481,0.2608,180.0,330,18,2,0,61.93
6226,1682737,0.2607,10.0,110,7,3,0,61.94
6227,1682993,0.2605,60.0,210,11,2,0,61.95
6228,1683257,0.2604,30.0,130,6,3,0,61.96
6229,1683553,0.2603,50.0,200,11,2,0,61.97
6230,1683809,0.2602,-10.0,90,6,3,0,61.98
6231,1684201,0.2601,250.0,350,17,3,0,61.99
6232,1684481,0.26,0.0,100,6,3,0,62.0
6233,1684737,0.2598,130.0,230,12,3,0,62.01
6234,1684993,0.2597,10.0,160,10,2,0,62.02
6235,1685249,0.2596,70.0,170,10,3,0,62.03
6236,1685561,0.2595,110.0,260,13,2,0,62.04
6237,1685857,0.2594,130.0,230,14,3,0,62.05
6238,1686153,0.2592,80.0,180,10,3,0,62.06
6239,1686449,0.2591,50.0,150,9,3,0,62.07
6240,1686761,0.259,90.0,190,10,3,0,62.08
6241,1687081,0.2589,240.0,340,17,3,0,62.09
6242,1687337,0.2588,90.0,190,11,3,0,62.1
6243,1687593,0.2586,130.0,230,13,3,0,62.11
6244,1687849,0.2585,80.0,230,13,2,0,62.12
6245,1688169,0.2584,60.0,160,8,3,0,62.13
6246,1688425,0.2583,120.0,220,12,3,0,62.14
6247,1688697,0.2582,220.0,370,19,2,0,62.15
6248,1688953,0.2581,90.0,190,9,3,0,62.16
6249,1689209,0.2579,80.0,180,10,3,0,62.17
6250,1689465,0.2578,70.0,170,9,3,0,62.18
6251,1689745,0.2577,90.0,190,10,3,0,62.19
6252,1690041,0.2576,110.0,210,11,3,0,62.2
6253,1690337,0.2575,210.0,360,19,2,0,62.21
6254,1690673,0.2573,240.0,340,18,3,0,62.22
6255,1691009,0.2572,50.0,200,11,2,0,62.23
6256,1691265,0.2571,-80.0,20,2,3,0,62.24
6257,1691521,0.257,-20.0,80,5,3,0,62.25
6258,1691825,0.2569,60.0,160,9,3,0,62.26
6259,1692081,0.2567,-50.0,50,4,3,0,62.27
6260,1692337,0.2566,90.0,190,10,3,0,62.28
6261,1692737,0.2565,270.0,370,20,3,0,62.29
6262,1693073,0.2564,130.0,230,13,3,0,62.31
6263,1693409,0.2563,270.0,370,20,3,0,62.32
6264,1693689,0.2562,200.0,300,17,3,0,62.33
6265,1693945,0.256,30.0,230,12,1,0,62.34
6266,1694201,0.2559,50.0,150,9,3,0,62.35
6267,1694457,0.2558,40.0,140,7,3,0,62.36
6268,1694761,0.2557,90.0,190,10,3,0,62.37
6269,1695017,0.2556,30.0,130,7,3,0,62.38
6270,1695369,0.2554,230.0,330,17,3,0,62.39
6271,1695625,0.2553,-20.0,80,5,3,0,62.4
6272,1695881,0.2552,130.0,230,13,3,0,62.41
6273,1696137,0.2551,110.0,210,12,3,0,62.42
6274,1696505,0.255,140.0,240,14,3,0,62.43
6275,1696785,0.2548,220.0,320,18,3,0,62.44
6276,1697041,0.2547,50.0,150,10,3,0,62.45
6277,1697297,0.2546,80.0,230,12,2,0,62.46
6278,1697585,0.2545,30.0,130,7,3,0,62.47
6279,1697889,0.2544,170.0,270,14,3,0,62.48
6280,1698145,0.2542,60.0,160,9,3,0,62.5
6281,1698465,0.2541,120.0,220,12,3,0,62.51
6282,1698631,0.254,-170.0,80,5,0,0,62.52
6283,1698967,0.2539,190.0,290,16,3,0,62.53
6284,1699223,0.2538,30.0,130,7,3,0,62.54
6285,1699503,0.2537,120.0,220,14,3,0,62.55
6286,1699759,0.2535,0.0,150,10,2,0,62.56
6287,1700119,0.2534,200.0,350,19,2,0,62.57
6288,1700375,0.2533,70.0,170,9,3,0,62.58
6289,1700631,0.2532,60.0,260,14,1,0,62.59
6290,1700887,0.2531,230.0,330,18,3,0,62.6
6291,1701143,0.2529,90.0,190,11,3,0,62.61
6292,1701399,0.2528,0.0,100,7,3,0,62.62
6293,1701655,0.2527,-10.0,140,9,2,0,62.63
6294,1701911,0.2526,-60.0,40,4,3,0,62.64
6295,1702280,0.2525,580.0,580,24,3,1,62.66
6296,1702608,0.2524,580.0,580,24,3,1,62.67
6297,1702912,0.2522,230.0,330,19,3,0,62.68
6298,1703168,0.2521,90.0,190,12,3,0,62.7
6299,1703448,0.252,20.0,170,12,2,0,62.71
6300,1703736,0.2519,70.0,220,13,2,0,62.72
6301,1703992,0.2518,-90.0,110,8,1,0,62.73
6302,1704248,0.2516,100.0,200,13,3,0,62.74
6303,1704504,0.2515,0.0,150,10,2,0,62.75
6304,1704760,0.2514,40.0,140,10,3,0,62.76
6305,1705255,0.2513,580.0,580,24,3,1,62.77
6306,1705575,0.2512,260.0,360,18,3,0,62.79
6307,1705831,0.251,-30.0,70,7,3,0,62.8
6308,1706087,0.2509,-20.0,80,5,3,0,62.81
6309,1706359,0.2508,-40.0,110,7,2,0,62.82
6310,1706647,0.2507,90.0,240,13,2,0,62.83
6311,1706919,0.2506,40.0,140,8,3,0,62.84
6312,1707175,0.2505,90.0,190,11,3,0,62.85
6313,1707431,0.2503,-30.0,70,5,3,0,62.86
6314,1707687,0.2502,10.0,110,7,3,0,62.87
6315,1707975,0.2501,130.0,230,12,3,0,62.88
6316,1708295,0.25,150.0,250,14,3,0,62.89
6317,1708551,0.2499,70.0,220,13,2,0,62.9
6318,1708807,0.2497,110.0,210,11,3,0,62.91
6319,1709087,0.2496,160.0,260,16,3,0,62.92
6320,1709343,0.2495,140.0,240,14,3,0,62.93
6321,1709599,0.2494,-10.0,140,8,2,0,62.94
6322,1709879,0.2493,160.0,260,16,3,0,62.95
6323,1710159,0.2491,180.0,280,17,3,0,62.96
6324,1710479,0.249,110.0,210,12,3,0,62.97
6325,1710735,0.2489,0.0,150,9,2,0,62.98
6326,1710991,0.2488,80.0,230,12,2,0,62.99
6327,1711247,0.2487,200.0,300,16,3,0,63.0
6328,1711527,0.2486,140.0,240,15,3,0,63.01
6329,1711783,0.2484,30.0,180,11,2,0,63.02
6330,1712127,0.2483,240.0,340,19,3,0,63.03
6331,1712407,0.2482,90.0,190,13,3,0,63.04
6332,1712663,0.2481,-20.0,80,6,3,0,63.05
6333,1712959,0.248,240.0,340,19,3,0,63.06
6334,1713239,0.2478,160.0,260,15,3,0,63.07
6335,1713503,0.2477,80.0,180,10,3,0,63.08
6336,1713759,0.2476,50.0,150,10,3,0,63.09
6337,1714039,0.2475,170.0,270,16,3,0,63.1
6338,1714319,0.2474,270.0,370,20,3,0,63.11
6339,1714599,0.2472,240.0,340,19,3,0,63.12
6340,1714983,0.2471,530.0,580,24,2,1,63.13
6341,1715263,0.247,140.0,240,15,3,0,63.14
6342,1715519,0.2469,20.0,120,8,3,0,63.15
6343,1715799,0.2468,90.0,240,15,2,0,63.16
6344,1716055,0.2467,80.0,180,11,3,0,63.17
6345,1716335,0.2465,210.0,310,17,3,0,63.18
6346,1716591,0.2464,-20.0,130,9,2,0,63.19
6347,1716975,0.2463,220.0,420,22,1,0,63.2
6348,1717231,0.2462,30.0,130,7,3,0,63.21
6349,1717599,0.2461,270.0,420,22,2,0,63.22
6350,1717879,0.2459,170.0,270,16,3,0,63.23
6351,1718210,0.2458,200.0,450,23,0,0,63.24
6352,1718466,0.2457,10.0,110,7,3,0,63.25
6353,1718722,0.2456,170.0,270,15,3,0,63.26
6354,1719002,0.2455,50.0,200,13,2,0,63.27
6355,1719373,0.2453,530.0,580,24,2,1,63.28
6356,1719653,0.2452,120.0,270,16,2,0,63.29
6357,1719951,0.2451,530.0,580,24,2,1,63.31
6358,1720207,0.245,110.0,210,12,3,0,63.32
6359,1720463,0.2449,-30.0,120,8,2,0,63.32
6360,1720735,0.2448,40.0,190,11,2,0,63.33
6361,1720991,0.2446,150.0,250,14,3,0,63.34
6362,1721335,0.2445,290.0,390,21,3,0,63.36
6363,1721623,0.2444,110.0,210,13,3,0,63.37
6364,1721982,0.2443,580.0,580,24,3,1,63.38
6365,1722262,0.2442,190.0,340,19,2,0,63.39
6366,1722580,0.244,580.0,580,24,3,1,63.4
6367,1722860,0.2439,140.0,240,15,3,0,63.41
6368,1723116,0.2438,50.0,150,10,3,0,63.42
6369,1723372,0.2437,10.0,110,7,3,0,63.43
6370,1723628,0.2436,20.0,170,10,2,0,63.44
6371,1723908,0.2434,160.0,310,18,2,0,63.45
6372,1724244,0.2433,580.0,580,24,3,1,63.46
6373,1724570,0.2432,580.0,580,24,3,1,63.47
6374,1724850,0.2431,150.0,250,15,3,0,63.49
6375,1725106,0.243,30.0,130,9,3,0,63.5
6376,1725386,0.2429,220.0,320,18,3,0,63.51
6377,1725642,0.2427,-20.0,180,11,1,0,63.52
6378,1725922,0.2426,210.0,310,18,3,0,63.53
6379,1726178,0.2425,60.0,160,9,3,0,63.54
6380,1726474,0.2424,200.0,300,17,3,0,63.55
6381,1726754,0.2423,140.0,240,15,3,0,63.56
6382,1727010,0.2421,-40.0,160,11,1,0,63.58
6383,1727266,0.242,40.0,140,8,3,0,63.59
6384,1727554,0.2419,190.0,290,17,3,0,63.6
6385,1727834,0.2418,180.0,280,17,3,0,63.61
6386,1728178,0.2417,130.0,280,17,2,0,63.62
6387,1728434,0.2415,10.0,160,11,2,0,63.63
6388,1728690,0.2414,20.0,120,8,3,0,63.64
6389,1729021,0.2413,480.0,580,24,1,1,63.66
6390,1729277,0.2412,80.0,180,10,3,0,63.67
6391,1729533,0.2411,70.0,170,10,3,0,63.68
6392,1729837,0.2409,170.0,270,14,3,0,63.69
6393,1730093,0.2408,150.0,250,14,3,0,63.7
6394,1730365,0.2407,70.0,170,10,3,0,63.71
6395,1730621,0.2406,110.0,260,14,2,0,63.72
6396,1730877,0.2405,80.0,180,11,3,0,63.73
6397,1731133,0.2404,0.0,100,7,3,0,63.74
6398,1731389,0.2402,110.0,210,12,3,0,63.75
6399,1731661,0.2401,180.0,280,16,3,0,63.76
6400,1731949,0.24,10.0,110,6,3,0,63.77
6401,1732205,0.2399,110.0,210,11,3,0,63.78
6402,1732477,0.2398,30.0,180,10,2,0,63.79
6403,1732765,0.2396,140.0,240,12,3,0,63.8
6404,1733101,0.2395,170.0,270,14,3,0,63.82
6405,1733437,0.2394,200.0,350,18,2,0,63.83
6406,1733693,0.2393,10.0,110,7,3,0,63.84
6407,1733997,0.2392,60.0,160,8,3,0,63.86
6408,1734253,0.2391,90.0,190,10,3,0,63.87
6409,1734557,0.2389,90.0,190,10,3,0,63.88
6410,1734845,0.2388,60.0,160,9,3,0,63.89
6411,1735117,0.2387,40.0,140,8,3,0,63.9
6412,1735405,0.2386,240.0,340,18,3,0,63.91
6413,1735693,0.2385,70.0,220,13,2,0,63.92
6414,1735949,0.2383,0.0,150,10,2,0,63.93
6415,1736221,0.2382,50.0,150,9,3,0,63.94
6416,1736477,0.2381,50.0,150,8,3,0,63.95
6417,1736733,0.238,40.0,140,10,3,0,63.96
6418,1736989,0.2379,70.0,170,9,3,0,63.97
6419,1737269,0.2377,40.0,140,8,3,0,63.98
6420,1737613,0.2376,220.0,320,18,3,0,63.99
6421,1737869,0.2375,40.0,190,10,2,0,64.0
6422,1738125,0.2374,-50.0,50,3,3,0,64.01
6423,1738381,0.2373,-10.0,140,10,2,0,64.02
6424,1738669,0.2372,40.0,140,8,3,0,64.03
6425,1738949,0.237,10.0,110,6,3,0,64.04
6426,1739229,0.2369,250.0,350,18,3,0,64.05
6427,1739653,0.2368,480.0,580,24,1,1,64.06
6428,1739909,0.2367,-10.0,140,10,2,0,64.07
6429,1740237,0.2366,100.0,200,10,3,0,64.09
6430,1740493,0.2364,20.0,120,7,3,0,64.09
6431,1740773,0.2363,160.0,360,19,1,0,64.1
6432,1741029,0.2362,30.0,180,11,2,0,64.11
6433,1741325,0.2361,-50.0,100,6,2,0,64.12
6434,1741693,0.236,150.0,250,13,3,0,64.14
6435,1741949,0.2358,130.0,230,13,3,0,64.15
6436,1742205,0.2357,80.0,180,11,3,0,64.15
6437,1742573,0.2356,320.0,420,22,3,0,64.17
6438,1742893,0.2355,130.0,330,18,1,0,64.18
6439,1743149,0.2354,140.0,240,12,3,0,64.19
6440,1743405,0.2352,90.0,190,11,3,0,64.2
6441,1743677,0.2351,80.0,180,9,3,0,64.21
6442,1743933,0.235,0.0,100,6,3,0,64.22
6443,1744189,0.2349,-20.0,80,6,3,0,64.22
6444,1744461,0.2348,120.0,220,13,3,0,64.23
6445,1744901,0.2347,350.0,450,23,3,0,64.25
6446,1745181,0.2345,170.0,320,18,2,0,64.26
6447,1745437,0.2344,90.0,190,12,3,0,64.27
6448,1745681,0.2343,10.0,260,16,0,0,64.28
6449,1746089,0.2342,340.0,440,22,3,0,64.29
6450,1746384,0.2341,-30.0,220,11,0,0,64.3
6451,1746640,0.2339,-40.0,60,3,3,0,64.31
6452,1746920,0.2338,90.0,190,10,3,0,64.32
6453,1747256,0.2337,140.0,240,12,3,0,64.33
6454,1747512,0.2336,10.0,160,10,2,0,64.34
6455,1747768,0.2335,50.0,200,12,2,0,64.35
6456,1748024,0.2334,70.0,170,10,3,0,64.36
6457,1748280,0.2332,80.0,180,11,3,0,64.37
6458,1748552,0.2331,60.0,160,9,3,0,64.38
6459,1748816,0.233,40.0,140,9,3,0,64.39
6460,1749072,0.2329,-140.0,60,4,1,0,64.4
6461,1749328,0.2328,-50.0,50,3,3,0,64.41
6462,1749584,0.2326,20.0,120,6,3,0,64.42
6463,1749840,0.2325,40.0,140,8,3,0,64.42
6464,1750096,0.2324,90.0,190,11,3,0,64.43
6465,1750352,0.2323,50.0,150,8,3,0,64.44
6466,1750640,0.2322,120.0,220,11,3,0,64.45
6467,1750896,0.232,-60.0,40,3,3,0,64.46
6468,1751248,0.2319,220.0,320,16,3,0,64.47
6469,1751552,0.2318,40.0,190,11,2,0,64.48
6470,1751824,0.2317,-10.0,90,5,3,0,64.49
6471,1752080,0.2316,30.0,130,8,3,0,64.5
6472,1752336,0.2315,20.0,120,7,3,0,64.51
6473,1752592,0.2313,-10.0,190,11,1,0,64.52
6474,1752848,0.2312,90.0,190,11,3,0,64.53
6475,1753104,0.2311,10.0,110,7,3,0,64.54
6476,1753360,0.231,160.0,260,13,3,0,64.55
6477,1753640,0.2309,80.0,230,15,2,0,64.56
6478,1753896,0.2307,70.0,170,11,3,0,64.57
6479,1754152,0.2306,60.0,160,9,3,0,64.58
6480,1754408,0.2305,170.0,270,14,3,0,64.59
6481,1754704,0.2304,90.0,190,11,3,0,64.6
6482,1755120,0.2303,100.0,300,15,1,0,64.61
6483,1755472,0.2301,140.0,340,18,1,0,64.63
6484,1755752,0.23,130.0,230,15,3,0,64.64
6485,1756072,0.2299,0.0,150,8,2,0,64.65
6486,1756352,0.2298,40.0,140,8,3,0,64.66
6487,1756608,0.2297,40.0,140,8,3,0,64.67
6488,1756864,0.2296,50.0,150,10,3,0,64.68
6489,1757128,0.2294,-20.0,80,5,3,0,64.69
6490,1757384,0.2293,-30.0,70,5,3,0,64.71
6491,1757696,0.2292,60.0,160,9,3,0,64.72
6492,1757952,0.2291,-20.0,180,11,1,0,64.73
6493,1758256,0.229,80.0,180,11,3,0,64.74
6494,1758576,0.2288,280.0,380,20,3,0,64.75
6495,1758832,0.2287,130.0,230,12,3,0,64.76
6496,1759088,0.2286,40.0,140,10,3,0,64.77
6497,1759424,0.2285,300.0,400,21,3,0,64.78
6498,1759680,0.2284,60.0,160,11,3,0,64.79
6499,1759952,0.2282,90.0,190,9,3,0,64.8
6500,1760232,0.2281,0.0,100,6,3,0,64.81
6501,1760496,0.228,60.0,160,9,3,0,64.83
6502,1760752,0.2279,90.0,190,11,3,0,64.84
6503,1761032,0.2278,210.0,310,18,3,0,64.85
6504,1761312,0.2277,200.0,300,17,3,0,64.86
6505,1761648,0.2275,280.0,380,20,3,0,64.87
6506,1761936,0.2274,80.0,180,10,3,0,64.89
6507,1762256,0.2273,170.0,270,14,3,0,64.9
6508,1762512,0.2272,140.0,240,13,3,0,64.91
6509,1762768,0.2271,110.0,210,12,3,0,64.92
6510,1763024,0.2269,170.0,270,15,3,0,64.93
6511,1763375,0.2268,580.0,580,24,3,1,64.94
6512,1763631,0.2267,190.0,290,15,3,0,64.96
6513,1763887,0.2266,190.0,290,16,3,0,64.97
6514,1764159,0.2265,10.0,110,6,3,0,64.98
6515,1764415,0.2263,180.0,280,15,3,0,64.99
6516,1764671,0.2262,160.0,260,13,3,0,65.0
6517,1764927,0.2261,120.0,220,12,3,0,65.01
6518,1765183,0.226,60.0,210,11,2,0,65.02
6519,1765535,0.2259,170.0,270,14,3,0,65.03
6520,1765791,0.2258,0.0,100,6,3,0,65.04
6521,1766047,0.2256,110.0,210,13,3,0,65.06
6522,1766399,0.2255,80.0,180,9,3,0,65.07
6523,1766679,0.2254,170.0,270,16,3,0,65.08
6524,1766935,0.2253,90.0,190,12,3,0,65.09
6525,1767191,0.2252,80.0,180,9,3,0,65.1
6526,1767487,0.225,120.0,220,13,3,0,65.11
6527,1767743,0.2249,-10.0,90,6,3,0,65.12
6528,1767999,0.2248,-20.0,80,6,3,0,65.13
6529,1768279,0.2247,30.0,130,7,3,0,65.14
6530,1768535,0.2246,90.0,190,10,3,0,65.15
6531,1768831,0.2244,180.0,280,14,3,0,65.16
6532,1769135,0.2243,150.0,250,15,3,0,65.17
6533,1769423,0.2242,90.0,290,16,1,0,65.19
6534,1769703,0.2241,130.0,230,14,3,0,65.2
6535,1769983,0.224,170.0,270,14,3,0,65.21
6536,1770239,0.2238,110.0,210,12,3,0,65.21
6537,1770495,0.2237,70.0,170,11,3,0,65.22
6538,1770751,0.2236,140.0,290,16,2,0,65.23
6539,1771007,0.2235,120.0,220,13,3,0,65.24
6540,1771263,0.2234,20.0,170,11,2,0,65.25
6541,1771519,0.2233,130.0,230,14,3,0,65.26
6542,1771775,0.2231,90.0,190,12,3,0,65.27
6543,1772111,0.223,100.0,250,14,2,0,65.28
6544,1772415,0.2229,100.0,250,13,2,0,65.29
6545,1772735,0.2228,30.0,130,7,3,0,65.3
6546,1772991,0.2227,-30.0,70,4,3,0,65.31
6547,1773295,0.2225,20.0,120,6,3,0,65.32
6548,1773599,0.2224,40.0,140,8,3,0,65.33
6549,1773919,0.2223,70.0,170,9,3,0,65.34
6550,1774271,0.2222,140.0,290,15,2,0,65.36
6551,1774687,0.2221,320.0,420,22,3,0,65.37
6552,1774943,0.222,160.0,260,15,3,0,65.38
6553,1775199,0.2218,50.0,150,10,3,0,65.39
6554,1775455,0.2217,70.0,220,13,2,0,65.4
6555,1775711,0.2216,120.0,220,13,3,0,65.41
6556,1775967,0.2215,30.0,130,10,3,0,65.42
6557,1776239,0.2214,180.0,280,15,3,0,65.43
6558,1776527,0.2212,140.0,240,13,3,0,65.44
6559,1776815,0.2211,80.0,180,10,3,0,65.45
6560,1777095,0.221,90.0,190,10,3,0,65.46
6561,1777375,0.2209,70.0,220,14,2,0,65.47
6562,1777655,0.2208,140.0,290,17,2,0,65.48
6563,1777911,0.2206,80.0,230,14,2,0,65.49
6564,1778231,0.2205,90.0,190,13,3,0,65.5
6565,1778551,0.2204,220.0,320,18,3,0,65.51
6566,1778831,0.2203,190.0,290,16,3,0,65.52
6567,1779135,0.2202,50.0,200,11,2,0,65.53
6568,1779391,0.2201,30.0,180,11,2,0,65.54
6569,1779703,0.2199,270.0,370,20,3,0,65.55
6570,1779959,0.2198,80.0,180,10,3,0,65.56
6571,1780215,0.2197,90.0,190,11,3,0,65.57
6572,1780527,0.2196,100.0,200,11,3,0,65.58
6573,1780783,0.2195,60.0,160,10,3,0,65.59
6574,1781039,0.2193,0.0,150,9,2,0,65.6
6575,1781295,0.2192,80.0,180,11,3,0,65.61
6576,1781551,0.2191,30.0,130,8,3,0,65.61
6577,1781831,0.219,150.0,250,15,3,0,65.62
6578,1782119,0.2189,70.0,170,12,3,0,65.63
6579,1782423,0.2187,250.0,350,19,3,0,65.64
6580,1782767,0.2186,160.0,260,16,3,0,65.66
6581,1783023,0.2185,-10.0,90,7,3,0,65.67
6582,1783375,0.2184,270.0,370,20,3,0,65.68
6583,1783631,0.2183,90.0,190,12,3,0,65.69
6584,1783919,0.2182,100.0,200,13,3,0,65.7
6585,1784175,0.218,20.0,170,11,2,0,65.71
6586,1784431,0.2179,50.0,150,10,3,0,65.72
6587,1784687,0.2178,40.0,140,9,3,0,65.72
6588,1785007,0.2177,190.0,290,17,3,0,65.74
6589,1785375,0.2176,240.0,390,21,2,0,65.75
6590,1785743,0.2174,260.0,360,20,3,0,65.76
6591,1786023,0.2173,200.0,300,17,3,0,65.77
6592,1786303,0.2172,140.0,240,15,3,0,65.78
6593,1786583,0.2171,150.0,300,17,2,0,65.79
6594,1786895,0.217,220.0,320,18,3,0,65.8
6595,1787207,0.2168,210.0,310,18,3,0,65.81
6596,1787463,0.2167,90.0,190,12,3,0,65.82
6597,1787719,0.2166,0.0,150,9,2,0,65.83
6598,1787999,0.2165,200.0,300,17,3,0,65.84
6599,1788279,0.2164,280.0,380,20,3,0,65.85
6600,1788535,0.2163,90.0,190,12,3,0,65.86
6601,1788815,0.2161,220.0,320,18,3,0,65.87
6602,1789071,0.216,0.0,100,7,3,0,65.88
6603,1789327,0.2159,50.0,200,12,2,0,65.89
6604,1789583,0.2158,160.0,310,16,2,0,65.9
6605,1789839,0.2157,10.0,110,6,3,0,65.91
6606,1790143,0.2155,100.0,200,11,3,0,65.92
6607,1790447,0.2154,90.0,190,10,3,0,65.93
6608,1790703,0.2153,70.0,170,11,3,0,65.94
6609,1790991,0.2152,50.0,200,11,2,0,65.95
6610,1791279,0.2151,220.0,320,18,3,0,65.96
6611,1791559,0.2149,180.0,280,17,3,0,65.97
6612,1791815,0.2148,80.0,180,10,3,0,65.98
6613,1792071,0.2147,130.0,230,13,3,0,65.99
6614,1792431,0.2146,220.0,320,17,3,0,66.0
6615,1792719,0.2145,220.0,320,18,3,0,66.01
6616,1792999,0.2144,150.0,300,17,2,0,66.02
6617,1793279,0.2142,240.0,340,19,3,0,66.03
6618,1793615,0.2141,170.0,320,18,2,0,66.05
6619,1793887,0.214,120.0,270,15,2,0,66.06
6620,1794167,0.2139,180.0,280,17,3,0,66.07
6621,1794519,0.2138,240.0,340,19,3,0,66.08
6622,1794791,0.2136,-10.0,140,8,2,0,66.09
6623,1795071,0.2135,240.0,340,19,3,0,66.1
6624,1795327,0.2134,20.0,170,10,2,0,66.11
6625,1795583,0.2133,30.0,180,10,2,0,66.12
6626,1795839,0.2132,20.0,120,9,3,0,66.13
6627,1796119,0.213,130.0,280,17,2,0,66.14
6628,1796399,0.2129,100.0,200,13,3,0,66.15
6629,1796655,0.2128,70.0,170,11,3,0,66.16
6630,1796911,0.2127,50.0,200,12,2,0,66.17
6631,1797191,0.2126,130.0,230,14,3,0,66.18
6632,1797471,0.2125,210.0,310,18,3,0,66.2
6633,1797791,0.2123,170.0,270,16,3,0,66.21
6634,1798047,0.2122,20.0,120,9,3,0,66.22
6635,1798303,0.2121,60.0,210,12,2,0,66.22
6636,1798559,0.212,40.0,140,9,3,0,66.23
6637,1798855,0.2119,200.0,300,17,3,0,66.24
6638,1799111,0.2117,160.0,260,13,3,0,66.26
6639,1799367,0.2116,110.0,210,13,3,0,66.27
6640,1799655,0.2115,100.0,200,12,3,0,66.28
6641,1799935,0.2114,50.0,250,15,1,0,66.29
6642,1800191,0.2113,-10.0,90,6,3,0,66.3
6643,1800447,0.2111,150.0,250,15,3,0,66.31
6644,1800703,0.211,120.0,220,13,3,0,66.32
6645,1801039,0.2109,250.0,350,19,3,0,66.33
6646,1801295,0.2108,20.0,120,9,3,0,66.34
6647,1801599,0.2107,210.0,310,16,3,0,66.35
6648,1801903,0.2106,190.0,290,15,3,0,66.36
6649,1802159,0.2104,110.0,210,13,3,0,66.37
6650,1802415,0.2103,110.0,210,12,3,0,66.38
6651,1802671,0.2102,120.0,220,13,3,0,66.39
6652,1802927,0.2101,80.0,180,10,3,0,66.4
6653,1803207,0.21,90.0,190,13,3,0,66.41
6654,1803463,0.2098,80.0,180,10,3,0,66.42
6655,1803719,0.2097,40.0,140,8,3,0,66.43
6656,1803991,0.2096,80.0,230,13,2,0,66.44
6657,1804295,0.2095,180.0,280,15,3,0,66.45
6658,1804615,0.2094,120.0,220,11,3,0,66.47
6659,1804911,0.2092,220.0,320,18,3,0,66.48
6660,1805167,0.2091,70.0,170,10,3,0,66.49
6661,1805423,0.209,50.0,150,10,3,0,66.5
6662,1805679,0.2089,110.0,210,12,3,0,66.51
6663,1806112,0.2088,580.0,580,24,3,1,66.52
6664,1806368,0.2087,130.0,230,13,3,0,66.53
6665,1806624,0.2085,170.0,320,17,2,0,66.54
6666,1806880,0.2084,170.0,270,15,3,0,66.55
6667,1807136,0.2083,10.0,110,6,3,0,66.56
6668,1807408,0.2082,60.0,160,9,3,0,66.57
6669,1807664,0.2081,0.0,100,5,3,0,66.58
6670,1807944,0.2079,190.0,340,18,2,0,66.6
6671,1808248,0.2078,260.0,360,20,3,0,66.61
6672,1808504,0.2077,0.0,100,6,3,0,66.62
6673,1808784,0.2076,190.0,290,17,3,0,66.63
6674,1809040,0.2075,50.0,200,12,2,0,66.64
6675,1809320,0.2073,220.0,320,18,3,0,66.65
6676,1809576,0.2072,80.0,180,11,3,0,66.66
6677,1809832,0.2071,10.0,160,10,2,0,66.67
6678,1810136,0.207,50.0,150,9,3,0,66.68
6679,1810392,0.2069,40.0,140,10,3,0,66.69
6680,1810648,0.2067,160.0,260,15,3,0,66.7
6681,1810936,0.2066,60.0,210,12,2,0,66.71
6682,1811192,0.2065,0.0,150,9,2,0,66.72
6683,1811448,0.2064,50.0,150,9,3,0,66.73
6684,1811780,0.2063,530.0,580,24,2,1,66.74
6685,1812104,0.2062,580.0,580,24,3,1,66.75
6686,1812360,0.206,40.0,190,10,2,0,66.76
6687,1812694,0.2059,480.0,580,24,1,1,66.77
6688,1812950,0.2058,90.0,190,11,3,0,66.78
6689,1813230,0.2057,130.0,230,14,3,0,66.79
6690,1813588,0.2056,480.0,580,24,1,1,66.81
6691,1813868,0.2054,150.0,250,15,3,0,66.82
6692,1814148,0.2053,70.0,170,10,3,0,66.83
6693,1814531,0.2052,530.0,580,24,2,1,66.84
6694,1814811,0.2051,100.0,250,15,2,0,66.86
6695,1815173,0.205,530.0,580,24,2,1,66.87
6696,1815453,0.2048,100.0,250,15,2,0,66.88
6697,1815831,0.2047,580.0,580,24,3,1,66.9
6698,1816191,0.2046,320.0,420,22,3,0,66.91
6699,1816447,0.2045,30.0,180,11,2,0,66.92
6700,1816786,0.2044,580.0,580,24,3,1,66.94
6701,1817106,0.2043,220.0,320,18,3,0,66.95
6702,1817488,0.2041,530.0,580,24,2,1,66.97
6703,1817744,0.204,80.0,180,12,3,0,66.98
6704,1818024,0.2039,190.0,290,17,3,0,66.99
6705,1818304,0.2038,210.0,310,18,3,0,67.0
6706,1818584,0.2037,150.0,250,16,3,0,67.01
6707,1818864,0.2035,160.0,260,16,3,0,67.02
6708,1819144,0.2034,180.0,280,17,3,0,67.03
6709,1819424,0.2033,80.0,230,15,2,0,67.05
6710,1819720,0.2032,190.0,340,19,2,0,67.06
6711,1820088,0.2031,240.0,390,21,2,0,67.07
6712,1820344,0.203,-10.0,140,8,2,0,67.08
6713,1820640,0.2028,190.0,290,17,3,0,67.1
6714,1821036,0.2027,530.0,580,24,2,1,67.11
6715,1821316,0.2026,90.0,240,15,2,0,67.12
6716,1821572,0.2025,20.0,120,8,3,0,67.13
6717,1821852,0.2024,190.0,340,19,2,0,67.15
6718,1822108,0.2022,90.0,190,12,3,0,67.16
6719,1822412,0.2021,350.0,450,23,3,0,67.17
6720,1822692,0.202,160.0,310,18,2,0,67.18
6721,1823010,0.2019,530.0,580,24,2,1,67.19
6722,1823290,0.2018,160.0,260,16,3,0,67.2
6723,1823570,0.2016,210.0,310,18,3,0,67.21
6724,1823858,0.2015,270.0,370,20,3,0,67.22
6725,1824194,0.2014,240.0,340,19,3,0,67.23
6726,1824474,0.2013,80.0,230,15,2,0,67.24
6727,1824770,0.2012,210.0,310,18,3,0,67.25
6728,1825050,0.2011,90.0,190,13,3,0,67.26
6729,1825306,0.2009,20.0,170,10,2,0,67.27
6730,1825586,0.2008,140.0,240,14,3,0,67.28
6731,1825842,0.2007,0.0,100,6,3,0,67.29
6732,1826098,0.2006,70.0,170,11,3,0,67.3
6733,1826378,0.2005,190.0,290,17,3,0,67.31
6734,1826714,0.2003,170.0,270,14,3,0,67.33
6735,1827010,0.2002,300.0,400,21,3,0,67.34
6736,1827266,0.2001,50.0,150,9,3,0,67.34
6737,1827546,0.2,170.0,270,16,3,0,67.36
6738,1827810,0.1999,80.0,180,11,3,0,67.37
6739,1828066,0.1997,70.0,170,11,3,0,67.38
6740,1828418,0.1996,480.0,580,24,1,1,67.39
6741,1828674,0.1995,40.0,190,10,2,0,67.4
6742,1828954,0.1994,70.0,220,14,2,0,67.41
6743,1829258,0.1993,60.0,160,10,3,0,67.42
6744,1829514,0.1992,120.0,220,13,3,0,67.43
6745,1829969,0.199,530.0,580,24,2,1,67.45
6746,1830225,0.1989,110.0,260,14,2,0,67.46
6747,1830553,0.1988,150.0,250,15,3,0,67.47
6748,1830809,0.1987,30.0,130,8,3,0,67.48
6749,1831065,0.1986,60.0,160,9,3,0,67.49
6750,1831345,0.1984,140.0,290,17,2,0,67.5
6751,1831657,0.1983,270.0,370,20,3,0,67.51
6752,1831913,0.1982,100.0,200,12,3,0,67.52
6753,1832169,0.1981,80.0,180,11,3,0,67.53
6754,1832449,0.198,80.0,180,12,3,0,67.55
6755,1832705,0.1978,30.0,130,8,3,0,67.56
6756,1832993,0.1977,220.0,320,18,3,0,67.57
6757,1833396,0.1976,580.0,580,24,3,1,67.58
6758,1833676,0.1975,130.0,230,15,3,0,67.6
6759,1833956,0.1974,210.0,360,19,2,0,67.61
6760,1834212,0.1973,120.0,220,13,3,0,67.62
6761,1834468,0.1971,90.0,190,10,3,0,67.63
6762,1834724,0.197,220.0,320,17,3,0,67.64
6763,1834980,0.1969,0.0,150,10,2,0,67.65
6764,1835284,0.1968,100.0,200,11,3,0,67.66
6765,1835564,0.1967,310.0,410,21,3,0,67.67
6766,1835820,0.1965,140.0,240,14,3,0,67.69
6767,1836148,0.1964,90.0,290,17,1,0,67.7
6768,1836428,0.1963,50.0,150,11,3,0,67.71
6769,1836764,0.1962,200.0,350,19,2,0,67.72
6770,1837169,0.1961,480.0,580,24,1,1,67.74
6771,1837425,0.1959,30.0,230,12,1,0,67.75
6772,1837737,0.1958,140.0,240,12,3,0,67.76
6773,1838033,0.1957,220.0,370,20,2,0,67.77
6774,1838313,0.1956,110.0,210,12,3,0,67.78
6775,1838569,0.1955,60.0,160,10,3,0,67.79
6776,1838825,0.1954,-20.0,130,8,2,0,67.8
6777,1839081,0.1952,70.0,170,11,3,0,67.81
6778,1839401,0.1951,10.0,210,11,1,0,67.82
6779,1839681,0.195,150.0,250,16,3,0,67.83
6780,1839961,0.1949,90.0,240,15,2,0,67.84
6781,1840217,0.1948,60.0,160,10,3,0,67.85
6782,1840473,0.1946,0.0,150,9,2,0,67.86
6783,1840761,0.1945,80.0,280,16,1,0,67.87
6784,1841017,0.1944,100.0,200,10,3,0,67.88
6785,1841305,0.1943,20.0,120,8,3,0,67.89
6786,1841585,0.1942,250.0,350,19,3,0,67.91
6787,1841841,0.194,90.0,190,11,3,0,67.92
6788,1842097,0.1939,160.0,260,14,3,0,67.93
6789,1842353,0.1938,60.0,160,11,3,0,67.94
6790,1842705,0.1937,120.0,220,11,3,0,67.95
6791,1842961,0.1936,130.0,230,14,3,0,67.96
6792,1843217,0.1935,10.0,110,7,3,0,67.97
6793,1843502,0.1933,-10.0,240,12,0,0,67.98
6794,1843758,0.1932,50.0,200,12,2,0,67.99
6795,1844038,0.1931,90.0,240,15,2,0,68.0
6796,1844294,0.193,50.0,150,11,3,0,68.01
6797,1844550,0.1929,170.0,270,15,3,0,68.02
6798,1844806,0.1927,40.0,190,9,2,0,68.03
6799,1845118,0.1926,170.0,370,20,1,0,68.04
6800,1845374,0.1925,60.0,160,8,3,0,68.05
6801,1845662,0.1924,40.0,140,7,3,0,68.06
6802,1845918,0.1923,20.0,120,7,3,0,68.07
6803,1846222,0.1921,100.0,200,11,3,0,68.08
6804,1846478,0.192,110.0,210,11,3,0,68.09
6805,1846734,0.1919,-20.0,130,8,2,0,68.1
6806,1847022,0.1918,30.0,180,12,2,0,68.12
6807,1847278,0.1917,20.0,120,6,3,0,68.13
6808,1847582,0.1916,100.0,200,11,3,0,68.14
6809,1847838,0.1914,50.0,150,9,3,0,68.15
6810,1848142,0.1913,160.0,260,14,3,0,68.16
6811,1848398,0.1912,190.0,290,16,3,0,68.17
6812,1848718,0.1911,190.0,290,17,3,0,68.19
6813,1848974,0.191,120.0,270,15,2,0,68.2
6814,1849230,0.1908,100.0,250,14,2,0,68.21
6815,1849486,0.1907,20.0,220,12,1,0,68.22
6816,1849742,0.1906,90.0,190,11,3,0,68.23
6817,1849998,0.1905,40.0,140,10,3,0,68.24
6818,1850254,0.1904,100.0,200,12,3,0,68.25
6819,1850510,0.1902,130.0,230,12,3,0,68.26
6820,1850798,0.1901,60.0,160,10,3,0,68.27
6821,1851078,0.19,150.0,250,15,3,0,68.28
6822,1851334,0.1899,20.0,120,8,3,0,68.29
6823,1851590,0.1898,40.0,140,7,3,0,68.3
6824,1851926,0.1897,160.0,310,16,2,0,68.32
6825,1852230,0.1895,90.0,190,10,3,0,68.33
6826,1852518,0.1894,60.0,160,9,3,0,68.34
6827,1852774,0.1893,50.0,150,9,3,0,68.35
6828,1853046,0.1892,60.0,160,9,3,0,68.36
6829,1853334,0.1891,140.0,240,14,3,0,68.37
6830,1853654,0.1889,170.0,320,18,2,0,68.38
6831,1853910,0.1888,120.0,220,13,3,0,68.39
6832,1854166,0.1887,60.0,160,9,3,0,68.4
6833,1854422,0.1886,60.0,210,12,2,0,68.41
6834,1854678,0.1885,120.0,220,12,3,0,68.42
6835,1855054,0.1883,300.0,450,23,2,0,68.44
6836,1855310,0.1882,80.0,180,10,3,0,68.44
6837,1855566,0.1881,150.0,250,14,3,0,68.45
6838,1855822,0.188,40.0,190,10,2,0,68.46
6839,1856078,0.1879,10.0,210,13,1,0,68.47
6840,1856382,0.1877,230.0,330,19,3,0,68.48
6841,1856638,0.1876,40.0,140,8,3,0,68.49
6842,1856950,0.1875,310.0,410,21,3,0,68.5
6843,1857230,0.1874,200.0,300,17,3,0,68.51
6844,1857486,0.1873,150.0,250,14,3,0,68.52
6845,1857742,0.1872,80.0,230,13,2,0,68.53
6846,1857998,0.187,-10.0,90,5,3,0,68.55
6847,1858254,0.1869,60.0,160,9,3,0,68.56
6848,1858510,0.1868,30.0,180,11,2,0,68.57
6849,1858766,0.1867,40.0,140,10,3,0,68.58
6850,1859022,0.1866,70.0,170,10,3,0,68.59
6851,1859278,0.1864,-20.0,80,7,3,0,68.6
6852,1859534,0.1863,120.0,220,13,3,0,68.61
6853,1859790,0.1862,60.0,160,10,3,0,68.62
6854,1860110,0.1861,210.0,310,16,3,0,68.63
6855,1860366,0.186,130.0,230,13,3,0,68.64
6856,1860622,0.1859,20.0,220,13,1,0,68.65
6857,1860878,0.1857,100.0,200,12,3,0,68.65
6858,1861198,0.1856,230.0,380,20,2,0,68.67
6859,1861478,0.1855,120.0,220,14,3,0,68.68
6860,1861734,0.1854,60.0,160,9,3,0,68.68
6861,1861990,0.1853,40.0,140,9,3,0,68.69
6862,1862246,0.1851,80.0,180,11,3,0,68.7
6863,1862502,0.185,90.0,240,13,2,0,68.71
6864,1862966,0.1849,320.0,420,22,3,0,68.73
6865,1863246,0.1848,110.0,210,14,3,0,68.74
6866,1863526,0.1847,190.0,340,19,2,0,68.75
6867,1863782,0.1845,30.0,180,10,2,0,68.76
6868,1864038,0.1844,40.0,140,10,3,0,68.77
6869,1864294,0.1843,60.0,160,10,3,0,68.77
6870,1864550,0.1842,80.0,180,10,3,0,68.78
6871,1864878,0.1841,190.0,290,17,3,0,68.8
6872,1865134,0.184,0.0,150,10,2,0,68.81
6873,1865390,0.1838,230.0,330,18,3,0,68.82
6874,1865646,0.1837,80.0,180,12,3,0,68.82
6875,1865918,0.1836,70.0,170,10,3,0,68.83
6876,1866174,0.1835,70.0,170,10,3,0,68.84
6877,1866430,0.1834,10.0,110,6,3,0,68.85
6878,1866686,0.1832,60.0,160,9,3,0,68.86
6879,1866942,0.1831,80.0,230,13,2,0,68.87
6880,1867198,0.183,110.0,210,12,3,0,68.88
6881,1867454,0.1829,70.0,170,11,3,0,68.89
6882,1867710,0.1828,130.0,230,13,3,0,68.9
6883,1867974,0.1826,180.0,280,15,3,0,68.91
6884,1868230,0.1825,160.0,260,14,3,0,68.92
6885,1868486,0.1824,120.0,220,13,3,0,68.92
6886,1868742,0.1823,170.0,270,15,3,0,68.93
6887,1869094,0.1822,270.0,370,20,3,0,68.95
6888,1869350,0.1821,40.0,140,10,3,0,68.96
6889,1869726,0.1819,270.0,370,20,3,0,68.97
6890,1870038,0.1818,170.0,270,16,3,0,68.98
6891,1870302,0.1817,60.0,160,11,3,0,68.99
6892,1870558,0.1816,150.0,250,13,3,0,69.0
6893,1870814,0.1815,110.0,210,12,3,0,69.01
6894,1871078,0.1813,80.0,180,11,3,0,69.02
6895,1871334,0.1812,120.0,220,13,3,0,69.03
6896,1871590,0.1811,0.0,150,10,2,0,69.03
6897,1871982,0.181,220.0,370,20,2,0,69.05
6898,1872382,0.1809,200.0,400,21,1,0,69.06
6899,1872638,0.1807,140.0,240,14,3,0,69.07
6900,1872942,0.1806,260.0,360,20,3,0,69.08
6901,1873214,0.1805,180.0,280,15,3,0,69.09
6902,1873470,0.1804,10.0,110,7,3,0,69.1
6903,1873774,0.1803,80.0,180,9,3,0,69.11
6904,1874030,0.1802,-10.0,140,9,2,0,69.12
6905,1874286,0.18,130.0,230,13,3,0,69.13
6906,1874558,0.1799,80.0,180,11,3,0,69.14
6907,1874846,0.1798,120.0,270,15,2,0,69.15
6908,1875198,0.1797,120.0,270,15,2,0,69.16
6909,1875454,0.1796,-10.0,90,6,3,0,69.17
6910,1875710,0.1794,10.0,110,6,3,0,69.18
6911,1876038,0.1793,170.0,270,16,3,0,69.19
6912,1876294,0.1792,60.0,160,10,3,0,69.2
6913,1876574,0.1791,160.0,310,17,2,0,69.21
6914,1876830,0.179,110.0,210,13,3,0,69.22
6915,1877086,0.1788,-10.0,90,6,3,0,69.23
6916,1877342,0.1787,30.0,130,7,3,0,69.24
6917,1877622,0.1786,120.0,220,14,3,0,69.25
6918,1877902,0.1785,220.0,320,18,3,0,69.26
6919,1878182,0.1784,180.0,280,17,3,0,69.27
6920,1878574,0.1783,480.0,580,24,1,1,69.28
6921,1878854,0.1781,220.0,320,18,3,0,69.29
6922,1879110,0.178,10.0,160,9,2,0,69.3
6923,1879414,0.1779,160.0,260,14,3,0,69.31
6924,1879818,0.1778,530.0,580,24,2,1,69.33
6925,1880074,0.1777,50.0,150,9,3,0,69.33
6926,1880330,0.1775,90.0,190,12,3,0,69.34
6927,1880586,0.1774,20.0,170,9,2,0,69.35
6928,1880842,0.1773,0.0,150,8,2,0,69.36
6929,1881098,0.1772,20.0,120,8,3,0,69.37
6930,1881394,0.1771,160.0,310,18,2,0,69.38
6931,1881682,0.1769,30.0,130,7,3,0,69.39
6932,1881954,0.1768,20.0,120,7,3,0,69.4
6933,1882210,0.1767,-20.0,130,7,2,0,69.41
6934,1882466,0.1766,-70.0,30,3,3,0,69.42
6935,1882722,0.1765,-30.0,70,5,3,0,69.43
6936,1883042,0.1764,180.0,280,15,3,0,69.44
6937,1883346,0.1762,130.0,230,13,3,0,69.45
6938,1883602,0.1761,-20.0,130,8,2,0,69.46
6939,1883882,0.176,110.0,260,16,2,0,69.47
6940,1884138,0.1759,80.0,180,10,3,0,69.48
6941,1884418,0.1758,100.0,200,12,3,0,69.49
6942,1884674,0.1756,0.0,100,6,3,0,69.5
6943,1884954,0.1755,230.0,330,18,3,0,69.51
6944,1885306,0.1754,150.0,300,15,2,0,69.52
6945,1885706,0.1753,200.0,300,15,3,0,69.54
6946,1885986,0.1752,110.0,260,16,2,0,69.54
6947,1886266,0.175,190.0,290,17,3,0,69.55
6948,1886522,0.1749,50.0,150,9,3,0,69.56
6949,1886778,0.1748,10.0,160,10,2,0,69.57
6950,1887034,0.1747,100.0,200,12,3,0,69.58
6951,1887330,0.1746,160.0,260,15,3,0,69.59
6952,1887594,0.1744,230.0,330,17,3,0,69.6
6953,1887874,0.1743,230.0,330,18,3,0,69.61
6954,1888130,0.1742,-90.0,110,7,1,0,69.62
6955,1888610,0.1741,230.0,430,22,1,0,69.64
6956,1888890,0.174,30.0,130,7,3,0,69.65
6957,1889314,0.1739,280.0,380,20,3,0,69.66
6958,1889570,0.1737,100.0,200,12,3,0,69.67
6959,1889954,0.1736,210.0,310,16,3,0,69.68
6960,1890210,0.1735,60.0,210,12,2,0,69.69
6961,1890514,0.1734,60.0,160,9,3,0,69.7
6962,1890786,0.1733,100.0,250,14,2,0,69.71
6963,1891042,0.1731,20.0,120,9,3,0,69.72
6964,1891322,0.173,10.0,210,13,1,0,69.73
6965,1891578,0.1729,-20.0,130,8,2,0,69.74
6966,1891834,0.1728,90.0,190,11,3,0,69.75
6967,1892090,0.1727,40.0,140,6,3,0,69.76
6968,1892346,0.1726,20.0,120,7,3,0,69.77
6969,1892602,0.1724,130.0,230,14,3,0,69.78
6970,1892858,0.1723,140.0,290,15,2,0,69.79
6971,1893210,0.1722,290.0,390,21,3,0,69.8
6972,1893466,0.1721,180.0,280,15,3,0,69.81
6973,1893754,0.172,160.0,260,15,3,0,69.82
6974,1894010,0.1718,90.0,240,13,2,0,69.83
6975,1894266,0.1717,130.0,280,15,2,0,69.84
6976,1894522,0.1716,-30.0,70,3,3,0,69.85
6977,1894778,0.1715,-50.0,50,2,3,0,69.86
6978,1895074,0.1714,130.0,230,12,3,0,69.87
6979,1895338,0.1712,170.0,270,14,3,0,69.88
6980,1895594,0.1711,-10.0,90,5,3,0,69.89
6981,1895874,0.171,90.0,190,13,3,0,69.9
6982,1896170,0.1709,30.0,130,8,3,0,69.91
6983,1896426,0.1708,130.0,230,12,3,0,69.92
6984,1896738,0.1707,110.0,260,16,2,0,69.93
6985,1896994,0.1705,50.0,200,11,2,0,69.94
6986,1897274,0.1704,70.0,220,14,2,0,69.95
6987,1897594,0.1703,270.0,370,20,3,0,69.96
6988,1897866,0.1702,70.0,170,10,3,0,69.98
6989,1898122,0.1701,50.0,150,9,3,0,69.99
6990,1898402,0.1699,110.0,210,11,3,0,70.0
6991,1898682,0.1698,70.0,170,9,3,0,70.01
6992,1898938,0.1697,160.0,260,14,3,0,70.02
6993,1899218,0.1696,160.0,260,16,3,0,70.03
6994,1899474,0.1695,0.0,150,9,2,0,70.04
6995,1899778,0.1693,90.0,190,10,3,0,70.05
6996,1900034,0.1692,0.0,150,8,2,0,70.06
6997,1900290,0.1691,130.0,230,14,3,0,70.07
6998,1900578,0.169,110.0,210,11,3,0,70.09
6999,1900834,0.1689,90.0,190,11,3,0,70.1
7000,1901114,0.1687,220.0,320,18,3,0,70.11
7001,1901370,0.1686,-10.0,90,5,3,0,70.12
7002,1901666,0.1685,-30.0,120,7,2,0,70.13
7003,1902026,0.1684,120.0,220,12,3,0,70.15
7004,1902290,0.1683,-20.0,80,5,3,0,70.16
7005,1902602,0.1682,100.0,200,11,3,0,70.17
7006,1902858,0.168,10.0,110,7,3,0,70.18
7007,1903178,0.1679,90.0,190,10,3,0,70.19
7008,1903434,0.1678,0.0,100,6,3,0,70.2
7009,1903690,0.1677,90.0,190,10,3,0,70.21
7010,1904010,0.1676,110.0,210,10,3,0,70.22
7011,1904266,0.1674,110.0,210,12,3,0,70.23
7012,1904522,0.1673,50.0,150,10,3,0,70.24
7013,1904810,0.1672,30.0,180,11,2,0,70.25
7014,1905114,0.1671,190.0,290,16,3,0,70.26
7015,1905402,0.167,50.0,150,9,3,0,70.27
7016,1905722,0.1669,200.0,300,17,3,0,70.28
7017,1906106,0.1667,200.0,350,19,2,0,70.3
7018,1906362,0.1666,150.0,250,13,3,0,70.31
7019,1906618,0.1665,-10.0,140,10,2,0,70.32
7020,1906914,0.1664,90.0,190,11,3,0,70.33
7021,1907306,0.1663,220.0,370,20,2,0,70.35
7022,1907562,0.1661,70.0,170,11,3,0,70.35
7023,1907898,0.166,180.0,280,17,3,0,70.37
7024,1908178,0.1659,70.0,170,12,3,0,70.38
7025,1908458,0.1658,100.0,250,16,2,0,70.39
7026,1908714,0.1657,110.0,210,11,3,0,70.4
7027,1909026,0.1655,80.0,230,12,2,0,70.41
7028,1909282,0.1654,90.0,240,13,2,0,70.42
7029,1909562,0.1653,90.0,240,15,2,0,70.43
7030,1909818,0.1652,100.0,200,12,3,0,70.44
7031,1910074,0.1651,10.0,110,6,3,0,70.45
7032,1910362,0.165,30.0,130,8,3,0,70.46
7033,1910618,0.1648,60.0,160,9,3,0,70.47
7034,1910890,0.1647,-20.0,130,7,2,0,70.48
7035,1911194,0.1646,100.0,200,11,3,0,70.49
7036,1911498,0.1645,270.0,420,22,2,0,70.5
7037,1911754,0.1644,40.0,140,8,3,0,70.51
7038,1912010,0.1642,30.0,180,11,2,0,70.52
7039,1912290,0.1641,180.0,280,17,3,0,70.53
7040,1912546,0.164,70.0,170,11,3,0,70.54
7041,1912850,0.1639,120.0,220,13,3,0,70.55
7042,1913106,0.1638,10.0,110,6,3,0,70.56
7043,1913386,0.1636,40.0,140,11,3,0,70.58
7044,1913642,0.1635,30.0,130,8,3,0,70.58
7045,1913898,0.1634,-30.0,120,7,2,0,70.59
7046,1914194,0.1633,140.0,240,14,3,0,70.6
7047,1914450,0.1632,30.0,130,7,3,0,70.61
7048,1914762,0.1631,260.0,360,20,3,0,70.62
7049,1914890,0.1629,-170.0,80,5,0,0,70.63
7050,1915146,0.1628,90.0,190,12,3,0,70.64
7051,1915442,0.1627,270.0,370,20,3,0,70.65
7052,1915722,0.1626,0.0,100,9,3,0,70.66
7053,1916002,0.1625,140.0,240,13,3,0,70.67
7054,1916338,0.1623,120.0,270,16,2,0,70.69
7055,1916618,0.1622,100.0,200,13,3,0,70.7
7056,1916874,0.1621,90.0,290,16,1,0,70.71
7057,1917186,0.162,150.0,250,15,3,0,70.72
7058,1917442,0.1619,70.0,170,10,3,0,70.73
7059,1917722,0.1617,220.0,320,18,3,0,70.74
7060,1918002,0.1616,250.0,350,19,3,0,70.75
7061,1918338,0.1615,200.0,350,19,2,0,70.76
7062,1918594,0.1614,60.0,160,9,3,0,70.77
7063,1918850,0.1613,120.0,220,12,3,0,70.78
7064,1919106,0.1612,40.0,140,9,3,0,70.79
7065,1919402,0.161,240.0,340,19,3,0,70.8
7066,1919682,0.1609,110.0,210,14,3,0,70.81
7067,1920100,0.1608,580.0,580,24,3,1,70.83
7068,1920356,0.1607,50.0,250,14,1,0,70.83
7069,1920612,0.1606,200.0,300,16,3,0,70.84
7070,1920868,0.1604,100.0,200,11,3,0,70.85
7071,1921124,0.1603,70.0,170,10,3,0,70.86
7072,1921380,0.1602,80.0,180,11,3,0,70.87
7073,1921636,0.1601,140.0,240,14,3,0,70.88
7074,1921956,0.16,170.0,320,18,2,0,70.9
7075,1922212,0.1598,140.0,240,13,3,0,70.91
7076,1922532,0.1597,320.0,420,22,3,0,70.92
7077,1922812,0.1596,130.0,230,15,3,0,70.93
7078,1923108,0.1595,210.0,310,18,3,0,70.94
7079,1923364,0.1594,10.0,110,8,3,0,70.95
7080,1923644,0.1593,150.0,250,15,3,0,70.96
7081,1923940,0.1591,190.0,290,17,3,0,70.97
7082,1924220,0.159,160.0,260,15,3,0,70.98
7083,1924476,0.1589,0.0,150,9,2,0,70.99
7084,1924780,0.1588,40.0,190,10,2,0,71.0
7085,1925036,0.1587,30.0,130,8,3,0,71.01
7086,1925420,0.1585,290.0,390,21,3,0,71.02
7087,1925700,0.1584,140.0,240,14,3,0,71.03
7088,1926004,0.1583,140.0,240,13,3,0,71.05
7089,1926260,0.1582,50.0,150,10,3,0,71.06
7090,1926516,0.1581,80.0,180,10,3,0,71.07
7091,1926772,0.1579,110.0,210,12,3,0,71.08
7092,1927068,0.1578,180.0,280,14,3,0,71.09
7093,1927324,0.1577,100.0,200,11,3,0,71.09
7094,1927604,0.1576,220.0,320,18,3,0,71.1
7095,1927884,0.1575,120.0,270,16,2,0,71.12
7096,1928164,0.1573,130.0,230,15,3,0,71.13
7097,1928476,0.1572,260.0,360,20,3,0,71.14
7098,1928732,0.1571,-20.0,130,7,2,0,71.15
7099,1928988,0.157,-10.0,90,7,3,0,71.16
7100,1929260,0.1569,140.0,290,15,2,0,71.17
7101,1929516,0.1568,160.0,260,14,3,0,71.18
7102,1929804,0.1566,270.0,370,20,3,0,71.19
7103,1930116,0.1565,210.0,310,18,3,0,71.2
7104,1930396,0.1564,210.0,310,18,3,0,71.21
7105,1930676,0.1563,170.0,270,16,3,0,71.22
7106,1930932,0.1562,110.0,210,12,3,0,71.23
7107,1931188,0.156,150.0,250,14,3,0,71.24
7108,1931444,0.1559,70.0,170,10,3,0,71.25
7109,1931700,0.1558,70.0,170,10,3,0,71.26
7110,1932044,0.1557,290.0,390,21,3,0,71.27
7111,1932356,0.1556,140.0,240,14,3,0,71.29
7112,1932612,0.1555,-10.0,140,9,2,0,71.29
7113,1932868,0.1553,70.0,170,10,3,0,71.3
7114,1933148,0.1552,130.0,280,17,2,0,71.32
7115,1933404,0.1551,100.0,200,12,3,0,71.33
7116,1933660,0.155,70.0,170,10,3,0,71.34
7117,1934100,0.1549,320.0,420,22,3,0,71.35
7118,1934356,0.1547,60.0,260,15,1,0,71.36
7119,1934668,0.1546,130.0,280,17,2,0,71.37
7120,1934948,0.1545,230.0,330,18,3,0,71.38
7121,1935204,0.1544,50.0,200,12,2,0,71.39
7122,1935460,0.1543,200.0,300,15,3,0,71.4
7123,1935748,0.1541,-10.0,190,12,1,0,71.41
7124,1936164,0.154,530.0,580,24,2,1,71.43
7125,1936420,0.1539,60.0,160,9,3,0,71.44
7126,1936676,0.1538,40.0,140,9,3,0,71.45
7127,1936956,0.1537,170.0,270,16,3,0,71.46
7128,1937268,0.1536,120.0,270,15,2,0,71.47
7129,1937548,0.1534,40.0,140,7,3,0,71.48
7130,1937804,0.1533,100.0,200,12,3,0,71.49
7131,1938084,0.1532,30.0,180,13,2,0,71.49
7132,1938436,0.1531,190.0,390,21,1,0,71.51
7133,1938692,0.153,40.0,140,10,3,0,71.52
7134,1938972,0.1528,270.0,370,20,3,0,71.53
7135,1939228,0.1527,40.0,190,11,2,0,71.54
7136,1939524,0.1526,220.0,320,18,3,0,71.55
7137,1939828,0.1525,210.0,310,16,3,0,71.56
7138,1940108,0.1524,170.0,270,16,3,0,71.57
7139,1940380,0.1522,30.0,130,9,3,0,71.58
7140,1940684,0.1521,140.0,290,15,2,0,71.59
7141,1940940,0.152,30.0,180,10,2,0,71.6
7142,1941196,0.1519,70.0,170,9,3,0,71.61
7143,1941516,0.1518,130.0,280,14,2,0,71.62
7144,1941820,0.1517,-80.0,120,7,1,0,71.63
7145,1942076,0.1515,70.0,220,12,2,0,71.64
7146,1942364,0.1514,150.0,250,14,3,0,71.65
7147,1942784,0.1513,580.0,580,24,3,1,71.66
7148,1943040,0.1512,50.0,150,8,3,0,71.67
7149,1943320,0.1511,190.0,290,17,3,0,71.68
7150,1943733,0.1509,530.0,580,24,2,1,71.7
7151,1944013,0.1508,270.0,370,20,3,0,71.71
7152,1944293,0.1507,120.0,320,18,1,0,71.72
7153,1944573,0.1506,230.0,330,18,3,0,71.72
7154,1944888,0.1505,580.0,580,24,3,1,71.74
7155,1945224,0.1503,350.0,450,23,3,0,71.75
7156,1945543,0.1502,580.0,580,24,3,1,71.76
7157,1945887,0.1501,350.0,450,23,3,0,71.77
7158,1946241,0.15,480.0,580,24,1,1,71.78
7159,1946521,0.1499,90.0,190,13,3,0,71.79
7160,1946869,0.1498,530.0,580,24,2,1,71.81
7161,1947149,0.1496,170.0,270,16,3,0,71.82
7162,1947496,0.1495,580.0,580,24,3,1,71.83
7163,1947847,0.1494,480.0,580,24,1,1,71.84
7164,1948127,0.1493,140.0,290,17,2,0,71.85
7165,1948383,0.1492,40.0,190,12,2,0,71.86
7166,1948713,0.149,580.0,580,24,3,1,71.87
7167,1948969,0.1489,20.0,120,8,3,0,71.88
7168,1949249,0.1488,190.0,290,17,3,0,71.89
7169,1949529,0.1487,150.0,250,16,3,0,71.9
7170,1949809,0.1486,100.0,200,14,3,0,71.91
7171,1950129,0.1484,160.0,310,18,2,0,71.92
7172,1950501,0.1483,530.0,580,24,2,1,71.93
7173,1950903,0.1482,580.0,580,24,3,1,71.95
7174,1951207,0.1481,40.0,190,11,2,0,71.96
7175,1951487,0.148,140.0,240,15,3,0,71.97
7176,1951743,0.1479,60.0,160,10,3,0,71.98
7177,1952039,0.1477,270.0,370,20,3,0,71.99
7178,1952295,0.1476,160.0,260,15,3,0,72.0
7179,1952551,0.1475,110.0,210,13,3,0,72.01
7180,1952807,0.1474,-30.0,120,8,2,0,72.02
7181,1953130,0.1473,580.0,580,24,3,1,72.03
7182,1953410,0.1471,180.0,280,17,3,0,72.04
7183,1953746,0.147,240.0,340,19,3,0,72.05
7184,1954026,0.1469,70.0,220,15,2,0,72.06
7185,1954306,0.1468,110.0,260,16,2,0,72.07
7186,1954562,0.1467,90.0,190,12,3,0,72.08
7187,1954842,0.1465,160.0,260,16,3,0,72.09
7188,1955122,0.1464,210.0,310,18,3,0,72.1
7189,1955402,0.1463,160.0,260,16,3,0,72.11
7190,1955658,0.1462,70.0,170,11,3,0,72.12
7191,1955938,0.1461,180.0,280,17,3,0,72.13
7192,1956218,0.146,210.0,310,18,3,0,72.14
7193,1956498,0.1458,270.0,370,20,3,0,72.15
7194,1956778,0.1457,180.0,280,17,3,0,72.16
7195,1957058,0.1456,190.0,290,17,3,0,72.17
7196,1957338,0.1455,150.0,300,17,2,0,72.18
7197,1957594,0.1454,-10.0,90,6,3,0,72.19
7198,1958010,0.1452,350.0,450,23,3,0,72.2
7199,1958290,0.1451,150.0,250,16,3,0,72.21
7200,1958594,0.145,160.0,360,20,1,0,72.22
7201,1958898,0.1449,240.0,390,21,2,0,72.23
7202,1959212,0.1448,480.0,580,24,1,1,72.24
7203,1959468,0.1446,40.0,140,10,3,0,72.25
7204,1959724,0.1445,40.0,190,12,2,0,72.26
7205,1960104,0.1444,530.0,580,24,2,1,72.27
7206,1960360,0.1443,60.0,160,9,3,0,72.28
7207,1960616,0.1442,50.0,200,12,2,0,72.29
7208,1960896,0.1441,190.0,290,17,3,0,72.3
7209,1961176,0.1439,180.0,280,17,3,0,72.31
7210,1961464,0.1438,90.0,190,11,3,0,72.32
7211,1961720,0.1437,30.0,130,9,3,0,72.33
7212,1961976,0.1436,160.0,260,15,3,0,72.34
7213,1962256,0.1435,270.0,370,20,3,0,72.35
7214,1962536,0.1433,190.0,340,19,2,0,72.36
7215,1962816,0.1432,170.0,270,16,3,0,72.38
7216,1963216,0.1431,190.0,390,21,1,0,72.39
7217,1963472,0.143,90.0,240,14,2,0,72.4
7218,1963752,0.1429,210.0,310,18,3,0,72.41
7219,1964032,0.1427,130.0,230,15,3,0,72.43
7220,1964288,0.1426,-10.0,90,6,3,0,72.44
7221,1964568,0.1425,180.0,280,17,3,0,72.45
7222,1964848,0.1424,110.0,260,16,2,0,72.46
7223,1965180,0.1423,580.0,580,24,3,1,72.47
7224,1965436,0.1422,140.0,240,14,3,0,72.48
7225,1965775,0.142,580.0,580,24,3,1,72.5
7226,1966055,0.1419,140.0,240,15,3,0,72.51
7227,1966335,0.1418,270.0,370,20,3,0,72.52
7228,1966615,0.1417,130.0,280,16,2,0,72.53
7229,1966903,0.1416,100.0,200,12,3,0,72.54
7230,1967183,0.1414,190.0,290,17,3,0,72.55
7231,1967524,0.1413,580.0,580,24,3,1,72.56
7232,1967820,0.1412,240.0,340,19,3,0,72.57
7233,1968100,0.1411,160.0,260,16,3,0,72.59
7234,1968356,0.141,160.0,260,15,3,0,72.6
7235,1968636,0.1408,80.0,230,15,2,0,72.61
7236,1968963,0.1407,580.0,580,24,3,1,72.62
7237,1969331,0.1406,350.0,450,23,3,0,72.63
7238,1969667,0.1405,350.0,450,23,3,0,72.64
7239,1969997,0.1404,580.0,580,24,3,1,72.65
7240,1970277,0.1402,140.0,240,15,3,0,72.66
7241,1970660,0.1401,480.0,580,24,1,1,72.68
7242,1970996,0.14,210.0,310,18,3,0,72.69
7243,1971276,0.1399,150.0,250,16,3,0,72.7
7244,1971556,0.1398,120.0,270,16,2,0,72.71
7245,1971924,0.1397,290.0,390,21,3,0,72.73
7246,1972204,0.1395,130.0,230,15,3,0,72.74
7247,1972484,0.1394,220.0,370,20,2,0,72.75
7248,1972740,0.1393,40.0,140,10,3,0,72.76
7249,1972996,0.1392,30.0,130,9,3,0,72.77
7250,1973276,0.1391,70.0,170,12,3,0,72.78
7251,1973556,0.1389,160.0,260,16,3,0,72.79
7252,1973812,0.1388,100.0,200,13,3,0,72.8
7253,1974157,0.1387,530.0,580,24,2,1,72.81
7254,1974413,0.1386,140.0,240,14,3,0,72.82
7255,1974717,0.1385,270.0,420,22,2,0,72.83
7256,1975017,0.1383,580.0,580,24,3,1,72.84
7257,1975327,0.1382,530.0,580,24,2,1,72.86
7258,1975607,0.1381,90.0,240,15,2,0,72.87
7259,1975887,0.138,140.0,240,15,3,0,72.88
7260,1976217,0.1379,580.0,580,24,3,1,72.89
7261,1976473,0.1378,20.0,120,8,3,0,72.9
7262,1976729,0.1376,-40.0,110,8,2,0,72.91
7263,1977057,0.1375,210.0,360,20,2,0,72.92
7264,1977409,0.1374,240.0,340,19,3,0,72.94
7265,1977761,0.1373,140.0,340,19,1,0,72.95
7266,1978041,0.1372,180.0,280,17,3,0,72.96
7267,1978393,0.137,110.0,210,14,3,0,72.97
7268,1978777,0.1369,190.0,340,19,2,0,72.98
7269,1979073,0.1368,210.0,310,17,3,0,72.99
7270,1979329,0.1367,70.0,170,11,3,0,73.0
7271,1979667,0.1366,530.0,580,24,2,1,73.02
7272,1979923,0.1365,-10.0,140,10,2,0,73.02
7273,1980179,0.1363,40.0,140,10,3,0,73.03
7274,1980435,0.1362,70.0,170,10,3,0,73.04
7275,1980691,0.1361,10.0,110,7,3,0,73.06
7276,1980971,0.136,110.0,210,14,3,0,73.07
7277,1981251,0.1359,130.0,230,15,3,0,73.08
7278,1981569,0.1357,580.0,580,24,3,1,73.09
7279,1981875,0.1356,580.0,580,24,3,1,73.1
7280,1982179,0.1355,180.0,330,19,2,0,73.11
7281,1982459,0.1354,170.0,320,18,2,0,73.12
7282,1982706,0.1353,0.0,250,15,0,0,73.13
7283,1983010,0.1351,290.0,390,21,3,0,73.14
7284,1983349,0.135,530.0,580,24,2,1,73.16
7285,1983637,0.1349,160.0,310,18,2,0,73.17
7286,1983957,0.1348,150.0,250,16,3,0,73.18
7287,1984237,0.1347,150.0,250,15,3,0,73.19
7288,1984517,0.1346,220.0,320,18,3,0,73.2
7289,1984797,0.1344,150.0,250,16,3,0,73.21
7290,1985101,0.1343,580.0,580,24,3,1,73.22
7291,1985381,0.1342,70.0,270,16,1,0,73.23
7292,1985661,0.1341,160.0,260,16,3,0,73.24
7293,1985957,0.134,190.0,290,17,3,0,73.26
7294,1986272,0.1338,530.0,580,24,2,1,73.27
7295,1986576,0.1337,210.0,360,20,2,0,73.28
7296,1986832,0.1336,60.0,160,10,3,0,73.29
7297,1987139,0.1335,580.0,580,24,3,1,73.3
7298,1987471,0.1334,580.0,580,24,3,1,73.31
7299,1987751,0.1332,90.0,190,13,3,0,73.32
7300,1988099,0.1331,530.0,580,24,2,1,73.34
7301,1988379,0.133,240.0,340,19,3,0,73.35
7302,1988635,0.1329,50.0,150,9,3,0,73.36
7303,1988891,0.1328,20.0,120,9,3,0,73.37
7304,1989195,0.1327,320.0,420,22,3,0,73.38
7305,1989475,0.1325,200.0,300,17,3,0,73.39
7306,1989755,0.1324,150.0,250,16,3,0,73.4
7307,1990011,0.1323,70.0,170,10,3,0,73.41
7308,1990299,0.1322,80.0,230,14,2,0,73.42
7309,1990587,0.1321,140.0,340,19,1,0,73.43
7310,1990954,0.1319,580.0,580,24,3,1,73.45
7311,1991210,0.1318,-50.0,150,10,1,0,73.46
7312,1991490,0.1317,80.0,280,17,1,0,73.47
7313,1991802,0.1316,120.0,220,13,3,0,73.48
7314,1992154,0.1315,190.0,290,17,3,0,73.5
7315,1992410,0.1313,110.0,210,13,3,0,73.51
7316,1992786,0.1312,530.0,580,24,2,1,73.52
7317,1993090,0.1311,80.0,180,11,3,0,73.53
7318,1993470,0.131,530.0,580,24,2,1,73.55
7319,1993750,0.1309,50.0,150,11,3,0,73.56
7320,1994030,0.1308,190.0,290,16,3,0,73.57
7321,1994416,0.1306,530.0,580,24,2,1,73.59
7322,1994672,0.1305,100.0,200,12,3,0,73.6
7323,1994976,0.1304,260.0,360,20,3,0,73.61
7324,1995264,0.1303,200.0,300,17,3,0,73.62
7325,1995544,0.1302,130.0,280,17,2,0,73.64
7326,1995824,0.13,130.0,230,15,3,0,73.65
7327,1996128,0.1299,290.0,390,21,3,0,73.66
7328,1996384,0.1298,90.0,190,12,3,0,73.67
7329,1996640,0.1297,90.0,190,11,3,0,73.68
7330,1996896,0.1296,80.0,180,11,3,0,73.69
7331,1997152,0.1294,160.0,260,15,3,0,73.69
7332,1997408,0.1293,100.0,200,11,3,0,73.7
7333,1997691,0.1292,40.0,290,14,0,0,73.71
7334,1997947,0.1291,20.0,120,8,3,0,73.72
7335,1998203,0.129,30.0,130,8,3,0,73.73
7336,1998534,0.1289,580.0,580,24,3,1,73.74
7337,1998838,0.1287,180.0,330,19,2,0,73.75
7338,1999118,0.1286,80.0,180,12,3,0,73.77
7339,1999398,0.1285,130.0,280,17,2,0,73.78
7340,1999686,0.1284,270.0,370,20,3,0,73.79
7341,1999942,0.1283,10.0,110,8,3,0,73.8
7342,2000206,0.1281,20.0,170,11,2,0,73.81
7343,2000510,0.128,240.0,340,19,3,0,73.82
7344,2000790,0.1279,140.0,290,17,2,0,73.83
7345,2001109,0.1278,580.0,580,24,3,1,73.84
7346,2001381,0.1277,50.0,150,9,3,0,73.85
7347,2001693,0.1275,20.0,170,10,2,0,73.86
7348,2001949,0.1274,160.0,260,14,3,0,73.87
7349,2002277,0.1273,240.0,390,21,2,0,73.88
7350,2002533,0.1272,250.0,350,18,3,0,73.89
7351,2002885,0.1271,200.0,300,15,3,0,73.9
7352,2003237,0.127,230.0,430,22,1,0,73.92
7353,2003493,0.1268,140.0,240,14,3,0,73.93
7354,2003773,0.1267,170.0,320,18,2,0,73.93
7355,2004053,0.1266,110.0,210,12,3,0,73.94
7356,2004365,0.1265,530.0,580,24,2,1,73.96
7357,2004621,0.1264,50.0,200,13,2,0,73.96
7358,2004877,0.1262,130.0,230,13,3,0,73.97
7359,2005189,0.1261,100.0,200,13,3,0,73.99
7360,2005445,0.126,-10.0,140,9,2,0,73.99
7361,2005781,0.1259,100.0,200,12,3,0,74.01
7362,2006037,0.1258,110.0,210,13,3,0,74.02
7363,2006293,0.1256,130.0,230,13,3,0,74.02
7364,2006581,0.1255,110.0,210,11,3,0,74.03
7365,2006837,0.1254,170.0,270,15,3,0,74.04
7366,2007093,0.1253,40.0,140,9,3,0,74.05
7367,2007349,0.1252,160.0,260,14,3,0,74.06
7368,2007685,0.1251,60.0,160,9,3,0,74.07
7369,2007957,0.1249,40.0,140,7,3,0,74.08
7370,2008229,0.1248,-20.0,80,5,3,0,74.09
7371,2008533,0.1247,60.0,160,9,3,0,74.1
7372,2008805,0.1246,10.0,110,7,3,0,74.11
7373,2009061,0.1245,130.0,230,13,3,0,74.12
7374,2009341,0.1243,170.0,320,18,2,0,74.13
7375,2009700,0.1242,580.0,580,24,3,1,74.15
7376,2010116,0.1241,350.0,450,23,3,0,74.16
7377,2010372,0.124,80.0,180,10,3,0,74.17
7378,2010644,0.1239,30.0,130,7,3,0,74.18
7379,2010948,0.1237,120.0,220,12,3,0,74.19
7380,2011252,0.1236,350.0,450,23,3,0,74.2
7381,2011556,0.1235,230.0,330,19,3,0,74.21
7382,2011836,0.1234,50.0,150,11,3,0,74.22
7383,2012116,0.1233,120.0,270,16,2,0,74.23
7384,2012468,0.1232,220.0,320,18,3,0,74.24
7385,2012724,0.123,0.0,100,7,3,0,74.25
7386,2013044,0.1229,240.0,340,19,3,0,74.26
7387,2013348,0.1228,270.0,370,20,3,0,74.27
7388,2013604,0.1227,120.0,220,12,3,0,74.28
7389,2013860,0.1226,0.0,100,7,3,0,74.29
7390,2014140,0.1224,100.0,200,13,3,0,74.3
7391,2014420,0.1223,160.0,260,16,3,0,74.31
7392,2014700,0.1222,170.0,270,16,3,0,74.32
7393,2014980,0.1221,70.0,220,14,2,0,74.33
7394,2015236,0.122,100.0,200,12,3,0,74.34
7395,2015516,0.1218,170.0,320,18,2,0,74.35
7396,2015900,0.1217,320.0,420,22,3,0,74.37
7397,2016252,0.1216,230.0,330,18,3,0,74.38
7398,2016540,0.1215,90.0,190,11,3,0,74.39
7399,2016796,0.1214,-30.0,70,4,3,0,74.4
7400,2017132,0.1212,330.0,430,22,3,0,74.41
7401,2017484,0.1211,120.0,320,18,1,0,74.42
7402,2017740,0.121,160.0,260,15,3,0,74.43
7403,2017996,0.1209,0.0,150,10,2,0,74.44
7404,2018276,0.1208,90.0,190,13,3,0,74.45
7405,2018564,0.1207,180.0,280,16,3,0,74.46
7406,2018876,0.1205,140.0,240,15,3,0,74.47
7407,2019132,0.1204,140.0,240,14,3,0,74.48
7408,2019388,0.1203,40.0,140,8,3,0,74.49
7409,2019724,0.1202,90.0,190,10,3,0,74.5
7410,2020044,0.1201,90.0,240,12,2,0,74.51
7411,2020300,0.1199,160.0,260,13,3,0,74.52
7412,2020556,0.1198,130.0,230,12,3,0,74.53
7413,2020836,0.1197,250.0,350,19,3,0,74.54
7414,2021092,0.1196,70.0,170,11,3,0,74.55
7415,2021380,0.1195,250.0,350,19,3,0,74.56
7416,2021744,0.1194,580.0,580,24,3,1,74.57
7417,2022000,0.1192,130.0,230,13,3,0,74.58
7418,2022256,0.1191,-10.0,90,4,3,0,74.59
7419,2022512,0.119,80.0,180,11,3,0,74.6
7420,2022768,0.1189,120.0,220,12,3,0,74.61
7421,2023024,0.1188,-30.0,120,8,2,0,74.62
7422,2023312,0.1186,80.0,180,10,3,0,74.63
7423,2023600,0.1185,150.0,250,14,3,0,74.64
7424,2023880,0.1184,270.0,370,20,3,0,74.65
7425,2024232,0.1183,230.0,330,18,3,0,74.66
7426,2024488,0.1182,190.0,290,16,3,0,74.67
7427,2024744,0.118,-10.0,90,6,3,0,74.68
7428,2025000,0.1179,160.0,260,15,3,0,74.69
7429,2025256,0.1178,50.0,150,10,3,0,74.7
7430,2025544,0.1177,80.0,180,11,3,0,74.71
7431,2025840,0.1176,240.0,340,19,3,0,74.72
7432,2026096,0.1175,110.0,210,13,3,0,74.73
7433,2026400,0.1173,210.0,360,20,2,0,74.74
7434,2026656,0.1172,100.0,200,12,3,0,74.75
7435,2026936,0.1171,150.0,250,15,3,0,74.75
7436,2027192,0.117,90.0,190,12,3,0,74.76
7437,2027448,0.1169,-110.0,90,6,1,0,74.78
7438,2027728,0.1167,30.0,130,7,3,0,74.79
7439,2027992,0.1166,50.0,200,12,2,0,74.8
7440,2028256,0.1165,-30.0,120,7,2,0,74.81
7441,2028560,0.1164,70.0,170,9,3,0,74.82
7442,2028880,0.1163,70.0,170,9,3,0,74.83
7443,2029184,0.1161,60.0,160,8,3,0,74.84
7444,2029488,0.116,190.0,290,16,3,0,74.85
7445,2029744,0.1159,60.0,160,10,3,0,74.86
7446,2030120,0.1158,280.0,430,22,2,0,74.88
7447,2030432,0.1157,90.0,190,10,3,0,74.89
7448,2030896,0.1156,260.0,360,18,3,0,74.91
7449,2031256,0.1154,100.0,300,15,1,0,74.92
7450,2031696,0.1153,230.0,330,17,3,0,74.94
7451,2031952,0.1152,20.0,120,7,3,0,74.95
7452,2032208,0.1151,-100.0,50,3,2,0,74.96
7453,2032464,0.115,-40.0,60,3,3,0,74.97
7454,2032720,0.1148,-90.0,10,1,3,0,74.98
7455,2033008,0.1147,-10.0,140,7,2,0,74.99
7456,2033296,0.1146,130.0,230,12,3,0,75.0
7457,2033552,0.1145,50.0,200,11,2,0,75.01
7458,2033808,0.1144,150.0,250,13,3,0,75.02
7459,2034088,0.1142,130.0,230,14,3,0,75.03
7460,2034448,0.1141,170.0,270,14,3,0,75.05
7461,2034712,0.114,10.0,110,5,3,0,75.06
7462,2034968,0.1139,110.0,210,12,3,0,75.07
7463,2035248,0.1138,30.0,180,10,2,0,75.08
7464,2035608,0.1137,240.0,390,20,2,0,75.09
7465,2035904,0.1135,170.0,370,20,1,0,75.1
7466,2036208,0.1134,70.0,170,10,3,0,75.12
7467,2036536,0.1133,170.0,270,16,3,0,75.13
7468,2036792,0.1132,60.0,160,11,3,0,75.14
7469,2037072,0.1131,160.0,260,16,3,0,75.15
7470,2037328,0.1129,70.0,170,11,3,0,75.16
7471,2037584,0.1128,10.0,210,13,1,0,75.17
7472,2037840,0.1127,110.0,210,13,3,0,75.18
7473,2038168,0.1126,150.0,250,15,3,0,75.2
7474,2038472,0.1125,210.0,360,20,2,0,75.21
7475,2038728,0.1123,130.0,230,13,3,0,75.22
7476,2038984,0.1122,20.0,120,8,3,0,75.23
7477,2039256,0.1121,120.0,220,12,3,0,75.24
7478,2039576,0.112,160.0,310,16,2,0,75.26
7479,2039832,0.1119,60.0,210,13,2,0,75.27
7480,2040088,0.1118,-80.0,70,6,2,0,75.28
7481,2040416,0.1116,220.0,320,18,3,0,75.29
7482,2040672,0.1115,100.0,200,10,3,0,75.3
7483,2040928,0.1114,50.0,150,8,3,0,75.31
7484,2041184,0.1113,130.0,230,13,3,0,75.32
7485,2041464,0.1112,150.0,300,17,2,0,75.33
7486,2041720,0.111,50.0,150,9,3,0,75.34
7487,2041976,0.1109,50.0,150,10,3,0,75.35
7488,2042256,0.1108,210.0,310,18,3,0,75.36
7489,2042512,0.1107,60.0,160,10,3,0,75.37
7490,2042792,0.1106,250.0,350,19,3,0,75.38
7491,2043072,0.1104,120.0,220,14,3,0,75.39
7492,2043328,0.1103,90.0,190,11,3,0,75.4
7493,2043584,0.1102,-80.0,120,8,1,0,75.41
7494,2043840,0.1101,40.0,140,8,3,0,75.43
7495,2044120,0.11,30.0,180,12,2,0,75.44
7496,2044376,0.1099,40.0,140,8,3,0,75.44
7497,2044696,0.1097,180.0,280,17,3,0,75.46
7498,2044976,0.1096,140.0,240,15,3,0,75.47
7499,2045303,0.1095,580.0,580,24,3,1,75.48
7500,2045583,0.1094,140.0,240,15,3,0,75.49
7501,2045863,0.1093,170.0,270,16,3,0,75.5
7502,2046161,0.1091,580.0,580,24,3,1,75.51
7503,2046481,0.109,300.0,450,23,2,0,75.53
7504,2046737,0.1089,40.0,140,8,3,0,75.53
7505,2047041,0.1088,260.0,360,20,3,0,75.55
7506,2047381,0.1087,530.0,580,24,2,1,75.56
7507,2047637,0.1085,10.0,110,7,3,0,75.57
7508,2047917,0.1084,150.0,250,16,3,0,75.58
7509,2048205,0.1083,90.0,190,10,3,0,75.59
7510,2048485,0.1082,190.0,340,19,2,0,75.6
7511,2048741,0.1081,30.0,130,9,3,0,75.61
7512,2049084,0.1079,530.0,580,24,2,1,75.62
7513,2049364,0.1078,160.0,260,16,3,0,75.63
7514,2049700,0.1077,580.0,580,24,3,1,75.65
7515,2050011,0.1076,480.0,580,24,1,1,75.66
7516,2050291,0.1075,180.0,280,17,3,0,75.67
7517,2050667,0.1074,270.0,420,22,2,0,75.68
7518,2051055,0.1072,580.0,580,24,3,1,75.7
7519,2051433,0.1071,480.0,580,24,1,1,75.71
7520,2051713,0.107,220.0,320,18,3,0,75.72
7521,2052035,0.1069,530.0,580,24,2,1,75.74
7522,2052342,0.1068,580.0,580,24,3,1,75.75
7523,2052666,0.1066,530.0,580,24,2,1,75.76
7524,2053002,0.1065,160.0,260,16,3,0,75.78
7525,2053282,0.1064,140.0,240,15,3,0,75.79
7526,2053618,0.1063,300.0,450,23,2,0,75.8
7527,2053898,0.1062,210.0,310,18,3,0,75.81
7528,2054178,0.1061,150.0,250,16,3,0,75.82
7529,2054434,0.1059,10.0,110,8,3,0,75.83
7530,2054714,0.1058,120.0,270,16,2,0,75.84
7531,2055042,0.1057,350.0,450,23,3,0,75.85
7532,2055322,0.1056,180.0,280,17,3,0,75.86
7533,2055578,0.1055,30.0,130,8,3,0,75.87
7534,2055965,0.1053,530.0,580,24,2,1,75.89
7535,2056301,0.1052,240.0,340,19,3,0,75.9
7536,2056581,0.1051,190.0,340,19,2,0,75.91
7537,2056837,0.105,50.0,150,10,3,0,75.92
7538,2057205,0.1049,190.0,390,21,1,0,75.93
7539,2057485,0.1047,220.0,320,18,3,0,75.94
7540,2057741,0.1046,90.0,190,12,3,0,75.96
7541,2058069,0.1045,350.0,450,23,3,0,75.97
7542,2058325,0.1044,40.0,190,12,2,0,75.98
7543,2058581,0.1043,50.0,150,9,3,0,75.99
7544,2058913,0.1042,200.0,450,23,0,0,76.0
7545,2059193,0.104,60.0,160,12,3,0,76.01
7546,2059449,0.1039,-70.0,130,9,1,0,76.02
7547,2059803,0.1038,580.0,580,24,3,1,76.03
7548,2060059,0.1037,-40.0,110,7,2,0,76.04
7549,2060419,0.1036,320.0,420,22,3,0,76.06
7550,2060794,0.1034,580.0,580,24,3,1,76.07
7551,2061186,0.1033,320.0,420,22,3,0,76.08
7552,2061490,0.1032,210.0,360,20,2,0,76.1
7553,2061770,0.1031,250.0,350,19,3,0,76.11
7554,2062026,0.103,20.0,120,9,3,0,76.11
7555,2062369,0.1028,580.0,580,24,3,1,76.13
7556,2062728,0.1027,530.0,580,24,2,1,76.14
7557,2062984,0.1026,60.0,160,10,3,0,76.15
7558,2063264,0.1025,210.0,310,18,3,0,76.16
7559,2063544,0.1024,90.0,190,13,3,0,76.17
7560,2063848,0.1022,230.0,330,19,3,0,76.18
7561,2064128,0.1021,160.0,310,18,2,0,76.19
7562,2064384,0.102,-10.0,140,10,2,0,76.2
7563,2064680,0.1019,210.0,310,18,3,0,76.21
7564,2064960,0.1018,160.0,260,16,3,0,76.22
7565,2065304,0.1017,160.0,310,18,2,0,76.23
7566,2065584,0.1015,240.0,340,19,3,0,76.24
7567,2065936,0.1014,210.0,310,18,3,0,76.25
7568,2066303,0.1013,580.0,580,24,3,1,76.26
7569,2066583,0.1012,180.0,280,17,3,0,76.27
7570,2066863,0.1011,180.0,280,17,3,0,76.29
7571,2067143,0.1009,130.0,230,14,3,0,76.3
7572,2067519,0.1008,480.0,580,24,1,1,76.31
7573,2067855,0.1007,180.0,280,17,3,0,76.32
7574,2068111,0.1006,60.0,160,9,3,0,76.33
7575,2068495,0.1005,250.0,450,23,1,0,76.34
7576,2068898,0.1004,530.0,580,24,2,1,76.36
7577,2069218,0.1002,130.0,230,13,3,0,76.37
7578,2069560,0.1001,580.0,580,24,3,1,76.38
7579,2069840,0.1,180.0,280,17,3,0,76.39
7580,2070120,0.0999,160.0,310,18,2,0,76.4
7581,2070400,0.0998,180.0,280,17,3,0,76.41
7582,2070680,0.0996,130.0,280,17,2,0,76.42
7583,2070984,0.0995,50.0,200,11,2,0,76.43
7584,2071264,0.0994,160.0,260,16,3,0,76.44
7585,2071544,0.0993,130.0,230,15,3,0,76.45
7586,2071824,0.0992,210.0,310,18,3,0,76.46
7587,2072131,0.099,480.0,580,24,1,1,76.47
7588,2072485,0.0989,580.0,580,24,3,1,76.48
7589,2072741,0.0988,-70.0,130,9,1,0,76.49
7590,2072997,0.0987,0.0,150,10,2,0,76.5
7591,2073277,0.0986,140.0,240,15,3,0,76.51
7592,2073603,0.0985,580.0,580,24,3,1,76.52
7593,2073883,0.0983,160.0,260,16,3,0,76.53
7594,2074187,0.0982,290.0,390,21,3,0,76.54
7595,2074467,0.0981,180.0,280,17,3,0,76.55
7596,2074723,0.098,50.0,150,9,3,0,76.56
7597,2075003,0.0979,140.0,240,15,3,0,76.57
7598,2075283,0.0977,180.0,280,17,3,0,76.58
7599,2075539,0.0976,90.0,190,11,3,0,76.59
7600,2075871,0.0975,580.0,580,24,3,1,76.6
7601,2076183,0.0974,580.0,580,24,3,1,76.62
7602,2076463,0.0973,240.0,340,19,3,0,76.63
7603,2076743,0.0971,140.0,240,15,3,0,76.64
7604,2077090,0.097,480.0,580,24,1,1,76.65
7605,2077370,0.0969,210.0,310,18,3,0,76.66
7606,2077738,0.0968,320.0,420,22,3,0,76.67
7607,2078018,0.0967,200.0,300,17,3,0,76.68
7608,2078298,0.0966,130.0,280,17,2,0,76.69
7609,2078578,0.0964,210.0,310,18,3,0,76.7
7610,2078882,0.0963,230.0,330,19,3,0,76.71
7611,2079178,0.0962,210.0,310,18,3,0,76.72
7612,2079458,0.0961,190.0,290,17,3,0,76.73
7613,2079738,0.096,190.0,290,17,3,0,76.74
7614,2080054,0.0958,580.0,580,24,3,1,76.75
7615,2080390,0.0957,240.0,390,21,2,0,76.76
7616,2080701,0.0956,530.0,580,24,2,1,76.77
7617,2081005,0.0955,20.0,170,11,2,0,76.79
7618,2081319,0.0954,580.0,580,24,3,1,76.8
7619,2081645,0.0952,530.0,580,24,2,1,76.81
7620,2081925,0.0951,180.0,280,17,3,0,76.82
7621,2082247,0.095,580.0,580,24,3,1,76.83
7622,2082593,0.0949,530.0,580,24,2,1,76.84
7623,2082929,0.0948,530.0,580,24,2,1,76.85
7624,2083185,0.0947,0.0,100,7,3,0,76.86
7625,2083465,0.0945,190.0,340,19,2,0,76.87
7626,2083780,0.0944,530.0,580,24,2,1,76.88
7627,2084060,0.0943,100.0,250,16,2,0,76.89
7628,2084340,0.0942,160.0,260,16,3,0,76.9
7629,2084620,0.0941,60.0,260,16,1,0,76.91
7630,2084900,0.0939,130.0,230,15,3,0,76.92
7631,2085180,0.0938,170.0,270,16,3,0,76.93
7632,2085436,0.0937,50.0,150,10,3,0,76.94
7633,2085716,0.0936,160.0,260,16,3,0,76.95
7634,2085996,0.0935,150.0,250,16,3,0,76.96
7635,2086252,0.0933,70.0,220,13,2,0,76.97
7636,2086508,0.0932,-60.0,140,10,1,0,76.98
7637,2086788,0.0931,170.0,320,18,2,0,76.99
7638,2087141,0.093,580.0,580,24,3,1,77.0
7639,2087421,0.0929,210.0,310,18,3,0,77.01
7640,2087701,0.0927,60.0,210,14,2,0,77.02
7641,2087957,0.0926,30.0,130,7,3,0,77.03
7642,2088237,0.0925,160.0,260,16,3,0,77.04
7643,2088517,0.0924,210.0,310,17,3,0,77.05
7644,2088813,0.0923,270.0,370,20,3,0,77.06
7645,2089093,0.0922,140.0,240,15,3,0,77.07
7646,2089413,0.092,160.0,260,16,3,0,77.08
7647,2089693,0.0919,110.0,260,16,2,0,77.09
7648,2089973,0.0918,210.0,310,18,3,0,77.1
7649,2090229,0.0917,60.0,160,11,3,0,77.11
7650,2090509,0.0916,180.0,330,18,2,0,77.12
7651,2090765,0.0914,90.0,190,12,3,0,77.13
7652,2091045,0.0913,180.0,280,17,3,0,77.14
7653,2091325,0.0912,140.0,240,15,3,0,77.15
7654,2091605,0.0911,180.0,280,17,3,0,77.16
7655,2091885,0.091,110.0,210,14,3,0,77.17
7656,2092165,0.0908,100.0,200,13,3,0,77.18
7657,2092445,0.0907,160.0,260,16,3,0,77.19
7658,2092789,0.0906,140.0,290,17,2,0,77.2
7659,2093045,0.0905,140.0,290,16,2,0,77.21
7660,2093404,0.0904,530.0,580,24,2,1,77.22
7661,2093751,0.0903,530.0,580,24,2,1,77.24
7662,2094007,0.0901,50.0,150,10,3,0,77.24
7663,2094399,0.09,300.0,450,23,2,0,77.26
7664,2094655,0.0899,-40.0,110,7,2,0,77.27
7665,2094935,0.0898,210.0,310,18,3,0,77.28
7666,2095315,0.0897,580.0,580,24,3,1,77.29
7667,2095571,0.0895,20.0,120,8,3,0,77.3
7668,2095851,0.0894,120.0,270,16,2,0,77.31
7669,2096187,0.0893,300.0,450,23,2,0,77.32
7670,2096443,0.0892,30.0,130,8,3,0,77.33
7671,2096723,0.0891,210.0,310,18,3,0,77.34
7672,2096979,0.089,0.0,100,6,3,0,77.35
7673,2097235,0.0888,-40.0,110,7,2,0,77.36
7674,2097627,0.0887,270.0,420,22,2,0,77.37
7675,2097907,0.0886,240.0,340,19,3,0,77.38
7676,2098163,0.0885,10.0,110,8,3,0,77.39
7677,2098554,0.0884,580.0,580,24,3,1,77.41
7678,2098834,0.0882,130.0,230,15,3,0,77.42
7679,2099090,0.0881,80.0,180,10,3,0,77.43
7680,2099449,0.088,530.0,580,24,2,1,77.44
7681,2099705,0.0879,0.0,100,7,3,0,77.45
7682,2099961,0.0878,80.0,230,14,2,0,77.46
7683,2100241,0.0876,150.0,250,15,3,0,77.47
7684,2100521,0.0875,190.0,340,19,2,0,77.48
7685,2100904,0.0874,480.0,580,24,1,1,77.49
7686,2101160,0.0873,120.0,220,13,3,0,77.5
7687,2101416,0.0872,-30.0,70,4,3,0,77.51
7688,2101696,0.0871,250.0,350,19,3,0,77.52
7689,2102071,0.0869,580.0,580,24,3,1,77.53
7690,2102375,0.0868,320.0,420,22,3,0,77.54
7691,2102752,0.0867,580.0,580,24,3,1,77.55
7692,2103080,0.0866,190.0,290,17,3,0,77.57
7693,2103515,0.0865,580.0,580,24,3,1,77.58
7694,2103861,0.0863,480.0,580,24,1,1,77.59
7695,2104287,0.0862,530.0,580,24,2,1,77.61
7696,2104639,0.0861,200.0,350,19,2,0,77.62
7697,2104895,0.086,50.0,200,12,2,0,77.63
7698,2105241,0.0859,580.0,580,24,3,1,77.64
7699,2105521,0.0857,240.0,340,19,3,0,77.65
7700,2105879,0.0856,530.0,580,24,2,1,77.66
7701,2106214,0.0855,480.0,580,24,1,1,77.68
7702,2106494,0.0854,190.0,290,17,3,0,77.69
7703,2106750,0.0853,70.0,170,10,3,0,77.69
7704,2107046,0.0852,90.0,190,12,3,0,77.71
7705,2107302,0.085,-10.0,90,8,3,0,77.71
7706,2107582,0.0849,140.0,290,17,2,0,77.72
7707,2107862,0.0848,140.0,240,15,3,0,77.73
7708,2108142,0.0847,120.0,270,16,2,0,77.74
7709,2108438,0.0846,80.0,180,11,3,0,77.75
7710,2108694,0.0844,110.0,210,13,3,0,77.76
7711,2108974,0.0843,160.0,310,18,2,0,77.77
7712,2109230,0.0842,90.0,190,12,3,0,77.78
7713,2109510,0.0841,150.0,250,15,3,0,77.79
7714,2109766,0.084,50.0,200,12,2,0,77.8
7715,2110118,0.0838,350.0,450,23,3,0,77.81
7716,2110398,0.0837,180.0,280,17,3,0,77.82
7717,2110654,0.0836,130.0,230,13,3,0,77.83
7718,2110934,0.0835,140.0,240,15,3,0,77.84
7719,2111190,0.0834,140.0,240,14,3,0,77.85
7720,2111446,0.0833,60.0,160,10,3,0,77.86
7721,2111726,0.0831,180.0,280,17,3,0,77.87
7722,2112030,0.083,290.0,390,21,3,0,77.88
7723,2112310,0.0829,80.0,230,15,2,0,77.89
7724,2112590,0.0828,160.0,310,17,2,0,77.9
7725,2112886,0.0827,200.0,350,19,2,0,77.91
7726,2113166,0.0825,100.0,250,15,2,0,77.92
7727,2113470,0.0824,290.0,390,21,3,0,77.93
7728,2113814,0.0823,270.0,370,20,3,0,77.95
7729,2114070,0.0822,90.0,240,14,2,0,77.95
7730,2114350,0.0821,210.0,310,17,3,0,77.96
7731,2114606,0.0819,10.0,110,5,3,0,77.97
7732,2114862,0.0818,110.0,210,12,3,0,77.98
7733,2115142,0.0817,110.0,210,14,3,0,77.99
7734,2115422,0.0816,190.0,290,17,3,0,78.0
7735,2115750,0.0815,190.0,290,17,3,0,78.01
7736,2116006,0.0814,100.0,200,12,3,0,78.02
7737,2116286,0.0812,190.0,290,17,3,0,78.03
7738,2116590,0.0811,80.0,180,10,3,0,78.04
7739,2116986,0.081,480.0,580,24,1,1,78.06
7740,2117290,0.0809,0.0,150,9,2,0,78.07
7741,2117570,0.0808,190.0,290,17,3,0,78.08
7742,2117826,0.0806,120.0,220,12,3,0,78.09
7743,2118082,0.0805,-20.0,130,9,2,0,78.1
7744,2118362,0.0804,110.0,210,14,3,0,78.11
7745,2118618,0.0803,40.0,140,10,3,0,78.12
7746,2118898,0.0802,20.0,170,12,2,0,78.13
7747,2119194,0.08,220.0,320,18,3,0,78.14
7748,2119490,0.0799,300.0,400,21,3,0,78.15
7749,2119826,0.0798,50.0,150,9,3,0,78.16
7750,2120082,0.0797,-10.0,190,12,1,0,78.17
7751,2120338,0.0796,110.0,210,13,3,0,78.18
7752,2120650,0.0795,60.0,210,11,2,0,78.19
7753,2120906,0.0793,60.0,160,10,3,0,78.2
7754,2121333,0.0792,530.0,580,24,2,1,78.21
7755,2121589,0.0791,90.0,190,12,3,0,78.22
7756,2121861,0.079,30.0,180,10,2,0,78.23
7757,2122117,0.0789,90.0,190,11,3,0,78.24
7758,2122405,0.0787,50.0,150,9,3,0,78.25
7759,2122685,0.0786,130.0,230,15,3,0,78.26
7760,2122996,0.0785,530.0,580,24,2,1,78.27
7761,2123276,0.0784,190.0,290,17,3,0,78.28
7762,2123591,0.0783,530.0,580,24,2,1,78.29
7763,2123887,0.0781,160.0,310,18,2,0,78.3
7764,2124191,0.078,150.0,300,18,2,0,78.31
7765,2124543,0.0779,530.0,580,24,2,1,78.33
7766,2124823,0.0778,240.0,340,19,3,0,78.34
7767,2125154,0.0777,580.0,580,24,3,1,78.35
7768,2125497,0.0776,530.0,580,24,2,1,78.36
7769,2125777,0.0774,160.0,260,16,3,0,78.37
7770,2126089,0.0773,580.0,580,24,3,1,78.38
7771,2126345,0.0772,-20.0,130,9,2,0,78.39
7772,2126641,0.0771,90.0,290,17,1,0,78.4
7773,2126921,0.077,180.0,280,17,3,0,78.41
7774,2127260,0.0768,480.0,580,24,1,1,78.42
7775,2127540,0.0767,130.0,230,15,3,0,78.43
7776,2127820,0.0766,170.0,270,16,3,0,78.44
7777,2128100,0.0765,240.0,340,19,3,0,78.45
7778,2128380,0.0764,210.0,310,18,3,0,78.46
7779,2128636,0.0762,20.0,170,10,2,0,78.47
7780,2128956,0.0761,350.0,450,23,3,0,78.49
7781,2129212,0.076,70.0,170,10,3,0,78.49
7782,2129523,0.0759,530.0,580,24,2,1,78.51
7783,2129835,0.0758,140.0,240,15,3,0,78.52
7784,2130146,0.0757,580.0,580,24,3,1,78.53
7785,2130426,0.0755,240.0,340,19,3,0,78.54
7786,2130706,0.0754,110.0,260,16,2,0,78.55
7787,2130962,0.0753,30.0,130,9,3,0,78.56
7788,2131339,0.0752,530.0,580,24,2,1,78.57
7789,2131595,0.0751,30.0,130,9,3,0,78.58
7790,2131875,0.0749,130.0,280,17,2,0,78.59
7791,2132155,0.0748,90.0,290,17,1,0,78.6
7792,2132483,0.0747,230.0,480,24,0,0,78.61
7793,2132763,0.0746,80.0,230,14,2,0,78.62
7794,2133019,0.0745,0.0,100,7,3,0,78.63
7795,2133307,0.0743,120.0,220,12,3,0,78.64
7796,2133587,0.0742,140.0,290,17,2,0,78.65
7797,2133867,0.0741,160.0,310,18,2,0,78.66
7798,2134123,0.074,70.0,170,10,3,0,78.67
7799,2134403,0.0739,140.0,240,15,3,0,78.68
7800,2134683,0.0737,180.0,280,17,3,0,78.69
7801,2134963,0.0736,150.0,300,17,2,0,78.7
7802,2135219,0.0735,80.0,180,11,3,0,78.71
7803,2135475,0.0734,-120.0,30,2,2,0,78.72
7804,2135817,0.0733,530.0,580,24,2,1,78.73
7805,2136097,0.0732,130.0,280,17,2,0,78.74
7806,2136432,0.073,200.0,450,23,0,0,78.75
7807,2136688,0.0729,-10.0,140,9,2,0,78.76
7808,2137024,0.0728,150.0,250,13,3,0,78.77
7809,2137280,0.0727,140.0,240,13,3,0,78.78
7810,2137536,0.0726,80.0,180,10,3,0,78.79
7811,2137872,0.0724,530.0,580,24,2,1,78.8
7812,2138152,0.0723,70.0,170,12,3,0,78.81
7813,2138488,0.0722,110.0,210,14,3,0,78.82
7814,2138744,0.0721,110.0,210,12,3,0,78.83
7815,2139000,0.072,80.0,180,10,3,0,78.84
7816,2139256,0.0718,10.0,160,10,2,0,78.85
7817,2139536,0.0717,140.0,290,17,2,0,78.86
7818,2139816,0.0716,140.0,240,15,3,0,78.87
7819,2140072,0.0715,0.0,100,6,3,0,78.88
7820,2140440,0.0714,230.0,330,18,3,0,78.89
7821,2140696,0.0713,100.0,200,12,3,0,78.9
7822,2141056,0.0711,240.0,340,19,3,0,78.92
7823,2141336,0.071,170.0,320,18,2,0,78.93
7824,2141649,0.0709,480.0,580,24,1,1,78.94
7825,2141929,0.0708,80.0,230,14,2,0,78.95
7826,2142321,0.0707,230.0,330,17,3,0,78.96
7827,2142577,0.0705,120.0,220,12,3,0,78.97
7828,2142929,0.0704,230.0,330,17,3,0,78.98
7829,2143185,0.0703,240.0,340,18,3,0,78.99
7830,2143441,0.0702,90.0,190,11,3,0,79.0
7831,2143697,0.0701,160.0,260,13,3,0,79.01
7832,2143977,0.07,150.0,300,17,2,0,79.02
7833,2144233,0.0698,100.0,200,12,3,0,79.03
7834,2144513,0.0697,160.0,260,16,3,0,79.04
7835,2144793,0.0696,120.0,220,14,3,0,79.05
7836,2145073,0.0695,240.0,340,19,3,0,79.06
7837,2145361,0.0694,90.0,190,12,3,0,79.07
7838,2145737,0.0692,530.0,580,24,2,1,79.08
7839,2146091,0.0691,480.0,580,24,1,1,79.09
7840,2146371,0.069,80.0,230,15,2,0,79.1
7841,2146651,0.0689,180.0,280,16,3,0,79.11
7842,2146907,0.0688,130.0,230,14,3,0,79.12
7843,2147187,0.0686,70.0,170,12,3,0,79.13
7844,2147507,0.0685,180.0,280,17,3,0,79.14
7845,2147787,0.0684,90.0,290,17,1,0,79.15
7846,2148067,0.0683,220.0,320,18,3,0,79.16
7847,2148387,0.0682,140.0,340,18,1,0,79.17
7848,2148739,0.0681,210.0,310,18,3,0,79.19
7849,2149075,0.0679,130.0,280,17,2,0,79.2
7850,2149331,0.0678,0.0,150,9,2,0,79.21
7851,2149635,0.0677,-70.0,180,12,0,0,79.22
7852,2149891,0.0676,140.0,240,12,3,0,79.23
7853,2150195,0.0675,-20.0,130,7,2,0,79.24
7854,2150451,0.0673,-30.0,70,4,3,0,79.25
7855,2150731,0.0672,10.0,110,9,3,0,79.26
7856,2151103,0.0671,530.0,580,24,2,1,79.27
7857,2151439,0.067,160.0,260,16,3,0,79.28
7858,2151837,0.0669,580.0,580,24,3,1,79.3
7859,2152117,0.0667,130.0,230,15,3,0,79.31
7860,2152484,0.0666,580.0,580,24,3,1,79.32
7861,2152682,0.0665,-60.0,190,11,0,0,79.33
7862,2153048,0.0664,530.0,580,24,2,1,79.34
7863,2153328,0.0663,110.0,210,13,3,0,79.35
7864,2153608,0.0662,130.0,230,15,3,0,79.36
7865,2153888,0.066,100.0,200,13,3,0,79.37
7866,2154323,0.0659,480.0,580,24,1,1,79.38
7867,2154615,0.0658,530.0,580,24,2,1,79.39
7868,2154871,0.0657,70.0,170,10,3,0,79.4
7869,2155151,0.0656,110.0,210,14,3,0,79.41
7870,2155431,0.0654,160.0,260,16,3,0,79.42
7871,2155767,0.0653,190.0,290,17,3,0,79.43
7872,2156047,0.0652,220.0,320,18,3,0,79.44
7873,2156383,0.0651,150.0,300,17,2,0,79.45
7874,2156719,0.065,180.0,280,17,3,0,79.46
7875,2156999,0.0648,230.0,330,18,3,0,79.47
7876,2157279,0.0647,190.0,290,17,3,0,79.48
7877,2157599,0.0646,190.0,340,19,2,0,79.49
7878,2157935,0.0645,100.0,250,15,2,0,79.51
7879,2158303,0.0644,320.0,420,22,3,0,79.52
7880,2158583,0.0643,50.0,200,13,2,0,79.53
7881,2158980,0.0641,580.0,580,24,3,1,79.54
7882,2159332,0.064,240.0,340,19,3,0,79.55
7883,2159612,0.0639,210.0,310,18,3,0,79.56
7884,2159948,0.0638,200.0,300,17,3,0,79.57
7885,2160320,0.0637,580.0,580,24,3,1,79.59
7886,2160656,0.0635,210.0,310,18,3,0,79.6
7887,2161008,0.0634,110.0,310,18,1,0,79.61
7888,2161344,0.0633,180.0,280,17,3,0,79.62
7889,2161624,0.0632,110.0,210,14,3,0,79.63
7890,2161928,0.0631,290.0,390,21,3,0,79.64
7891,2162184,0.0629,-10.0,90,6,3,0,79.65
7892,2162440,0.0628,30.0,130,9,3,0,79.66
7893,2162800,0.0627,300.0,450,23,2,0,79.67
7894,2163136,0.0626,180.0,280,17,3,0,79.68
7895,2163400,0.0625,60.0,160,8,3,0,79.69
7896,2163736,0.0624,130.0,280,17,2,0,79.71
7897,2164072,0.0622,90.0,240,15,2,0,79.72
7898,2164352,0.0621,70.0,170,12,3,0,79.73
7899,2164632,0.062,140.0,240,15,3,0,79.74
7900,2164968,0.0619,210.0,310,18,3,0,79.75
7901,2165248,0.0618,110.0,260,15,2,0,79.76
7902,2165528,0.0616,110.0,210,14,3,0,79.77
7903,2165824,0.0615,160.0,260,13,3,0,79.78
7904,2166080,0.0614,160.0,260,14,3,0,79.79
7905,2166464,0.0613,230.0,330,17,3,0,79.8
7906,2166832,0.0612,210.0,310,16,3,0,79.81
7907,2167088,0.061,120.0,220,13,3,0,79.82
7908,2167344,0.0609,120.0,220,13,3,0,79.83
7909,2167672,0.0608,260.0,410,21,2,0,79.84
7910,2167928,0.0607,20.0,120,8,3,0,79.85
7911,2168280,0.0606,190.0,340,19,2,0,79.86
7912,2168584,0.0605,290.0,390,21,3,0,79.87
7913,2168840,0.0603,160.0,260,15,3,0,79.88
7914,2169181,0.0602,530.0,580,24,2,1,79.89
7915,2169461,0.0601,200.0,350,19,2,0,79.9
7916,2169741,0.06,140.0,290,17,2,0,79.91
7917,2170036,0.0599,480.0,580,24,1,1,79.92
7918,2170316,0.0597,180.0,280,17,3,0,79.93
7919,2170658,0.0596,580.0,580,24,3,1,79.94
7920,2170914,0.0595,40.0,140,10,3,0,79.95
7921,2171218,0.0594,260.0,360,20,3,0,79.96
7922,2171565,0.0593,530.0,580,24,2,1,79.97
7923,2171845,0.0591,240.0,340,19,3,0,79.98
7924,2172125,0.059,220.0,320,18,3,0,79.99
7925,2172405,0.0589,170.0,320,18,2,0,80.0
7926,2172701,0.0588,220.0,320,18,3,0,80.01
7927,2173019,0.0587,580.0,580,24,3,1,80.02
7928,2173335,0.0586,580.0,580,24,3,1,80.03
7929,2173615,0.0584,240.0,340,19,3,0,80.04
7930,2173895,0.0583,180.0,280,17,3,0,80.05
7931,2174175,0.0582,150.0,250,16,3,0,80.06
7932,2174547,0.0581,580.0,580,24,3,1,80.07
7933,2174827,0.058,110.0,260,16,2,0,80.08
7934,2175107,0.0578,140.0,240,15,3,0,80.09
7935,2175411,0.0577,260.0,360,20,3,0,80.1
7936,2175738,0.0576,480.0,580,24,1,1,80.12
7937,2176018,0.0575,220.0,370,20,2,0,80.12
7938,2176338,0.0574,290.0,390,21,3,0,80.14
7939,2176618,0.0572,240.0,340,19,3,0,80.15
7940,2176898,0.0571,160.0,260,16,3,0,80.16
7941,2177178,0.057,170.0,270,16,3,0,80.17
7942,2177458,0.0569,530.0,580,24,2,1,80.18
7943,2177770,0.0568,320.0,420,22,3,0,80.19
7944,2178050,0.0567,100.0,250,16,2,0,80.2
7945,2178330,0.0565,170.0,270,16,3,0,80.21
7946,2178654,0.0564,580.0,580,24,3,1,80.23
7947,2178934,0.0563,140.0,240,15,3,0,80.24
7948,2179214,0.0562,110.0,260,16,2,0,80.25
7949,2179565,0.0561,480.0,580,24,1,1,80.26
7950,2179885,0.0559,160.0,310,18,2,0,80.27
7951,2180268,0.0558,580.0,580,24,3,1,80.29
7952,2180620,0.0557,180.0,280,17,3,0,80.3
7953,2180924,0.0556,100.0,200,12,3,0,80.31
7954,2181180,0.0555,80.0,180,11,3,0,80.32
7955,2181436,0.0553,10.0,110,8,3,0,80.33
7956,2181828,0.0552,580.0,580,24,3,1,80.34
7957,2182132,0.0551,270.0,420,22,2,0,80.35
7958,2182412,0.055,180.0,280,17,3,0,80.36
7959,2182692,0.0549,210.0,310,18,3,0,80.37
7960,2182996,0.0547,290.0,390,21,3,0,80.38
7961,2183300,0.0546,230.0,330,19,3,0,80.39
7962,2183636,0.0545,480.0,580,24,1,1,80.41
7963,2183964,0.0544,240.0,390,21,2,0,80.42
7964,2184315,0.0543,530.0,580,24,2,1,80.43
7965,2184595,0.0542,160.0,260,16,3,0,80.44
7966,2184875,0.054,130.0,230,15,3,0,80.45
7967,2185171,0.0539,140.0,240,15,3,0,80.46
7968,2185489,0.0538,580.0,580,24,3,1,80.47
7969,2185769,0.0537,100.0,250,16,2,0,80.48
7970,2186103,0.0536,580.0,580,24,3,1,80.49
7971,2186422,0.0534,530.0,580,24,2,1,80.5
7972,2186678,0.0533,50.0,150,9,3,0,80.51
7973,2186958,0.0532,130.0,230,14,3,0,80.52
7974,2187272,0.0531,530.0,580,24,2,1,80.53
7975,2187552,0.053,50.0,250,15,1,0,80.54
7976,2187832,0.0529,130.0,280,17,2,0,80.55
7977,2188227,0.0527,580.0,580,24,3,1,80.57
7978,2188567,0.0526,580.0,580,24,3,1,80.58
7979,2188871,0.0525,260.0,360,20,3,0,80.59
7980,2189207,0.0524,300.0,450,23,2,0,80.6
7981,2189623,0.0523,580.0,580,24,3,1,80.62
7982,2189991,0.0521,530.0,580,24,2,1,80.63
7983,2190359,0.052,530.0,580,24,2,1,80.64
7984,2190663,0.0519,270.0,420,22,2,0,80.65
7985,2190919,0.0518,-60.0,90,6,2,0,80.66
7986,2191199,0.0517,110.0,260,16,2,0,80.67
7987,2191479,0.0515,140.0,290,17,2,0,80.68
7988,2191783,0.0514,290.0,390,21,3,0,80.69
7989,2192135,0.0513,350.0,450,23,3,0,80.71
7990,2192478,0.0512,580.0,580,24,3,1,80.72
7991,2192777,0.0511,580.0,580,24,3,1,80.73
7992,2193113,0.051,580.0,580,24,3,1,80.74
7993,2193513,0.0508,530.0,580,24,2,1,80.75
7994,2193884,0.0507,480.0,580,24,1,1,80.77
7995,2194284,0.0506,580.0,580,24,3,1,80.78
7996,2194708,0.0505,580.0,580,24,3,1,80.8
7997,2195124,0.0504,350.0,450,23,3,0,80.81
7998,2195535,0.0502,530.0,580,24,2,1,80.83
7999,2195815,0.0501,180.0,280,17,3,0,80.84
8000,2196125,0.05,530.0,580,24,2,1,80.85
8001,2196405,0.05,180.0,280,17,3,0,80.86
8002,2196661,0.05,40.0,140,9,3,0,80.87
8003,2197069,0.05,580.0,580,24,3,1,80.88
8004,2197397,0.05,530.0,580,24,2,1,80.9
8005,2197748,0.05,580.0,580,24,3,1,80.91
8006,2198128,0.05,580.0,580,24,3,1,80.93
8007,2198408,0.05,130.0,230,15,3,0,80.94
8008,2198664,0.05,0.0,100,7,3,0,80.95
8009,2199032,0.05,260.0,360,20,3,0,80.96
8010,2199312,0.05,160.0,260,16,3,0,80.97
8011,2199628,0.05,580.0,580,24,3,1,80.98
8012,2199964,0.05,300.0,450,23,2,0,81.0
8013,2200244,0.05,210.0,310,18,3,0,81.01
8014,2200642,0.05,580.0,580,24,3,1,81.02
8015,2200990,0.05,530.0,580,24,2,1,81.04
8016,2201348,0.05,480.0,580,24,1,1,81.05
8017,2201656,0.05,580.0,580,24,3,1,81.06
8018,2201936,0.05,190.0,290,17,3,0,81.07
8019,2202216,0.05,240.0,340,19,3,0,81.08
8020,2202496,0.05,160.0,310,18,2,0,81.09
8021,2202878,0.05,480.0,580,24,1,1,81.11
8022,2203206,0.05,320.0,420,22,3,0,81.12
8023,2203486,0.05,130.0,230,15,3,0,81.13
8024,2203838,0.05,580.0,580,24,3,1,81.15
8025,2204174,0.05,220.0,370,20,2,0,81.16
8026,2204454,0.05,190.0,290,17,3,0,81.17
8027,2204830,0.05,250.0,450,23,1,0,81.18
8028,2205208,0.05,530.0,580,24,2,1,81.2
8029,2205464,0.05,80.0,180,11,3,0,81.21
8030,2205744,0.05,130.0,280,17,2,0,81.22
8031,2206024,0.05,210.0,310,18,3,0,81.23
8032,2206304,0.05,200.0,350,19,2,0,81.24
8033,2206625,0.05,580.0,580,24,3,1,81.25
8034,2206905,0.05,110.0,260,16,2,0,81.26
8035,2207185,0.05,70.0,220,14,2,0,81.27
8036,2207519,0.05,580.0,580,24,3,1,81.29
8037,2207775,0.05,30.0,130,9,3,0,81.3
8038,2208055,0.05,180.0,280,17,3,0,81.31
8039,2208335,0.05,210.0,310,18,3,0,81.32
8040,2208658,0.05,580.0,580,24,3,1,81.33
8041,2209118,0.05,530.0,580,24,2,1,81.35
8042,2209470,0.05,170.0,320,18,2,0,81.36
8043,2209774,0.05,290.0,390,21,3,0,81.37
8044,2210030,0.05,10.0,110,7,3,0,81.38
8045,2210326,0.05,180.0,280,17,3,0,81.39
8046,2210582,0.05,40.0,140,10,3,0,81.4
8047,2210862,0.05,180.0,280,17,3,0,81.41
8048,2211190,0.05,180.0,280,17,3,0,81.42
8049,2211470,0.05,110.0,260,16,2,0,81.43
8050,2211726,0.05,-40.0,160,10,1,0,81.44
8051,2212006,0.05,140.0,240,15,3,0,81.45
8052,2212286,0.05,80.0,230,15,2,0,81.46
8053,2212598,0.05,220.0,320,18,3,0,81.47
8054,2212854,0.05,40.0,140,8,3,0,81.48
8055,2213134,0.05,110.0,260,16,2,0,81.49
8056,2213390,0.05,70.0,170,10,3,0,81.5
8057,2213646,0.05,60.0,160,9,3,0,81.51
8058,2213902,0.05,-10.0,90,6,3,0,81.52
8059,2214158,0.05,90.0,240,13,2,0,81.53
8060,2214414,0.05,60.0,160,8,3,0,81.54
8061,2214694,0.05,40.0,140,8,3,0,81.55
8062,2214950,0.05,100.0,200,12,3,0,81.56
8063,2215254,0.05,210.0,360,20,2,0,81.57
8064,2215534,0.05,160.0,260,16,3,0,81.58
8065,2215838,0.05,130.0,230,15,3,0,81.59
8066,2216094,0.05,30.0,130,7,3,0,81.6
8067,2216366,0.05,10.0,210,13,1,0,81.61
8068,2216622,0.05,0.0,100,6,3,0,81.61
8069,2216878,0.05,30.0,130,7,3,0,81.62
8070,2217343,0.05,580.0,580,24,3,1,81.64
8071,2217759,0.05,280.0,380,19,3,0,81.65
8072,2218111,0.05,110.0,210,11,3,0,81.67
8073,2218367,0.05,50.0,150,8,3,0,81.68
8074,2218623,0.05,40.0,190,11,2,0,81.68
8075,2218999,0.05,170.0,270,16,3,0,81.7
8076,2219263,0.05,100.0,250,15,2,0,81.71
8077,2219519,0.05,100.0,200,12,3,0,81.72
8078,2219775,0.05,-70.0,30,2,3,0,81.73
8079,2220031,0.05,110.0,210,13,3,0,81.73
8080,2220319,0.05,150.0,250,13,3,0,81.74
8081,2220591,0.05,-20.0,80,4,3,0,81.75
8082,2220847,0.05,280.0,380,19,3,0,81.76
8083,2221103,0.05,60.0,210,11,2,0,81.77
8084,2221391,0.05,40.0,140,7,3,0,81.78
8085,2221671,0.05,210.0,310,17,3,0,81.79
8086,2221927,0.05,140.0,240,15,3,0,81.8
8087,2222431,0.05,270.0,420,22,2,0,81.82
8088,2222687,0.05,170.0,270,15,3,0,81.83
8089,2222943,0.05,110.0,210,10,3,0,81.84
8090,2223199,0.05,20.0,170,10,2,0,81.85
8091,2223471,0.05,30.0,130,6,3,0,81.86
8092,2223751,0.05,140.0,240,13,3,0,81.87
8093,2224007,0.05,0.0,100,6,3,0,81.87
8094,2224263,0.05,-40.0,60,4,3,0,81.88
8095,2224543,0.05,40.0,240,15,1,0,81.89
8096,2224823,0.05,150.0,250,15,3,0,81.9
8097,2225103,0.05,70.0,170,12,3,0,81.91
8098,2225367,0.05,150.0,250,14,3,0,81.92
8099,2225623,0.05,160.0,310,15,2,0,81.93
8100,2225991,0.05,110.0,210,11,3,0,81.94
8101,2226247,0.05,-60.0,40,3,3,0,81.95
8102,2226567,0.05,180.0,280,14,3,0,81.96
8103,2226871,0.05,40.0,140,8,3,0,81.98
8104,2227127,0.05,-40.0,110,6,2,0,81.98
8105,2227383,0.05,160.0,260,14,3,0,81.99
8106,2227639,0.05,30.0,180,10,2,0,82.0
8107,2227895,0.05,40.0,140,8,3,0,82.01
8108,2228151,0.05,50.0,150,8,3,0,82.02
8109,2228463,0.05,150.0,250,13,3,0,82.03
8110,2228719,0.05,30.0,130,8,3,0,82.04
8111,2229023,0.05,250.0,350,19,3,0,82.05
8112,2229279,0.05,90.0,190,11,3,0,82.06
8113,2229591,0.05,230.0,330,18,3,0,82.07
8114,2229911,0.05,140.0,240,15,3,0,82.08
8115,2230199,0.05,70.0,170,11,3,0,82.09
8116,2230614,0.05,480.0,580,24,1,1,82.11
8117,2230870,0.05,60.0,210,12,2,0,82.12
8118,2231182,0.05,270.0,370,20,3,0,82.13
8119,2231438,0.05,-20.0,130,7,2,0,82.14
8120,2231838,0.05,270.0,420,22,2,0,82.15
8121,2232094,0.05,110.0,210,12,3,0,82.16
8122,2232398,0.05,80.0,180,10,3,0,82.17
8123,2232654,0.05,80.0,180,10,3,0,82.18
8124,2233070,0.05,200.0,450,23,0,0,82.19
8125,2233374,0.05,200.0,300,16,3,0,82.2
8126,2233769,0.05,580.0,580,24,3,1,82.22
8127,2234185,0.05,350.0,450,23,3,0,82.23
8128,2234569,0.05,320.0,420,22,3,0,82.25
8129,2234944,0.05,530.0,580,24,2,1,82.26
8130,2235224,0.05,180.0,280,16,3,0,82.27
8131,2235560,0.05,220.0,320,18,3,0,82.28
8132,2235950,0.05,480.0,580,24,1,1,82.29
8133,2236238,0.05,270.0,370,20,3,0,82.3
8134,2236622,0.05,530.0,580,24,2,1,82.32
8135,2236958,0.05,170.0,320,18,2,0,82.33
8136,2237384,0.05,580.0,580,24,3,1,82.34
8137,2237664,0.05,130.0,280,17,2,0,82.35
8138,2237944,0.05,170.0,270,16,3,0,82.36
8139,2238280,0.05,230.0,430,22,1,0,82.37
8140,2238536,0.05,90.0,190,12,3,0,82.38
8141,2238972,0.05,480.0,580,24,1,1,82.4
8142,2239308,0.05,140.0,290,17,2,0,82.41
8143,2239612,0.05,260.0,360,20,3,0,82.42
8144,2239948,0.05,250.0,350,19,3,0,82.43
8145,2240204,0.05,160.0,260,13,3,0,82.44
8146,2240484,0.05,80.0,180,12,3,0,82.45
8147,2240780,0.05,140.0,240,13,3,0,82.46
8148,2241044,0.05,50.0,250,14,1,0,82.47
8149,2241324,0.05,180.0,280,17,3,0,82.48
8150,2241580,0.05,40.0,140,9,3,0,82.48
8151,2241836,0.05,20.0,120,8,3,0,82.49
8152,2242156,0.05,170.0,270,16,3,0,82.5
8153,2242444,0.05,110.0,210,13,3,0,82.51
8154,2242764,0.05,300.0,400,21,3,0,82.52
8155,2243044,0.05,210.0,310,17,3,0,82.53
8156,2243300,0.05,140.0,240,13,3,0,82.54
8157,2243580,0.05,100.0,250,16,2,0,82.55
8158,2243836,0.05,40.0,140,10,3,0,82.56
8159,2244092,0.05,60.0,160,10,3,0,82.57
8160,2244372,0.05,90.0,190,13,3,0,82.58
8161,2244759,0.05,580.0,580,24,3,1,82.59
8162,2245151,0.05,320.0,420,22,3,0,82.61
8163,2245407,0.05,40.0,140,8,3,0,82.61
8164,2245663,0.05,60.0,160,9,3,0,82.62
8165,2245919,0.05,-10.0,140,9,2,0,82.63
8166,2246175,0.05,-20.0,130,8,2,0,82.64
8167,2246511,0.05,140.0,240,12,3,0,82.65
8168,2246767,0.05,10.0,110,7,3,0,82.66
8169,2247087,0.05,300.0,400,21,3,0,82.67
8170,2247367,0.05,170.0,270,16,3,0,82.68
8171,2247647,0.05,80.0,230,14,2,0,82.69
8172,2248006,0.05,580.0,580,24,3,1,82.7
8173,2248342,0.05,210.0,360,19,2,0,82.71
8174,2248622,0.05,270.0,370,20,3,0,82.72
8175,2248902,0.05,150.0,250,15,3,0,82.73
8176,2249158,0.05,20.0,170,8,2,0,82.74
8177,2249414,0.05,130.0,230,13,3,0,82.75
8178,2249734,0.05,220.0,320,18,3,0,82.76
8179,2250014,0.05,170.0,320,18,2,0,82.77
8180,2250294,0.05,170.0,270,14,3,0,82.78
8181,2250638,0.05,180.0,280,17,3,0,82.79
8182,2250958,0.05,40.0,140,8,3,0,82.8
8183,2251238,0.05,120.0,220,14,3,0,82.81
8184,2251552,0.05,530.0,580,24,2,1,82.82
8185,2251856,0.05,180.0,280,15,3,0,82.83
8186,2252112,0.05,10.0,110,8,3,0,82.84
8187,2252368,0.05,30.0,130,8,3,0,82.85
8188,2252624,0.05,-60.0,140,9,1,0,82.86
8189,2252880,0.05,30.0,130,9,3,0,82.87
8190,2253136,0.05,20.0,120,9,3,0,82.88
8191,2253392,0.05,100.0,200,10,3,0,82.88
8192,2253648,0.05,100.0,250,14,2,0,82.89
8193,2253928,0.05,190.0,290,17,3,0,82.9
8194,2254184,0.05,100.0,200,10,3,0,82.91
8195,2254440,0.05,150.0,250,14,3,0,82.92
8196,2254696,0.05,130.0,230,12,3,0,82.93
8197,2254952,0.05,80.0,180,11,3,0,82.94
8198,2255208,0.05,-10.0,190,10,1,0,82.95
8199,2255480,0.05,-10.0,90,5,3,0,82.95
8200,2255736,0.05,100.0,200,12,3,0,82.96
8201,2255992,0.05,20.0,120,9,3,0,82.97
8202,2256296,0.05,100.0,200,11,3,0,82.98
8203,2256552,0.05,-80.0,20,2,3,0,82.99
8204,2256808,0.05,20.0,120,7,3,0,83.0
8205,2257112,0.05,150.0,250,14,3,0,83.01
8206,2257368,0.05,100.0,200,12,3,0,83.02
8207,2257688,0.05,220.0,370,20,2,0,83.03
8208,2257976,0.05,130.0,230,13,3,0,83.04
8209,2258232,0.05,80.0,180,11,3,0,83.05
8210,2258488,0.05,40.0,140,10,3,0,83.06
8211,2258792,0.05,20.0,220,13,1,0,83.07
8212,2259072,0.05,90.0,240,15,2,0,83.08
8213,2259432,0.05,200.0,350,19,2,0,83.09
8214,2259728,0.05,70.0,170,10,3,0,83.1
8215,2259984,0.05,60.0,210,13,2,0,83.11
8216,2260272,0.05,40.0,140,8,3,0,83.12
8217,2260528,0.05,100.0,200,12,3,0,83.13
8218,2260864,0.05,290.0,390,20,3,0,83.14
8219,2261152,0.05,50.0,150,8,3,0,83.15
8220,2261552,0.05,580.0,580,24,3,1,83.16
8221,2261926,0.05,580.0,580,24,3,1,83.17
8222,2262278,0.05,120.0,320,18,1,0,83.18
8223,2262558,0.05,220.0,320,18,3,0,83.19
8224,2262838,0.05,140.0,240,15,3,0,83.2
8225,2263118,0.05,170.0,270,16,3,0,83.21
8226,2263422,0.05,110.0,210,11,3,0,83.22
8227,2263782,0.05,220.0,370,20,2,0,83.24
8228,2264038,0.05,40.0,140,9,3,0,83.24
8229,2264294,0.05,80.0,180,12,3,0,83.25
8230,2264558,0.05,90.0,190,12,3,0,83.26
8231,2264830,0.05,70.0,170,9,3,0,83.27
8232,2265221,0.05,530.0,580,24,2,1,83.28
8233,2265509,0.05,80.0,180,11,3,0,83.29
8234,2265821,0.05,220.0,320,18,3,0,83.3
8235,2266157,0.05,140.0,290,17,2,0,83.32
8236,2266461,0.05,200.0,300,17,3,0,83.33
8237,2266717,0.05,60.0,160,10,3,0,83.34
8238,2266997,0.05,140.0,240,15,3,0,83.34
8239,2267253,0.05,90.0,190,12,3,0,83.35
8240,2267509,0.05,30.0,130,9,3,0,83.36
8241,2267765,0.05,170.0,270,15,3,0,83.37
8242,2268053,0.05,20.0,120,6,3,0,83.38
8243,2268325,0.05,-30.0,70,4,3,0,83.39
8244,2268613,0.05,120.0,220,12,3,0,83.4
8245,2268869,0.05,30.0,130,7,3,0,83.41
8246,2269125,0.05,210.0,310,16,3,0,83.42
8247,2269381,0.05,40.0,190,11,2,0,83.43
8248,2269637,0.05,120.0,220,13,3,0,83.44
8249,2269917,0.05,240.0,340,19,3,0,83.44
8250,2270173,0.05,10.0,110,8,3,0,83.45
8251,2270429,0.05,160.0,260,15,3,0,83.46
8252,2270821,0.05,230.0,380,20,2,0,83.48
8253,2271125,0.05,50.0,150,8,3,0,83.49
8254,2271501,0.05,150.0,300,15,2,0,83.5
8255,2271805,0.05,70.0,170,9,3,0,83.51
8256,2272125,0.05,130.0,230,12,3,0,83.52
8257,2272381,0.05,50.0,150,8,3,0,83.53
8258,2272637,0.05,70.0,170,10,3,0,83.54
8259,2272917,0.05,60.0,210,11,2,0,83.55
8260,2273173,0.05,90.0,190,10,3,0,83.55
8261,2273429,0.05,80.0,180,12,3,0,83.56
8262,2273685,0.05,160.0,260,15,3,0,83.57
8263,2273941,0.05,140.0,240,13,3,0,83.58
8264,2274325,0.05,240.0,390,20,2,0,83.59
8265,2274669,0.05,170.0,270,14,3,0,83.61
8266,2274973,0.05,10.0,160,9,2,0,83.62
8267,2275301,0.05,90.0,190,10,3,0,83.63
8268,2275581,0.05,130.0,230,15,3,0,83.64
8269,2275837,0.05,190.0,290,16,3,0,83.65
8270,2276093,0.05,90.0,240,14,2,0,83.65
8271,2276373,0.05,140.0,240,15,3,0,83.66
8272,2276653,0.05,140.0,290,17,2,0,83.67
8273,2276909,0.05,130.0,230,14,3,0,83.68
8274,2277189,0.05,180.0,280,17,3,0,83.69
8275,2277445,0.05,-50.0,50,2,3,0,83.7
8276,2277701,0.05,0.0,150,9,2,0,83.71
8277,2278037,0.05,150.0,300,14,2,0,83.72
8278,2278437,0.05,290.0,390,20,3,0,83.73
8279,2278693,0.05,80.0,180,11,3,0,83.74
8280,2278949,0.05,50.0,150,9,3,0,83.75
8281,2279205,0.05,20.0,120,9,3,0,83.76
8282,2279485,0.05,150.0,250,16,3,0,83.77
8283,2279741,0.05,0.0,100,6,3,0,83.78
8284,2280013,0.05,-40.0,110,7,2,0,83.79
8285,2280269,0.05,30.0,130,8,3,0,83.79
8286,2280529,0.05,-120.0,130,8,0,0,83.8
8287,2280833,0.05,60.0,210,11,2,0,83.81
8288,2281089,0.05,0.0,100,6,3,0,83.82
8289,2281345,0.05,150.0,250,15,3,0,83.83
8290,2281601,0.05,-10.0,140,8,2,0,83.84
8291,2281857,0.05,-10.0,140,10,2,0,83.85
8292,2282137,0.05,150.0,250,16,3,0,83.86
8293,2282441,0.05,320.0,420,22,3,0,83.87
8294,2282697,0.05,30.0,180,11,2,0,83.88
8295,2282953,0.05,140.0,240,14,3,0,83.89
8296,2283209,0.05,100.0,200,13,3,0,83.89
8297,2283465,0.05,20.0,170,10,2,0,83.9
8298,2283721,0.05,20.0,120,9,3,0,83.91
8299,2283977,0.05,-100.0,50,3,2,0,83.92
8300,2284233,0.05,-30.0,70,4,3,0,83.93
8301,2284489,0.05,70.0,170,11,3,0,83.94
8302,2284745,0.05,190.0,290,15,3,0,83.95
8303,2285025,0.05,200.0,300,17,3,0,83.96
8304,2285329,0.05,60.0,160,8,3,0,83.97
8305,2285641,0.05,70.0,170,10,3,0,83.98
8306,2285897,0.05,-30.0,120,9,2,0,83.98
8307,2286153,0.05,140.0,240,13,3,0,83.99
8308,2286473,0.05,190.0,290,15,3,0,84.0
8309,2286729,0.05,-40.0,110,6,2,0,84.01
8310,2287001,0.05,150.0,250,14,3,0,84.02
8311,2287257,0.05,-50.0,100,7,2,0,84.03
8312,2287513,0.05,40.0,140,9,3,0,84.04
8313,2287769,0.05,130.0,280,13,2,0,84.05
8314,2288049,0.05,120.0,220,12,3,0,84.06
8315,2288337,0.05,90.0,240,13,2,0,84.07
8316,2288713,0.05,170.0,270,14,3,0,84.08
8317,2288977,0.05,-30.0,70,4,3,0,84.09
8318,2289265,0.05,40.0,140,8,3,0,84.1
8319,2289569,0.05,40.0,140,8,3,0,84.11
8320,2289897,0.05,10.0,160,10,2,0,84.12
8321,2290153,0.05,-30.0,70,5,3,0,84.13
8322,2290409,0.05,-140.0,10,1,2,0,84.14
8323,2290665,0.05,-120.0,30,2,2,0,84.15
8324,2290921,0.05,-70.0,30,3,3,0,84.15
8325,2291217,0.05,20.0,170,11,2,0,84.16
8326,2291505,0.05,-30.0,120,7,2,0,84.17
8327,2291793,0.05,0.0,150,8,2,0,84.18
8328,2292065,0.05,10.0,110,6,3,0,84.19
8329,2292321,0.05,-40.0,60,4,3,0,84.2
8330,2292593,0.05,20.0,120,7,3,0,84.21
8331,2292865,0.05,-40.0,110,6,2,0,84.22
8332,2293121,0.05,20.0,120,6,3,0,84.23
8333,2293377,0.05,30.0,130,7,3,0,84.24
8334,2293633,0.05,-30.0,120,7,2,0,84.25
8335,2293985,0.05,190.0,290,14,3,0,84.26
8336,2294289,0.05,240.0,340,19,3,0,84.27
8337,2294545,0.05,200.0,300,14,3,0,84.28
8338,2294801,0.05,-20.0,130,9,2,0,84.29
8339,2295161,0.05,190.0,340,19,2,0,84.3
8340,2295497,0.05,180.0,280,17,3,0,84.31
8341,2295833,0.05,180.0,280,17,3,0,84.32
8342,2296137,0.05,260.0,360,20,3,0,84.33
8343,2296417,0.05,150.0,300,17,2,0,84.34
8344,2296737,0.05,150.0,250,15,3,0,84.35
8345,2296993,0.05,60.0,210,13,2,0,84.36
8346,2297249,0.05,130.0,230,12,3,0,84.37
8347,2297505,0.05,200.0,300,17,3,0,84.38
8348,2297761,0.05,-30.0,70,4,3,0,84.39
8349,2298017,0.05,60.0,210,12,2,0,84.39
8350,2298273,0.05,50.0,150,10,3,0,84.4
8351,2298553,0.05,200.0,300,17,3,0,84.41
8352,2298945,0.05,580.0,580,24,3,1,84.43
8353,2299313,0.05,580.0,580,24,3,1,84.44
8354,2299649,0.05,250.0,400,21,2,0,84.45
8355,2299953,0.05,180.0,330,19,2,0,84.46
8356,2300174,0.05,-110.0,140,8,0,0,84.47
8357,2300510,0.05,270.0,370,20,3,0,84.48
8358,2300790,0.05,100.0,200,13,3,0,84.49
8359,2301169,0.05,530.0,580,24,2,1,84.5
8360,2301449,0.05,140.0,290,17,2,0,84.51
8361,2301785,0.05,160.0,310,18,2,0,84.52
8362,2302121,0.05,190.0,290,17,3,0,84.53
8363,2302377,0.05,110.0,210,12,3,0,84.54
8364,2302705,0.05,180.0,280,16,3,0,84.55
8365,2303081,0.05,580.0,580,24,3,1,84.57
8366,2303337,0.05,-20.0,130,9,2,0,84.57
8367,2303673,0.05,210.0,310,18,3,0,84.59
8368,2304083,0.05,530.0,580,24,2,1,84.6
8369,2304339,0.05,90.0,190,12,3,0,84.61
8370,2304691,0.05,160.0,260,16,3,0,84.62
8371,2305030,0.05,580.0,580,24,3,1,84.63
8372,2305366,0.05,160.0,260,16,3,0,84.64
8373,2305746,0.05,580.0,580,24,3,1,84.66
8374,2306113,0.05,580.0,580,24,3,1,84.67
8375,2306499,0.05,580.0,580,24,3,1,84.68
8376,2306788,0.05,-30.0,220,14,0,0,84.69
8377,2307166,0.05,580.0,580,24,3,1,84.7
8378,2307502,0.05,110.0,260,16,2,0,84.71
8379,2307852,0.05,530.0,580,24,2,1,84.73
8380,2308175,0.05,200.0,450,23,0,0,84.74
8381,2308455,0.05,140.0,240,15,3,0,84.75
8382,2308823,0.05,580.0,580,24,3,1,84.76
8383,2309103,0.05,90.0,190,13,3,0,84.77
8384,2309471,0.05,210.0,310,18,3,0,84.78
8385,2309823,0.05,140.0,240,15,3,0,84.79
8386,2310103,0.05,160.0,260,16,3,0,84.8
8387,2310383,0.05,110.0,210,13,3,0,84.81
8388,2310751,0.05,120.0,270,16,2,0,84.82
8389,2311103,0.05,210.0,310,18,3,0,84.84
8390,2311439,0.05,160.0,260,16,3,0,84.85
8391,2311719,0.05,30.0,130,10,3,0,84.86
8392,2312071,0.05,150.0,250,15,3,0,84.87
8393,2312407,0.05,330.0,430,22,3,0,84.88
8394,2312663,0.05,160.0,260,14,3,0,84.89
8395,2312999,0.05,270.0,370,20,3,0,84.9
8396,2313279,0.05,0.0,150,11,2,0,84.91
8397,2313615,0.05,240.0,340,19,3,0,84.92
8398,2313895,0.05,120.0,220,14,3,0,84.93
8399,2314175,0.05,240.0,340,19,3,0,84.94
8400,2314559,0.05,480.0,580,24,1,1,84.95
8401,2314935,0.05,530.0,580,24,2,1,84.97
8402,2315287,0.05,70.0,220,14,2,0,84.98
8403,2315655,0.05,290.0,390,21,3,0,84.99
8404,2315991,0.05,80.0,280,17,1,0,85.0
8405,2316327,0.05,190.0,290,17,3,0,85.01
8406,2316639,0.05,170.0,320,18,2,0,85.02
8407,2316919,0.05,110.0,210,14,3,0,85.03
8408,2317335,0.05,480.0,580,24,1,1,85.05
8409,2317721,0.05,530.0,580,24,2,1,85.06
8410,2318001,0.05,150.0,250,15,3,0,85.07
8411,2318305,0.05,350.0,450,23,3,0,85.08
8412,2318669,0.05,580.0,580,24,3,1,85.1
8413,2319045,0.05,350.0,450,23,3,0,85.11
8414,2319412,0.05,530.0,580,24,2,1,85.12
8415,2319732,0.05,350.0,450,23,3,0,85.13
8416,2320068,0.05,150.0,250,15,3,0,85.15
8417,2320348,0.05,180.0,280,17,3,0,85.16
8418,2320684,0.05,130.0,280,17,2,0,85.17
8419,2320893,0.05,-80.0,170,9,0,0,85.18
8420,2321173,0.05,140.0,290,17,2,0,85.19
8421,2321453,0.05,10.0,210,14,1,0,85.2
8422,2321757,0.05,90.0,240,12,2,0,85.21
8423,2322053,0.05,170.0,270,16,3,0,85.22
8424,2322373,0.05,110.0,260,14,2,0,85.23
8425,2322685,0.05,200.0,350,19,2,0,85.24
8426,2322941,0.05,60.0,210,13,2,0,85.25
8427,2323221,0.05,160.0,260,16,3,0,85.26
8428,2323501,0.05,90.0,240,15,2,0,85.27
8429,2323781,0.05,90.0,190,13,3,0,85.28
8430,2324197,0.05,580.0,580,24,3,1,85.3
8431,2324603,0.05,580.0,580,24,3,1,85.31
8432,2324939,0.05,160.0,260,16,3,0,85.32
8433,2325235,0.05,220.0,370,20,2,0,85.34
8434,2325571,0.05,160.0,260,16,3,0,85.35
8435,2325907,0.05,130.0,280,16,2,0,85.36
8436,2326374,0.05,200.0,450,23,0,0,85.38
8437,2326654,0.05,60.0,210,14,2,0,85.39
8438,2326934,0.05,180.0,280,17,3,0,85.4
8439,2327214,0.05,180.0,280,17,3,0,85.41
8440,2327550,0.05,240.0,340,19,3,0,85.42
8441,2327830,0.05,130.0,230,14,3,0,85.43
8442,2328182,0.05,250.0,350,19,3,0,85.45
8443,2328534,0.05,80.0,280,17,1,0,85.46
8444,2328814,0.05,70.0,220,14,2,0,85.47
8445,2329190,0.05,580.0,580,24,3,1,85.48
8446,2329574,0.05,580.0,580,24,3,1,85.5
8447,2329926,0.05,180.0,280,17,3,0,85.51
8448,2330338,0.05,530.0,580,24,2,1,85.52
8449,2330764,0.05,580.0,580,24,3,1,85.54
8450,2331179,0.05,530.0,580,24,2,1,85.55
8451,2331459,0.05,110.0,210,14,3,0,85.57
8452,2331795,0.05,270.0,370,20,3,0,85.58
8453,2332163,0.05,80.0,280,17,1,0,85.59
8454,2332515,0.05,140.0,240,15,3,0,85.6
8455,2332899,0.05,580.0,580,24,3,1,85.62
8456,2333235,0.05,70.0,220,14,2,0,85.63
8457,2333515,0.05,120.0,220,15,3,0,85.64
8458,2333867,0.05,150.0,350,19,1,0,85.65
8459,2334266,0.05,580.0,580,24,3,1,85.67
8460,2334522,0.05,40.0,140,10,3,0,85.68
8461,2334854,0.05,480.0,580,24,1,1,85.69
8462,2335134,0.05,170.0,270,16,3,0,85.7
8463,2335502,0.05,350.0,450,23,3,0,85.71
8464,2335866,0.05,530.0,580,24,2,1,85.72
8465,2336196,0.05,480.0,580,24,1,1,85.74
8466,2336476,0.05,70.0,220,14,2,0,85.75
8467,2336732,0.05,-30.0,120,9,2,0,85.76
8468,2337102,0.05,530.0,580,24,2,1,85.77
8469,2337430,0.05,350.0,450,23,3,0,85.78
8470,2337766,0.05,530.0,580,24,2,1,85.79
8471,2338154,0.05,580.0,580,24,3,1,85.81
8472,2338450,0.05,160.0,260,16,3,0,85.82
8473,2338818,0.05,210.0,310,18,3,0,85.83
8474,2339180,0.05,530.0,580,24,2,1,85.84
8475,2339556,0.05,530.0,580,24,2,1,85.86
8476,2339836,0.05,130.0,280,17,2,0,85.87
8477,2340204,0.05,240.0,390,21,2,0,85.88
8478,2340484,0.05,180.0,280,17,3,0,85.89
8479,2340870,0.05,580.0,580,24,3,1,85.91
8480,2341202,0.05,480.0,580,24,1,1,85.92
8481,2341562,0.05,580.0,580,24,3,1,85.93
8482,2341950,0.05,530.0,580,24,2,1,85.94
8483,2342350,0.05,160.0,360,20,1,0,85.96
8484,2342728,0.05,530.0,580,24,2,1,85.97
8485,2343112,0.05,580.0,580,24,3,1,85.99
8486,2343466,0.05,580.0,580,24,3,1,86.0
8487,2343860,0.05,530.0,580,24,2,1,86.01
8488,2344236,0.05,270.0,420,22,2,0,86.03
8489,2344516,0.05,150.0,250,16,3,0,86.04
8490,2344882,0.05,480.0,580,24,1,1,86.05
8491,2345234,0.05,270.0,370,20,3,0,86.06
8492,2345490,0.05,140.0,240,14,3,0,86.07
8493,2345770,0.05,200.0,300,17,3,0,86.08
8494,2346050,0.05,180.0,280,17,3,0,86.09
8495,2346433,0.05,530.0,580,24,2,1,86.11
8496,2346713,0.05,120.0,220,14,3,0,86.12
8497,2347100,0.05,530.0,580,24,2,1,86.13
8498,2347467,0.05,530.0,580,24,2,1,86.14
8499,2347819,0.05,220.0,370,20,2,0,86.16
8500,2348155,0.05,240.0,340,19,3,0,86.17
8501,2348491,0.05,140.0,240,15,3,0,86.18
8502,2348747,0.05,-10.0,90,6,3,0,86.19
8503,2349027,0.05,240.0,340,19,3,0,86.2
8504,2349283,0.05,-20.0,130,8,2,0,86.21
8505,2349539,0.05,160.0,260,14,3,0,86.22
8506,2349899,0.05,250.0,350,19,3,0,86.23
8507,2350274,0.05,530.0,580,24,2,1,86.25
8508,2350530,0.05,90.0,240,14,2,0,86.26
8509,2350882,0.05,150.0,300,17,2,0,86.27
8510,2351212,0.05,530.0,580,24,2,1,86.28
8511,2351516,0.05,320.0,420,22,3,0,86.29
8512,2351796,0.05,120.0,220,14,3,0,86.3
8513,2352132,0.05,120.0,220,14,3,0,86.31
8514,2352468,0.05,140.0,240,15,3,0,86.33
8515,2352846,0.05,530.0,580,24,2,1,86.34
8516,2353182,0.05,80.0,280,17,1,0,86.35
8517,2353518,0.05,160.0,260,16,3,0,86.36
8518,2353774,0.05,40.0,190,12,2,0,86.37
8519,2354054,0.05,130.0,230,15,3,0,86.38
8520,2354334,0.05,170.0,270,16,3,0,86.39
8521,2354653,0.05,580.0,580,24,3,1,86.4
8522,2355039,0.05,530.0,580,24,2,1,86.42
8523,2355406,0.05,530.0,580,24,2,1,86.43
8524,2355781,0.05,580.0,580,24,3,1,86.45
8525,2356061,0.05,110.0,210,14,3,0,86.46
8526,2356341,0.05,110.0,210,14,3,0,86.47
8527,2356621,0.05,60.0,210,14,2,0,86.48
8528,2356877,0.05,80.0,180,12,3,0,86.49
8529,2357199,0.05,530.0,580,24,2,1,86.5
8530,2357535,0.05,180.0,280,17,3,0,86.51
8531,2357871,0.05,140.0,290,17,2,0,86.52
8532,2358246,0.05,530.0,580,24,2,1,86.53
8533,2358602,0.05,530.0,580,24,2,1,86.55
8534,2358977,0.05,480.0,580,24,1,1,86.56
8535,2359345,0.05,320.0,420,22,3,0,86.57
8536,2359625,0.05,70.0,220,14,2,0,86.58
8537,2359953,0.05,240.0,390,21,2,0,86.6
8538,2360233,0.05,140.0,240,15,3,0,86.61
8539,2360537,0.05,290.0,390,21,3,0,86.62
8540,2360859,0.05,580.0,580,24,3,1,86.63
8541,2361181,0.05,580.0,580,24,3,1,86.64
8542,2361461,0.05,160.0,260,16,3,0,86.65
8543,2361717,0.05,30.0,130,9,3,0,86.66
8544,2361997,0.05,0.0,150,11,2,0,86.67
8545,2362277,0.05,70.0,270,16,1,0,86.68
8546,2362557,0.05,160.0,310,18,2,0,86.69
8547,2362893,0.05,130.0,280,17,2,0,86.7
8548,2363225,0.05,580.0,580,24,3,1,86.72
8549,2363593,0.05,260.0,360,20,3,0,86.73
8550,2363873,0.05,120.0,220,14,3,0,86.74
8551,2364209,0.05,120.0,220,14,3,0,86.75
8552,2364572,0.05,580.0,580,24,3,1,86.76
8553,2364868,0.05,190.0,290,17,3,0,86.78
8554,2365124,0.05,50.0,150,8,3,0,86.78
8555,2365380,0.05,30.0,130,8,3,0,86.79
8556,2365636,0.05,180.0,280,15,3,0,86.8
8557,2365892,0.05,60.0,160,10,3,0,86.81
8558,2366172,0.05,160.0,260,16,3,0,86.82
8559,2366452,0.05,190.0,290,17,3,0,86.83
8560,2366740,0.05,80.0,280,15,1,0,86.84
8561,2367052,0.05,250.0,350,19,3,0,86.85
8562,2367428,0.05,480.0,580,24,1,1,86.87
8563,2367748,0.05,170.0,320,18,2,0,86.88
8564,2368052,0.05,20.0,170,11,2,0,86.89
8565,2368308,0.05,120.0,270,15,2,0,86.9
8566,2368604,0.05,80.0,230,14,2,0,86.91
8567,2368868,0.05,160.0,260,15,3,0,86.92
8568,2369164,0.05,80.0,180,9,3,0,86.93
8569,2369468,0.05,110.0,210,11,3,0,86.94
8570,2369724,0.05,210.0,310,16,3,0,86.95
8571,2369980,0.05,90.0,240,14,2,0,86.96
8572,2370236,0.05,20.0,220,12,1,0,86.97
8573,2370588,0.05,170.0,270,13,3,0,86.98
8574,2370844,0.05,120.0,220,13,3,0,86.99
8575,2371100,0.05,50.0,200,10,2,0,87.0
8576,2371356,0.05,60.0,210,12,2,0,87.01
8577,2371612,0.05,-10.0,90,5,3,0,87.02
8578,2371868,0.05,80.0,180,12,3,0,87.03
8579,2372188,0.05,180.0,280,15,3,0,87.04
8580,2372532,0.05,80.0,280,16,1,0,87.05
8581,2372788,0.05,180.0,280,15,3,0,87.06
8582,2373044,0.05,80.0,230,13,2,0,87.07
8583,2373300,0.05,100.0,200,11,3,0,87.08
8584,2373628,0.05,80.0,280,14,1,0,87.09
8585,2373884,0.05,170.0,270,14,3,0,87.1
8586,2374148,0.05,-80.0,70,4,2,0,87.11
8587,2374404,0.05,80.0,180,11,3,0,87.12
8588,2374660,0.05,40.0,140,8,3,0,87.13
8589,2374916,0.05,100.0,200,12,3,0,87.14
8590,2375172,0.05,50.0,200,11,2,0,87.15
8591,2375428,0.05,10.0,110,7,3,0,87.16
8592,2375708,0.05,90.0,190,13,3,0,87.17
8593,2375988,0.05,150.0,250,15,3,0,87.18
8594,2376244,0.05,40.0,140,9,3,0,87.19
8595,2376524,0.05,160.0,260,16,3,0,87.2
8596,2376780,0.05,10.0,160,9,2,0,87.21
8597,2377036,0.05,50.0,150,9,3,0,87.22
8598,2377356,0.05,170.0,270,13,3,0,87.23
8599,2377628,0.05,30.0,130,7,3,0,87.24
8600,2378107,0.05,580.0,580,24,3,1,87.26
8601,2378363,0.05,40.0,190,12,2,0,87.27
8602,2378699,0.05,190.0,340,19,2,0,87.28
8603,2378955,0.05,130.0,230,13,3,0,87.29
8604,2379243,0.05,140.0,240,14,3,0,87.3
8605,2379499,0.05,90.0,240,14,2,0,87.31
8606,2379755,0.05,90.0,190,11,3,0,87.32
8607,2380011,0.05,110.0,210,13,3,0,87.33
8608,2380267,0.05,-30.0,70,4,3,0,87.34
8609,2380523,0.05,-30.0,70,5,3,0,87.34
8610,2380875,0.05,230.0,330,18,3,0,87.36
8611,2381131,0.05,80.0,180,12,3,0,87.37
8612,2381387,0.05,0.0,100,6,3,0,87.38
8613,2381739,0.05,220.0,320,18,3,0,87.39
8614,2382075,0.05,240.0,390,20,2,0,87.4
8615,2382363,0.05,170.0,270,15,3,0,87.41
8616,2382683,0.05,230.0,330,18,3,0,87.42
8617,2383003,0.05,220.0,320,18,3,0,87.43
8618,2383323,0.05,230.0,330,18,3,0,87.45
8619,2383643,0.05,250.0,350,19,3,0,87.46
8620,2383979,0.05,170.0,270,16,3,0,87.47
8621,2384315,0.05,230.0,330,18,3,0,87.48
8622,2384635,0.05,180.0,330,18,2,0,87.49
8623,2384963,0.05,250.0,400,21,2,0,87.5
8624,2385283,0.05,180.0,280,16,3,0,87.51
8625,2385547,0.05,-20.0,180,10,1,0,87.52
8626,2385803,0.05,0.0,100,6,3,0,87.53
8627,2386131,0.05,200.0,300,17,3,0,87.55
8628,2386475,0.05,170.0,320,18,2,0,87.56
8629,2386731,0.05,170.0,270,15,3,0,87.57
8630,2386987,0.05,160.0,260,14,3,0,87.58
8631,2387323,0.05,230.0,380,20,2,0,87.59
8632,2387619,0.05,170.0,270,15,3,0,87.6
8633,2387899,0.05,140.0,240,15,3,0,87.61
8634,2388179,0.05,250.0,350,19,3,0,87.62
8635,2388459,0.05,170.0,270,16,3,0,87.63
8636,2388867,0.05,200.0,300,15,3,0,87.65
8637,2389179,0.05,170.0,320,17,2,0,87.66
8638,2389467,0.05,110.0,210,13,3,0,87.67
8639,2389723,0.05,140.0,240,14,3,0,87.68
8640,2389979,0.05,-50.0,150,9,1,0,87.69
8641,2390235,0.05,80.0,180,10,3,0,87.7
8642,2390563,0.05,270.0,370,20,3,0,87.71
8643,2390819,0.05,170.0,270,15,3,0,87.72
8644,2391099,0.05,140.0,290,17,2,0,87.73
8645,2391395,0.05,160.0,260,14,3,0,87.74
8646,2391651,0.05,120.0,270,15,2,0,87.75
8647,2391907,0.05,130.0,230,13,3,0,87.76
8648,2392163,0.05,50.0,200,11,2,0,87.77
8649,2392419,0.05,80.0,180,11,3,0,87.78
8650,2392699,0.05,160.0,260,16,3,0,87.79
8651,2393019,0.05,250.0,350,19,3,0,87.8
8652,2393299,0.05,180.0,280,16,3,0,87.81
8653,2393555,0.05,80.0,230,13,2,0,87.82
8654,2393811,0.05,40.0,190,11,2,0,87.83
8655,2394067,0.05,120.0,270,15,2,0,87.84
8656,2394395,0.05,120.0,270,16,2,0,87.85
8657,2394651,0.05,-10.0,190,11,1,0,87.86
8658,2394907,0.05,30.0,130,9,3,0,87.87
8659,2395163,0.05,170.0,270,15,3,0,87.88
8660,2395459,0.05,130.0,230,14,3,0,87.89
8661,2395755,0.05,150.0,250,13,3,0,87.9
8662,2396011,0.05,20.0,170,8,2,0,87.91
8663,2396299,0.05,210.0,310,17,3,0,87.92
8664,2396579,0.05,200.0,300,17,3,0,87.93
8665,2396859,0.05,200.0,300,17,3,0,87.94
8666,2397139,0.05,170.0,270,16,3,0,87.95
8667,2397395,0.05,190.0,290,16,3,0,87.96
8668,2397651,0.05,80.0,180,11,3,0,87.97
8669,2397907,0.05,170.0,270,14,3,0,87.98
8670,2398163,0.05,100.0,250,13,2,0,87.99
8671,2398419,0.05,130.0,230,14,3,0,87.99
8672,2398675,0.05,190.0,290,15,3,0,88.0
8673,2398931,0.05,130.0,280,15,2,0,88.01
8674,2399187,0.05,140.0,240,14,3,0,88.02
8675,2399443,0.05,90.0,190,12,3,0,88.03
8676,2399699,0.05,70.0,170,11,3,0,88.04
8677,2399955,0.05,130.0,230,13,3,0,88.05
8678,2400251,0.05,120.0,220,12,3,0,88.06
8679,2400507,0.05,30.0,130,7,3,0,88.07
8680,2400787,0.05,150.0,250,16,3,0,88.08
8681,2401043,0.05,160.0,260,15,3,0,88.09
8682,2401299,0.05,60.0,160,9,3,0,88.09
8683,2401555,0.05,80.0,180,12,3,0,88.1
8684,2401859,0.05,180.0,280,15,3,0,88.12
8685,2402139,0.05,70.0,220,14,2,0,88.13
8686,2402395,0.05,130.0,230,13,3,0,88.14
8687,2402651,0.05,110.0,210,11,3,0,88.14
8688,2402907,0.05,100.0,200,11,3,0,88.15
8689,2403211,0.05,150.0,250,15,3,0,88.16
8690,2403467,0.05,150.0,250,14,3,0,88.17
8691,2403803,0.05,100.0,200,10,3,0,88.19
8692,2404059,0.05,-10.0,90,6,3,0,88.2
8693,2404315,0.05,-10.0,90,4,3,0,88.21
8694,2404571,0.05,-80.0,120,8,1,0,88.21
8695,2404851,0.05,230.0,330,18,3,0,88.22
8696,2405147,0.05,150.0,250,14,3,0,88.24
8697,2405467,0.05,160.0,310,15,2,0,88.25
8698,2405723,0.05,110.0,210,12,3,0,88.26
8699,2405979,0.05,100.0,200,11,3,0,88.27
8700,2406283,0.05,210.0,310,17,3,0,88.28
8701,2406539,0.05,30.0,180,10,2,0,88.29
8702,2406795,0.05,10.0,110,6,3,0,88.3
8703,2407051,0.05,60.0,210,12,2,0,88.3
8704,2407331,0.05,120.0,220,14,3,0,88.31
8705,2407731,0.05,140.0,340,19,1,0,88.33
8706,2407987,0.05,50.0,200,11,2,0,88.34
8707,2408243,0.05,100.0,200,10,3,0,88.35
8708,2408499,0.05,90.0,190,11,3,0,88.36
8709,2408915,0.05,300.0,400,20,3,0,88.37
8710,2409171,0.05,110.0,210,13,3,0,88.38
8711,2409427,0.05,110.0,210,12,3,0,88.39
8712,2409699,0.05,90.0,190,10,3,0,88.4
8713,2410071,0.05,580.0,580,24,3,1,88.41
8714,2410298,0.05,60.0,310,16,0,0,88.42
8715,2410586,0.05,240.0,340,17,3,0,88.43
8716,2410874,0.05,80.0,230,12,2,0,88.44
8717,2411130,0.05,50.0,200,10,2,0,88.45
8718,2411450,0.05,120.0,220,14,3,0,88.46
8719,2411706,0.05,70.0,220,12,2,0,88.47
8720,2412130,0.05,320.0,420,22,3,0,88.49
8721,2412426,0.05,100.0,200,11,3,0,88.5
8722,2412706,0.05,140.0,240,15,3,0,88.51
8723,2412962,0.05,-10.0,190,12,1,0,88.52
8724,2413242,0.05,100.0,250,15,2,0,88.53
8725,2413562,0.05,180.0,280,14,3,0,88.54
8726,2413818,0.05,80.0,180,10,3,0,88.55
8727,2414202,0.05,140.0,240,12,3,0,88.56
8728,2414522,0.05,70.0,220,11,2,0,88.58
8729,2414778,0.05,-110.0,40,3,2,0,88.59
8730,2415098,0.05,110.0,210,10,3,0,88.6
8731,2415354,0.05,50.0,250,13,1,0,88.61
8732,2415610,0.05,130.0,230,14,3,0,88.62
8733,2415890,0.05,50.0,250,14,1,0,88.63
8734,2416146,0.05,-10.0,140,8,2,0,88.64
8735,2416402,0.05,-40.0,60,4,3,0,88.64
8736,2416658,0.05,-30.0,120,7,2,0,88.65
8737,2416922,0.05,-10.0,90,4,3,0,88.66
8738,2417234,0.05,70.0,170,9,3,0,88.68
8739,2417594,0.05,140.0,240,12,3,0,88.69
8740,2417962,0.05,180.0,280,14,3,0,88.7
8741,2418242,0.05,110.0,210,14,3,0,88.71
8742,2418522,0.05,90.0,190,13,3,0,88.72
8743,2418802,0.05,240.0,340,19,3,0,88.73
8744,2419058,0.05,110.0,210,12,3,0,88.74
8745,2419314,0.05,90.0,240,14,2,0,88.75
8746,2419570,0.05,80.0,180,10,3,0,88.76
8747,2419826,0.05,90.0,190,11,3,0,88.77
8748,2420098,0.05,70.0,220,13,2,0,88.78
8749,2420402,0.05,80.0,230,14,2,0,88.79
8750,2420722,0.05,90.0,190,10,3,0,88.8
8751,2420978,0.05,130.0,280,14,2,0,88.81
8752,2421258,0.05,140.0,290,17,2,0,88.82
8753,2421610,0.05,140.0,240,12,3,0,88.83
8754,2421866,0.05,50.0,150,8,3,0,88.84
8755,2422122,0.05,30.0,180,11,2,0,88.85
8756,2422378,0.05,-60.0,90,6,2,0,88.86
8757,2422682,0.05,90.0,240,13,2,0,88.87
8758,2422986,0.05,-80.0,120,6,1,0,88.88
8759,2423242,0.05,40.0,140,8,3,0,88.89
8760,2423562,0.05,80.0,180,10,3,0,88.91
8761,2423818,0.05,70.0,220,13,2,0,88.91
8762,2424074,0.05,70.0,170,10,3,0,88.92
8763,2424330,0.05,90.0,240,12,2,0,88.93
8764,2424586,0.05,20.0,120,6,3,0,88.94
8765,2424842,0.05,-50.0,50,3,3,0,88.95
8766,2425130,0.05,70.0,170,10,3,0,88.96
8767,2425429,0.05,580.0,580,24,3,1,88.97
8768,2425685,0.05,40.0,140,9,3,0,88.98
8769,2425941,0.05,-70.0,130,8,1,0,88.99
8770,2426197,0.05,30.0,130,8,3,0,89.0
8771,2426453,0.05,60.0,160,9,3,0,89.01
8772,2426765,0.05,580.0,580,24,3,1,89.02
8773,2427061,0.05,220.0,320,18,3,0,89.03
8774,2427341,0.05,130.0,230,15,3,0,89.04
8775,2427621,0.05,100.0,200,14,3,0,89.05
8776,2427877,0.05,40.0,140,10,3,0,89.06
8777,2428221,0.05,210.0,310,18,3,0,89.07
8778,2428477,0.05,90.0,190,12,3,0,89.08
8779,2428757,0.05,70.0,170,12,3,0,89.09
8780,2429037,0.05,60.0,210,13,2,0,89.1
8781,2429317,0.05,90.0,240,15,2,0,89.11
8782,2429597,0.05,160.0,260,16,3,0,89.12
8783,2429877,0.05,120.0,220,14,3,0,89.13
8784,2430165,0.05,130.0,280,17,2,0,89.15
8785,2430445,0.05,160.0,310,18,2,0,89.16
8786,2430701,0.05,120.0,220,13,3,0,89.16
8787,2430957,0.05,100.0,200,11,3,0,89.17
8788,2431213,0.05,100.0,200,11,3,0,89.18
8789,2431469,0.05,130.0,230,13,3,0,89.19
8790,2431725,0.05,10.0,110,7,3,0,89.2
8791,2431981,0.05,20.0,120,8,3,0,89.21
8792,2432269,0.05,200.0,300,17,3,0,89.22
8793,2432549,0.05,160.0,310,18,2,0,89.23
8794,2432877,0.05,200.0,300,17,3,0,89.24
8795,2433253,0.05,190.0,390,21,1,0,89.26
8796,2433509,0.05,-10.0,140,10,2,0,89.27
8797,2433765,0.05,20.0,120,7,3,0,89.28
8798,2434021,0.05,60.0,160,10,3,0,89.29
8799,2434309,0.05,60.0,210,14,2,0,89.3
8800,2434605,0.05,150.0,250,15,3,0,89.31
8801,2434885,0.05,100.0,250,15,2,0,89.32
8802,2435165,0.05,110.0,260,16,2,0,89.33
8803,2435445,0.05,140.0,240,15,3,0,89.34
8804,2435701,0.05,40.0,190,11,2,0,89.35
8805,2435981,0.05,70.0,170,9,3,0,89.36
8806,2436293,0.05,120.0,220,12,3,0,89.37
8807,2436605,0.05,140.0,240,13,3,0,89.38
8808,2436933,0.05,120.0,220,12,3,0,89.39
8809,2437197,0.05,70.0,170,9,3,0,89.4
8810,2437453,0.05,80.0,180,12,3,0,89.41
8811,2437733,0.05,190.0,290,17,3,0,89.42
8812,2438105,0.05,530.0,580,24,2,1,89.43
8813,2438385,0.05,150.0,250,15,3,0,89.44
8814,2438641,0.05,50.0,200,12,2,0,89.45
8815,2438921,0.05,230.0,380,20,2,0,89.46
8816,2439201,0.05,150.0,250,15,3,0,89.47
8817,2439609,0.05,280.0,430,22,2,0,89.49
8818,2439865,0.05,60.0,210,11,2,0,89.5
8819,2440316,0.05,580.0,580,24,3,1,89.51
8820,2440572,0.05,20.0,120,7,3,0,89.52
8821,2440828,0.05,80.0,180,9,3,0,89.53
8822,2441084,0.05,60.0,160,10,3,0,89.54
8823,2441340,0.05,80.0,180,11,3,0,89.55
8824,2441596,0.05,90.0,190,12,3,0,89.56
8825,2441852,0.05,220.0,320,17,3,0,89.57
8826,2442156,0.05,240.0,340,18,3,0,89.58
8827,2442516,0.05,230.0,330,18,3,0,89.59
8828,2442796,0.05,220.0,320,18,3,0,89.6
8829,2443052,0.05,100.0,200,11,3,0,89.61
8830,2443308,0.05,90.0,190,10,3,0,89.62
8831,2443564,0.05,150.0,250,12,3,0,89.63
8832,2443972,0.05,230.0,380,20,2,0,89.65
8833,2444260,0.05,20.0,170,11,2,0,89.66
8834,2444540,0.05,120.0,320,18,1,0,89.67
8835,2444860,0.05,120.0,220,14,3,0,89.68
8836,2445116,0.05,160.0,260,13,3,0,89.69
8837,2445372,0.05,190.0,290,15,3,0,89.7
8838,2445692,0.05,150.0,250,14,3,0,89.71
8839,2445948,0.05,30.0,130,7,3,0,89.72
8840,2446204,0.05,120.0,220,11,3,0,89.73
8841,2446594,0.05,530.0,580,24,2,1,89.74
8842,2446850,0.05,130.0,230,13,3,0,89.75
8843,2447162,0.05,170.0,370,20,1,0,89.76
8844,2447418,0.05,130.0,230,12,3,0,89.77
8845,2447674,0.05,130.0,230,12,3,0,89.78
8846,2447970,0.05,260.0,360,19,3,0,89.79
8847,2448282,0.05,190.0,290,17,3,0,89.8
8848,2448562,0.05,220.0,320,18,3,0,89.81
8849,2448818,0.05,250.0,350,18,3,0,89.82
8850,2449098,0.05,130.0,230,14,3,0,89.83
8851,2449378,0.05,210.0,310,17,3,0,89.84
8852,2449634,0.05,90.0,190,11,3,0,89.85
8853,2449914,0.05,120.0,220,14,3,0,89.86
8854,2450202,0.05,80.0,180,11,3,0,89.87
8855,2450522,0.05,70.0,220,14,2,0,89.89
8856,2450765,0.05,-50.0,200,11,0,0,89.89
8857,2451021,0.05,90.0,190,12,3,0,89.9
8858,2451389,0.05,270.0,370,19,3,0,89.92
8859,2451685,0.05,160.0,310,17,2,0,89.93
8860,2451981,0.05,200.0,300,16,3,0,89.94
8861,2452309,0.05,90.0,190,10,3,0,89.95
8862,2452581,0.05,30.0,130,7,3,0,89.96
8863,2452837,0.05,20.0,170,10,2,0,89.97
8864,2453117,0.05,150.0,250,15,3,0,89.98
8865,2453373,0.05,20.0,170,11,2,0,89.99
8866,2453629,0.05,40.0,140,8,3,0,90.0
8867,2453885,0.05,50.0,200,11,2,0,90.01
8868,2454213,0.05,90.0,190,10,3,0,90.02
8869,2454533,0.05,210.0,310,15,3,0,90.03
8870,2454837,0.05,70.0,170,9,3,0,90.04
8871,2455117,0.05,0.0,100,5,3,0,90.05
8872,2455477,0.05,200.0,300,15,3,0,90.07
8873,2455733,0.05,130.0,230,12,3,0,90.08
8874,2455989,0.05,10.0,160,9,2,0,90.08
8875,2456245,0.05,40.0,190,11,2,0,90.09
8876,2456565,0.05,70.0,220,14,2,0,90.11
8877,2456885,0.05,220.0,320,17,3,0,90.12
8878,2457141,0.05,60.0,210,11,2,0,90.13
8879,2457606,0.05,530.0,580,24,2,1,90.14
8880,2457862,0.05,30.0,180,10,2,0,90.15
8881,2458240,0.05,480.0,580,24,1,1,90.17
8882,2458648,0.05,300.0,400,21,3,0,90.18
8883,2458928,0.05,200.0,300,17,3,0,90.19
8884,2459184,0.05,160.0,310,16,2,0,90.2
8885,2459440,0.05,150.0,250,13,3,0,90.21
8886,2459696,0.05,190.0,290,16,3,0,90.22
8887,2460000,0.05,200.0,300,16,3,0,90.23
8888,2460256,0.05,120.0,270,14,2,0,90.24
8889,2460656,0.05,320.0,420,22,3,0,90.25
8890,2461163,0.05,530.0,580,24,2,1,90.27
8891,2461537,0.05,200.0,450,23,0,0,90.29
8892,2461825,0.05,30.0,130,7,3,0,90.3
8893,2462081,0.05,210.0,310,16,3,0,90.31
8894,2462401,0.05,130.0,280,15,2,0,90.32
8895,2462721,0.05,100.0,250,13,2,0,90.33
8896,2463067,0.05,580.0,580,24,3,1,90.34
8897,2463347,0.05,270.0,370,20,3,0,90.35
8898,2463603,0.05,60.0,160,9,3,0,90.36
8899,2463859,0.05,250.0,350,17,3,0,90.37
8900,2464115,0.05,100.0,200,12,3,0,90.38
8901,2464395,0.05,270.0,370,20,3,0,90.39
8902,2464651,0.05,60.0,160,10,3,0,90.4
8903,2464907,0.05,80.0,180,9,3,0,90.41
8904,2465163,0.05,100.0,200,11,3,0,90.42
8905,2465443,0.05,160.0,260,16,3,0,90.43
8906,2465723,0.05,170.0,270,16,3,0,90.44
8907,2466011,0.05,40.0,190,11,2,0,90.45
8908,2466299,0.05,210.0,310,17,3,0,90.47
8909,2466555,0.05,40.0,190,12,2,0,90.48
8910,2466811,0.05,40.0,140,8,3,0,90.48
8911,2467067,0.05,130.0,230,14,3,0,90.49
8912,2467323,0.05,150.0,250,14,3,0,90.5
8913,2467603,0.05,20.0,220,14,1,0,90.51
8914,2467947,0.05,160.0,360,20,1,0,90.53
8915,2468331,0.05,580.0,580,24,3,1,90.54
8916,2468587,0.05,140.0,240,14,3,0,90.55
8917,2468923,0.05,210.0,310,16,3,0,90.56
8918,2469299,0.05,150.0,350,19,1,0,90.58
8919,2469555,0.05,80.0,180,10,3,0,90.59
8920,2469923,0.05,210.0,310,16,3,0,90.6
8921,2470371,0.05,580.0,580,24,3,1,90.61
8922,2470675,0.05,160.0,260,14,3,0,90.63
8923,2470931,0.05,190.0,290,16,3,0,90.63
8924,2471211,0.05,100.0,200,13,3,0,90.65
8925,2471531,0.05,220.0,320,18,3,0,90.66
8926,2471864,0.05,530.0,580,24,2,1,90.67
8927,2472120,0.05,90.0,190,10,3,0,90.68
8928,2472587,0.05,480.0,580,24,1,1,90.7
8929,2473027,0.05,480.0,580,24,1,1,90.71
8930,2473435,0.05,190.0,340,19,2,0,90.73
8931,2473723,0.05,90.0,190,11,3,0,90.74
8932,2473979,0.05,60.0,160,11,3,0,90.75
8933,2474339,0.05,330.0,430,22,3,0,90.76
8934,2474595,0.05,60.0,160,10,3,0,90.77
8935,2474851,0.05,160.0,310,17,2,0,90.78
8936,2475131,0.05,220.0,320,18,3,0,90.79
8937,2475387,0.05,40.0,190,12,2,0,90.8
8938,2475643,0.05,110.0,210,11,3,0,90.81
8939,2475899,0.05,60.0,160,9,3,0,90.82
8940,2476203,0.05,90.0,190,10,3,0,90.83
8941,2476459,0.05,200.0,300,16,3,0,90.84
8942,2476755,0.05,200.0,300,17,3,0,90.85
8943,2477167,0.05,580.0,580,24,3,1,90.86
8944,2477519,0.05,260.0,360,19,3,0,90.88
8945,2477994,0.05,580.0,580,24,3,1,90.89
8946,2478250,0.05,110.0,260,15,2,0,90.9
8947,2478506,0.05,90.0,190,11,3,0,90.91
8948,2478762,0.05,10.0,110,7,3,0,90.92
8949,2479018,0.05,50.0,150,9,3,0,90.93
8950,2479290,0.05,-80.0,70,4,2,0,90.94
8951,2479650,0.05,280.0,430,22,2,0,90.95
8952,2479906,0.05,100.0,200,12,3,0,90.96
8953,2480162,0.05,90.0,190,12,3,0,90.97
8954,2480498,0.05,30.0,130,7,3,0,90.98
8955,2480802,0.05,110.0,210,11,3,0,90.99
8956,2481082,0.05,80.0,280,16,1,0,91.01
8957,2481387,0.05,20.0,270,14,0,0,91.02
8958,2481643,0.05,220.0,320,17,3,0,91.03
8959,2481899,0.05,50.0,150,8,3,0,91.03
8960,2482187,0.05,180.0,280,15,3,0,91.05
8961,2482467,0.05,130.0,280,16,2,0,91.06
8962,2482723,0.05,140.0,240,14,3,0,91.07
8963,2482979,0.05,270.0,370,19,3,0,91.07
8964,2483235,0.05,160.0,260,15,3,0,91.08
8965,2483563,0.05,220.0,320,18,3,0,91.1
8966,2483819,0.05,80.0,180,11,3,0,91.11
8967,2484075,0.05,70.0,170,10,3,0,91.11
8968,2484347,0.05,40.0,140,8,3,0,91.12
8969,2484619,0.05,130.0,230,12,3,0,91.13
8970,2484899,0.05,130.0,230,14,3,0,91.14
8971,2485155,0.05,110.0,210,13,3,0,91.15
8972,2485443,0.05,90.0,190,11,3,0,91.16
8973,2485699,0.05,20.0,170,10,2,0,91.17
8974,2485955,0.05,150.0,250,14,3,0,91.18
8975,2486275,0.05,120.0,220,14,3,0,91.19
8976,2486531,0.05,160.0,260,15,3,0,91.2
8977,2486827,0.05,210.0,310,17,3,0,91.21
8978,2487219,0.05,200.0,300,15,3,0,91.23
8979,2487531,0.05,90.0,190,10,3,0,91.24
8980,2487803,0.05,70.0,170,10,3,0,91.25
8981,2488179,0.05,200.0,300,15,3,0,91.26
8982,2488435,0.05,100.0,200,11,3,0,91.27
8983,2488691,0.05,100.0,200,11,3,0,91.28
8984,2489011,0.05,90.0,240,15,2,0,91.29
8985,2489291,0.05,110.0,260,15,2,0,91.3
8986,2489558,0.05,-60.0,190,11,0,0,91.31
8987,2489862,0.05,80.0,230,13,2,0,91.33
8988,2490118,0.05,-50.0,50,3,3,0,91.34
8989,2490374,0.05,10.0,110,5,3,0,91.34
8990,2490630,0.05,70.0,170,11,3,0,91.35
8991,2490886,0.05,60.0,160,8,3,0,91.36
8992,2491142,0.05,-20.0,80,4,3,0,91.37
8993,2491398,0.05,100.0,200,11,3,0,91.38
8994,2491654,0.05,40.0,140,9,3,0,91.39
8995,2491910,0.05,100.0,250,12,2,0,91.4
8996,2492198,0.05,70.0,220,11,2,0,91.41
8997,2492518,0.05,80.0,180,9,3,0,91.42
8998,2492806,0.05,-10.0,140,7,2,0,91.43
8999,2493086,0.05,180.0,280,16,3,0,91.44
9000,2493366,0.05,180.0,330,18,2,0,91.45
9001,2493710,0.05,200.0,350,19,2,0,91.47
9002,2493966,0.05,50.0,200,11,2,0,91.48
9003,2494262,0.05,-20.0,80,4,3,0,91.49
9004,2494878,0.05,350.0,450,23,3,0,91.51
9005,2495198,0.05,50.0,150,8,3,0,91.52
9006,2495582,0.05,180.0,280,14,3,0,91.53
9007,2495862,0.05,40.0,140,7,3,0,91.54
9008,2496166,0.05,40.0,140,7,3,0,91.56
9009,2496422,0.05,80.0,180,10,3,0,91.57
9010,2496678,0.05,180.0,280,16,3,0,91.57
9011,2496934,0.05,110.0,260,14,2,0,91.58
9012,2497190,0.05,150.0,250,14,3,0,91.59
9013,2497446,0.05,220.0,320,17,3,0,91.6
9014,2497702,0.05,100.0,200,12,3,0,91.61
9015,2497958,0.05,90.0,240,13,2,0,91.62
9016,2498214,0.05,180.0,280,15,3,0,91.63
9017,2498518,0.05,110.0,310,17,1,0,91.64
9018,2498774,0.05,160.0,260,14,3,0,91.65
9019,2499110,0.05,240.0,340,19,3,0,91.66
9020,2499366,0.05,110.0,210,11,3,0,91.67
9021,2499622,0.05,160.0,260,14,3,0,91.68
9022,2499910,0.05,60.0,210,10,2,0,91.69
9023,2500166,0.05,0.0,150,8,2,0,91.7
9024,2500486,0.05,20.0,170,8,2,0,91.71
9025,2500758,0.05,-80.0,70,4,2,0,91.72
9026,2501062,0.05,-20.0,80,4,3,0,91.73
9027,2501318,0.05,60.0,210,10,2,0,91.74
9028,2501654,0.05,40.0,140,7,3,0,91.76
9029,2501910,0.05,-50.0,50,2,3,0,91.77
9030,2502166,0.05,100.0,200,11,3,0,91.78
9031,2502478,0.05,200.0,300,17,3,0,91.79
9032,2502734,0.05,60.0,160,9,3,0,91.8
9033,2503038,0.05,60.0,160,8,3,0,91.81
9034,2503334,0.05,50.0,200,11,2,0,91.82
9035,2503590,0.05,-40.0,60,5,3,0,91.83
9036,2503894,0.05,30.0,130,7,3,0,91.84
9037,2504198,0.05,-10.0,140,7,2,0,91.85
9038,2504454,0.05,-60.0,40,3,3,0,91.86
9039,2504766,0.05,20.0,120,7,3,0,91.87
9040,2505022,0.05,20.0,120,7,3,0,91.88
9041,2505302,0.05,110.0,260,15,2,0,91.89
9042,2505558,0.05,70.0,170,9,3,0,91.9
9043,2505838,0.05,100.0,200,13,3,0,91.91
9044,2506142,0.05,170.0,270,15,3,0,91.92
9045,2506422,0.05,80.0,180,9,3,0,91.93
9046,2506678,0.05,20.0,170,9,2,0,91.94
9047,2506974,0.05,110.0,210,12,3,0,91.95
9048,2507230,0.05,170.0,270,14,3,0,91.96
9049,2507486,0.05,170.0,270,15,3,0,91.97
9050,2507742,0.05,160.0,260,14,3,0,91.98
9051,2507998,0.05,220.0,320,17,3,0,91.99
9052,2508350,0.05,150.0,350,19,1,0,92.0
9053,2508606,0.05,90.0,190,11,3,0,92.01
9054,2508862,0.05,10.0,110,7,3,0,92.02
9055,2509118,0.05,140.0,240,13,3,0,92.03
9056,2509374,0.05,40.0,190,10,2,0,92.04
9057,2509630,0.05,160.0,260,12,3,0,92.05
9058,2509886,0.05,110.0,210,12,3,0,92.06
9059,2510206,0.05,90.0,190,9,3,0,92.07
9060,2510470,0.05,-20.0,80,4,3,0,92.08
9061,2510726,0.05,100.0,250,12,2,0,92.09
9062,2510982,0.05,200.0,350,17,2,0,92.1
9063,2511238,0.05,30.0,130,7,3,0,92.11
9064,2511494,0.05,20.0,120,6,3,0,92.12
9065,2511782,0.05,0.0,150,8,2,0,92.13
9066,2512038,0.05,0.0,100,6,3,0,92.13
9067,2512422,0.05,100.0,200,10,3,0,92.15
9068,2512678,0.05,130.0,230,12,3,0,92.16
9069,2512934,0.05,70.0,220,12,2,0,92.17
9070,2513190,0.05,50.0,150,8,3,0,92.18
9071,2513446,0.05,110.0,210,10,3,0,92.19
9072,2513702,0.05,0.0,150,8,2,0,92.2
9073,2513958,0.05,60.0,160,10,3,0,92.21
9074,2514214,0.05,60.0,160,8,3,0,92.21
9075,2514470,0.05,0.0,200,10,1,0,92.22
9076,2514726,0.05,80.0,180,9,3,0,92.23
9077,2514982,0.05,100.0,200,10,3,0,92.24
9078,2515238,0.05,50.0,150,8,3,0,92.25
9079,2515502,0.05,110.0,210,13,3,0,92.26
9080,2515774,0.05,150.0,250,14,3,0,92.27
9081,2516030,0.05,20.0,170,10,2,0,92.28
9082,2516310,0.05,110.0,210,12,3,0,92.29
9083,2516598,0.05,30.0,130,7,3,0,92.3
9084,2516854,0.05,30.0,180,9,2,0,92.31
9085,2517110,0.05,-50.0,50,2,3,0,92.32
9086,2517366,0.05,-10.0,90,4,3,0,92.33
9087,2517622,0.05,-60.0,40,2,3,0,92.34
9088,2517910,0.05,190.0,290,15,3,0,92.35
9089,2518166,0.05,100.0,250,14,2,0,92.36
9090,2518438,0.05,70.0,170,9,3,0,92.37
9091,2518742,0.05,-50.0,150,8,1,0,92.38
9092,2519014,0.05,-70.0,80,5,2,0,92.39
9093,2519286,0.05,-20.0,80,5,3,0,92.4
9094,2519558,0.05,10.0,110,6,3,0,92.41
9095,2519862,0.05,10.0,160,10,2,0,92.42
9096,2520410,0.05,530.0,580,24,2,1,92.44
9097,2520666,0.05,0.0,150,9,2,0,92.45
9098,2520922,0.05,0.0,150,9,2,0,92.46
9099,2521274,0.05,140.0,240,15,3,0,92.47
9100,2521530,0.05,80.0,230,11,2,0,92.48
9101,2521810,0.05,240.0,340,19,3,0,92.49
9102,2522066,0.05,100.0,200,12,3,0,92.5
9103,2522322,0.05,130.0,230,13,3,0,92.51
9104,2522578,0.05,110.0,210,11,3,0,92.52
9105,2522834,0.05,150.0,250,14,3,0,92.53
9106,2523090,0.05,80.0,230,14,2,0,92.54
9107,2523346,0.05,120.0,220,13,3,0,92.55
9108,2523602,0.05,160.0,260,14,3,0,92.56
9109,2523930,0.05,120.0,270,16,2,0,92.57
9110,2524186,0.05,180.0,280,15,3,0,92.58
9111,2524466,0.05,200.0,300,17,3,0,92.59
9112,2524730,0.05,100.0,200,12,3,0,92.6
9113,2525010,0.05,160.0,260,16,3,0,92.61
9114,2525266,0.05,-10.0,90,5,3,0,92.62
9115,2525522,0.05,80.0,180,10,3,0,92.63
9116,2525778,0.05,-30.0,70,4,3,0,92.63
9117,2526034,0.05,-50.0,50,2,3,0,92.64
9118,2526314,0.05,0.0,100,5,3,0,92.65
9119,2526650,0.05,90.0,190,9,3,0,92.67
9120,2526906,0.05,-40.0,60,3,3,0,92.68
9121,2527162,0.05,-10.0,140,9,2,0,92.69
9122,2527418,0.05,100.0,200,10,3,0,92.69
9123,2527674,0.05,120.0,220,12,3,0,92.7
9124,2527930,0.05,60.0,160,8,3,0,92.71
9125,2528186,0.05,90.0,190,11,3,0,92.72
9126,2528442,0.05,30.0,130,7,3,0,92.73
9127,2528698,0.05,200.0,300,16,3,0,92.74
9128,2528954,0.05,60.0,160,10,3,0,92.75
9129,2529210,0.05,0.0,100,6,3,0,92.76
9130,2529466,0.05,80.0,180,10,3,0,92.77
9131,2529738,0.05,140.0,240,14,3,0,92.78
9132,2529994,0.05,70.0,170,11,3,0,92.79
9133,2530250,0.05,10.0,210,10,1,0,92.8
9134,2530570,0.05,90.0,190,9,3,0,92.81
9135,2530890,0.05,70.0,170,8,3,0,92.82
9136,2531194,0.05,60.0,160,8,3,0,92.83
9137,2531458,0.05,10.0,110,5,3,0,92.84
9138,2531762,0.05,70.0,170,9,3,0,92.85
9139,2532018,0.05,-20.0,80,4,3,0,92.86
9140,2532394,0.05,100.0,200,10,3,0,92.88
9141,2532714,0.05,50.0,150,8,3,0,92.89
9142,2532970,0.05,180.0,280,14,3,0,92.9
9143,2533226,0.05,160.0,260,14,3,0,92.91
9144,2533482,0.05,140.0,240,14,3,0,92.92
9145,2533738,0.05,30.0,130,7,3,0,92.93
9146,2534074,0.05,130.0,230,11,3,0,92.94
9147,2534410,0.05,40.0,140,7,3,0,92.95
9148,2534778,0.05,170.0,270,13,3,0,92.96
9149,2535082,0.05,190.0,290,15,3,0,92.97
9150,2535338,0.05,110.0,210,12,3,0,92.98
9151,2535594,0.05,0.0,150,8,2,0,92.99
9152,2535914,0.05,40.0,140,7,3,0,93.0
9153,2536250,0.05,130.0,230,11,3,0,93.01
9154,2536759,0.05,580.0,580,24,3,1,93.03
9155,2537111,0.05,190.0,290,14,3,0,93.04
9156,2537463,0.05,100.0,300,15,1,0,93.06
9157,2537831,0.05,170.0,270,13,3,0,93.07
9158,2538183,0.05,160.0,260,13,3,0,93.08
9159,2538439,0.05,30.0,130,8,3,0,93.09
9160,2538759,0.05,140.0,240,13,3,0,93.1
9161,2539079,0.05,140.0,240,12,3,0,93.11
9162,2539399,0.05,90.0,240,12,2,0,93.12
9163,2539687,0.05,0.0,150,7,2,0,93.13
9164,2539959,0.05,20.0,120,6,3,0,93.14
9165,2540295,0.05,20.0,170,8,2,0,93.15
9166,2540551,0.05,170.0,270,14,3,0,93.16
9167,2540807,0.05,170.0,270,15,3,0,93.17
9168,2541063,0.05,100.0,200,11,3,0,93.18
9169,2541319,0.05,280.0,380,19,3,0,93.19
9170,2541639,0.05,140.0,240,12,3,0,93.2
9171,2541895,0.05,50.0,150,8,3,0,93.2
9172,2542151,0.05,110.0,210,11,3,0,93.21
9173,2542407,0.05,50.0,150,8,3,0,93.22
9174,2542663,0.05,170.0,270,15,3,0,93.23
9175,2542919,0.05,120.0,220,11,3,0,93.24
9176,2543271,0.05,230.0,330,17,3,0,93.25
9177,2543527,0.05,40.0,240,13,1,0,93.26
9178,2543783,0.05,100.0,200,10,3,0,93.27
9179,2544183,0.05,160.0,360,19,1,0,93.28
9180,2544439,0.05,200.0,300,16,3,0,93.29
9181,2544695,0.05,110.0,210,10,3,0,93.3
9182,2544951,0.05,170.0,270,15,3,0,93.31
9183,2545207,0.05,110.0,260,13,2,0,93.32
9184,2545463,0.05,100.0,250,13,2,0,93.32
9185,2545719,0.05,20.0,220,12,1,0,93.33
9186,2545975,0.05,90.0,190,11,3,0,93.34
9187,2546231,0.05,190.0,290,16,3,0,93.35
9188,2546567,0.05,130.0,230,11,3,0,93.36
9189,2546823,0.05,190.0,290,16,3,0,93.37
9190,2547143,0.05,160.0,260,13,3,0,93.38
9191,2547431,0.05,40.0,190,11,2,0,93.39
9192,2547735,0.05,130.0,230,14,3,0,93.4
9193,2547991,0.05,0.0,150,8,2,0,93.41
9194,2548271,0.05,100.0,200,13,3,0,93.42
9195,2548527,0.05,50.0,250,13,1,0,93.43
9196,2548783,0.05,-90.0,60,3,2,0,93.44
9197,2549071,0.05,140.0,240,14,3,0,93.45
9198,2549327,0.05,-70.0,80,4,2,0,93.46
9199,2549679,0.05,70.0,170,9,3,0,93.47
9200,2549959,0.05,40.0,140,8,3,0,93.48
9201,2550140,0.05,-60.0,190,10,0,0,93.49
9202,2550396,0.05,140.0,240,13,3,0,93.5
9203,2550716,0.05,30.0,130,7,3,0,93.51
9204,2550988,0.05,-30.0,70,4,3,0,93.52
9205,2551356,0.05,90.0,240,12,2,0,93.53
9206,2551612,0.05,10.0,160,10,2,0,93.54
9207,2551868,0.05,-20.0,80,6,3,0,93.55
9208,2552124,0.05,-60.0,40,3,3,0,93.56
9209,2552396,0.05,-30.0,70,4,3,0,93.57
9210,2552700,0.05,110.0,210,11,3,0,93.58
9211,2553020,0.05,130.0,230,13,3,0,93.59
9212,2553324,0.05,160.0,310,16,2,0,93.6
9213,2553612,0.05,70.0,170,10,3,0,93.61
9214,2553900,0.05,60.0,160,10,3,0,93.62
9215,2554204,0.05,100.0,250,13,2,0,93.63
9216,2554460,0.05,10.0,110,7,3,0,93.64
9217,2554748,0.05,140.0,290,16,2,0,93.65
9218,2555028,0.05,140.0,240,15,3,0,93.66
9219,2555284,0.05,30.0,180,11,2,0,93.67
9220,2555540,0.05,190.0,290,16,3,0,93.68
9221,2555915,0.05,580.0,580,24,3,1,93.69
9222,2556219,0.05,100.0,200,12,3,0,93.7
9223,2556499,0.05,30.0,130,7,3,0,93.71
9224,2556811,0.05,180.0,280,16,3,0,93.72
9225,2557091,0.05,130.0,230,15,3,0,93.73
9226,2557387,0.05,130.0,230,14,3,0,93.74
9227,2557643,0.05,120.0,270,15,2,0,93.75
9228,2557899,0.05,50.0,150,9,3,0,93.76
9229,2558299,0.05,270.0,370,19,3,0,93.78
9230,2558659,0.05,250.0,400,21,2,0,93.79
9231,2558915,0.05,130.0,280,16,2,0,93.8
9232,2559171,0.05,110.0,210,11,3,0,93.81
9233,2559471,0.05,530.0,580,24,2,1,93.82
9234,2559727,0.05,100.0,200,13,3,0,93.83
9235,2559999,0.05,190.0,290,16,3,0,93.83
9236,2560255,0.05,40.0,140,8,3,0,93.84
9237,2560535,0.05,160.0,310,18,2,0,93.85
9238,2560807,0.05,120.0,220,11,3,0,93.86
9239,2561087,0.05,170.0,270,16,3,0,93.87
9240,2561367,0.05,190.0,290,17,3,0,93.88
9241,2561663,0.05,210.0,310,16,3,0,93.89
9242,2561919,0.05,30.0,130,9,3,0,93.9
9243,2562215,0.05,120.0,220,13,3,0,93.91
9244,2562551,0.05,160.0,310,17,2,0,93.92
9245,2562807,0.05,210.0,310,17,3,0,93.93
9246,2563087,0.05,170.0,270,16,3,0,93.94
9247,2563407,0.05,160.0,260,16,3,0,93.95
9248,2563782,0.05,580.0,580,24,3,1,93.97
9249,2564038,0.05,-30.0,170,11,1,0,93.98
9250,2564294,0.05,40.0,190,10,2,0,93.99
9251,2564574,0.05,140.0,290,17,2,0,94.0
9252,2564830,0.05,100.0,250,12,2,0,94.0
9253,2565118,0.05,70.0,170,10,3,0,94.01
9254,2565460,0.05,530.0,580,24,2,1,94.03
9255,2565716,0.05,40.0,140,8,3,0,94.04
9256,2565972,0.05,90.0,190,12,3,0,94.05
9257,2566260,0.05,50.0,150,8,3,0,94.06
9258,2566564,0.05,170.0,270,14,3,0,94.07
9259,2566932,0.05,270.0,370,19,3,0,94.08
9260,2567188,0.05,160.0,260,15,3,0,94.09
9261,2567504,0.05,480.0,580,24,1,1,94.1
9262,2567760,0.05,50.0,150,9,3,0,94.11
9263,2568040,0.05,60.0,210,14,2,0,94.12
9264,2568296,0.05,50.0,200,11,2,0,94.13
9265,2568552,0.05,130.0,230,13,3,0,94.14
9266,2568816,0.05,240.0,340,18,3,0,94.15
9267,2569072,0.05,160.0,260,14,3,0,94.16
9268,2569352,0.05,180.0,280,16,3,0,94.17
9269,2569712,0.05,230.0,330,17,3,0,94.18
9270,2569968,0.05,90.0,190,12,3,0,94.19
9271,2570328,0.05,90.0,190,10,3,0,94.2
9272,2570624,0.05,120.0,270,14,2,0,94.21
9273,2570880,0.05,160.0,260,15,3,0,94.22
9274,2571232,0.05,150.0,250,13,3,0,94.23
9275,2571528,0.05,90.0,190,11,3,0,94.24
9276,2571856,0.05,190.0,340,17,2,0,94.25
9277,2572112,0.05,60.0,160,9,3,0,94.26
9278,2572392,0.05,210.0,310,17,3,0,94.27
9279,2572688,0.05,210.0,310,17,3,0,94.28
9280,2572944,0.05,-30.0,120,9,2,0,94.29
9281,2573224,0.05,110.0,210,14,3,0,94.3
9282,2573480,0.05,130.0,280,15,2,0,94.31
9283,2573800,0.05,160.0,260,15,3,0,94.32
9284,2574056,0.05,170.0,320,17,2,0,94.33
9285,2574400,0.05,260.0,360,20,3,0,94.34
9286,2574680,0.05,270.0,370,20,3,0,94.35
9287,2575176,0.05,530.0,580,24,2,1,94.37
9288,2575432,0.05,150.0,250,13,3,0,94.38
9289,2575825,0.05,580.0,580,24,3,1,94.4
9290,2576081,0.05,110.0,210,13,3,0,94.41
9291,2576337,0.05,160.0,260,15,3,0,94.42
9292,2576593,0.05,130.0,230,12,3,0,94.43
9293,2576873,0.05,170.0,320,17,2,0,94.44
9294,2577193,0.05,270.0,370,19,3,0,94.45
9295,2577561,0.05,300.0,400,21,3,0,94.46
9296,2577953,0.05,220.0,420,22,1,0,94.48
9297,2578273,0.05,130.0,280,17,2,0,94.49
9298,2578529,0.05,-10.0,90,7,3,0,94.5
9299,2578785,0.05,110.0,210,12,3,0,94.5
9300,2579073,0.05,70.0,220,12,2,0,94.51
9301,2579425,0.05,290.0,390,21,3,0,94.53
9302,2579681,0.05,90.0,190,10,3,0,94.54
9303,2580001,0.05,60.0,260,16,1,0,94.55
9304,2580281,0.05,250.0,350,19,3,0,94.56
9305,2580561,0.05,250.0,350,19,3,0,94.57
9306,2580817,0.05,80.0,180,10,3,0,94.58
9307,2581145,0.05,-10.0,190,10,1,0,94.59
9308,2581425,0.05,0.0,100,5,3,0,94.6
9309,2581753,0.05,130.0,230,12,3,0,94.61
9310,2582201,0.05,290.0,390,21,3,0,94.63
9311,2582457,0.05,120.0,220,12,3,0,94.63
9312,2582713,0.05,40.0,140,9,3,0,94.64
9313,2582993,0.05,200.0,300,16,3,0,94.65
9314,2583249,0.05,180.0,280,15,3,0,94.66
9315,2583657,0.05,300.0,400,21,3,0,94.68
9316,2583913,0.05,190.0,290,15,3,0,94.69
9317,2584169,0.05,50.0,150,9,3,0,94.69
9318,2584449,0.05,120.0,270,16,2,0,94.7
9319,2584705,0.05,160.0,260,13,3,0,94.71
9320,2584961,0.05,110.0,210,13,3,0,94.72
9321,2585293,0.05,530.0,580,24,2,1,94.73
9322,2585549,0.05,20.0,220,13,1,0,94.74
9323,2585845,0.05,170.0,270,16,3,0,94.75
9324,2586117,0.05,60.0,160,8,3,0,94.76
9325,2586373,0.05,160.0,260,14,3,0,94.77
9326,2586653,0.05,100.0,250,15,2,0,94.78
9327,2586909,0.05,110.0,260,14,2,0,94.79
9328,2587213,0.05,90.0,190,12,3,0,94.8
9329,2587493,0.05,80.0,280,15,1,0,94.81
9330,2587749,0.05,130.0,230,12,3,0,94.82
9331,2588005,0.05,50.0,200,11,2,0,94.83
9332,2588261,0.05,70.0,170,10,3,0,94.84
9333,2588517,0.05,110.0,210,12,3,0,94.85
9334,2588837,0.05,60.0,210,13,2,0,94.86
9335,2589093,0.05,60.0,160,11,3,0,94.87
9336,2589413,0.05,120.0,220,14,3,0,94.88
9337,2589821,0.05,240.0,340,19,3,0,94.89
9338,2590141,0.05,70.0,220,14,2,0,94.9
9339,2590346,0.05,-60.0,190,10,0,0,94.91
9340,2590666,0.05,30.0,130,7,3,0,94.92
9341,2590922,0.05,30.0,130,7,3,0,94.93
9342,2591178,0.05,30.0,130,7,3,0,94.94
9343,2591514,0.05,30.0,130,7,3,0,94.95
9344,2591834,0.05,180.0,280,14,3,0,94.96
9345,2592138,0.05,70.0,220,11,2,0,94.97
9346,2592394,0.05,150.0,250,13,3,0,94.98
9347,2592650,0.05,30.0,130,7,3,0,94.99
9348,2592986,0.05,60.0,160,8,3,0,95.0
9349,2593258,0.05,-20.0,80,5,3,0,95.01
9350,2593514,0.05,-60.0,40,3,3,0,95.02
9351,2593786,0.05,-30.0,70,4,3,0,95.03
9352,2594106,0.05,20.0,220,11,1,0,95.04
9353,2594458,0.05,290.0,390,20,3,0,95.06
9354,2594810,0.05,220.0,320,17,3,0,95.07
9355,2595066,0.05,140.0,240,13,3,0,95.08
9356,2595346,0.05,190.0,290,17,3,0,95.09
9357,2595602,0.05,140.0,290,16,2,0,95.1
9358,2595858,0.05,130.0,230,14,3,0,95.1
9359,2596114,0.05,160.0,260,14,3,0,95.11
9360,2596394,0.05,230.0,380,20,2,0,95.12
9361,2596855,0.05,530.0,580,24,2,1,95.14
9362,2597159,0.05,150.0,250,14,3,0,95.15
9363,2597415,0.05,150.0,250,14,3,0,95.16
9364,2597861,0.05,480.0,580,24,1,1,95.18
9365,2598213,0.05,250.0,350,18,3,0,95.19
9366,2598469,0.05,180.0,280,15,3,0,95.2
9367,2598854,0.05,530.0,580,24,2,1,95.21
9368,2599211,0.05,580.0,580,24,3,1,95.23
9369,2599531,0.05,110.0,260,13,2,0,95.24
9370,2599787,0.05,170.0,270,14,3,0,95.25
9371,2600067,0.05,240.0,340,19,3,0,95.26
9372,2600347,0.05,140.0,240,15,3,0,95.27
9373,2600619,0.05,60.0,160,9,3,0,95.28
9374,2600947,0.05,290.0,390,21,3,0,95.29
9375,2601203,0.05,150.0,250,14,3,0,95.3
9376,2601643,0.05,530.0,580,24,2,1,95.32
9377,2602003,0.05,130.0,280,16,2,0,95.33
9378,2602307,0.05,20.0,170,9,2,0,95.35
9379,2602627,0.05,110.0,260,16,2,0,95.36
9380,2602907,0.05,20.0,170,12,2,0,95.37
9381,2603163,0.05,90.0,240,12,2,0,95.38
9382,2603451,0.05,120.0,220,13,3,0,95.39
9383,2603707,0.05,250.0,350,18,3,0,95.4
9384,2603963,0.05,30.0,130,7,3,0,95.41
9385,2604283,0.05,90.0,190,10,3,0,95.42
9386,2604539,0.05,30.0,130,8,3,0,95.43
9387,2604819,0.05,60.0,260,16,1,0,95.44
9388,2605075,0.05,60.0,210,12,2,0,95.46
9389,2605387,0.05,120.0,270,16,2,0,95.47
9390,2605715,0.05,120.0,220,12,3,0,95.48
9391,2606043,0.05,40.0,190,10,2,0,95.49
9392,2606355,0.05,90.0,190,10,3,0,95.51
9393,2606683,0.05,100.0,200,11,3,0,95.52
9394,2606939,0.05,80.0,230,13,2,0,95.53
9395,2607299,0.05,150.0,300,15,2,0,95.54
9396,2607579,0.05,100.0,200,13,3,0,95.55
9397,2607963,0.05,260.0,410,21,2,0,95.57
9398,2608363,0.05,150.0,300,17,2,0,95.59
9399,2608619,0.05,60.0,210,12,2,0,95.6
9400,2608875,0.05,30.0,130,7,3,0,95.61
9401,2609131,0.05,60.0,160,10,3,0,95.62
9402,2609451,0.05,50.0,150,8,3,0,95.63
9403,2609731,0.05,150.0,250,15,3,0,95.64
9404,2609987,0.05,70.0,220,12,2,0,95.66
9405,2610307,0.05,230.0,330,18,3,0,95.67
9406,2610627,0.05,170.0,270,16,3,0,95.68
9407,2611003,0.05,200.0,300,15,3,0,95.7
9408,2611331,0.05,100.0,300,15,1,0,95.71
9409,2611587,0.05,70.0,220,12,2,0,95.72
9410,2611843,0.05,210.0,310,16,3,0,95.73
9411,2612235,0.05,260.0,410,21,2,0,95.74
9412,2612491,0.05,80.0,230,14,2,0,95.75
9413,2612747,0.05,160.0,260,14,3,0,95.76
9414,2613067,0.05,180.0,380,20,1,0,95.77
9415,2613347,0.05,150.0,250,15,3,0,95.78
9416,2613603,0.05,190.0,290,15,3,0,95.79
9417,2613859,0.05,80.0,180,11,3,0,95.81
9418,2614115,0.05,170.0,270,15,3,0,95.81
9419,2614419,0.05,200.0,300,17,3,0,95.83
9420,2614699,0.05,150.0,250,15,3,0,95.84
9421,2614955,0.05,160.0,260,14,3,0,95.84
9422,2615211,0.05,60.0,160,9,3,0,95.85
9423,2615515,0.05,0.0,150,8,2,0,95.86
9424,2615827,0.05,140.0,240,13,3,0,95.88
9425,2616099,0.05,70.0,170,10,3,0,95.89
9426,2616419,0.05,120.0,220,14,3,0,95.9
9427,2616739,0.05,120.0,220,14,3,0,95.91
9428,2616995,0.05,90.0,190,12,3,0,95.92
9429,2617251,0.05,80.0,180,10,3,0,95.93
9430,2617507,0.05,30.0,130,8,3,0,95.94
9431,2617795,0.05,0.0,150,8,2,0,95.95
9432,2618075,0.05,180.0,280,16,3,0,95.96
9433,2618355,0.05,210.0,360,19,2,0,95.97
9434,2618611,0.05,150.0,250,14,3,0,95.98
9435,2618891,0.05,180.0,280,17,3,0,96.0
9436,2619147,0.05,80.0,180,9,3,0,96.01
9437,2619403,0.05,40.0,240,13,1,0,96.02
9438,2619755,0.05,120.0,270,14,2,0,96.03
9439,2620011,0.05,20.0,170,10,2,0,96.04
9440,2620291,0.05,150.0,250,15,3,0,96.05
9441,2620571,0.05,90.0,240,15,2,0,96.06
9442,2620851,0.05,130.0,280,17,2,0,96.07
9443,2621139,0.05,30.0,230,14,1,0,96.08
9444,2621395,0.05,0.0,100,7,3,0,96.09
9445,2621651,0.05,30.0,180,10,2,0,96.1
9446,2622035,0.05,250.0,350,19,3,0,96.12
9447,2622291,0.05,220.0,320,16,3,0,96.13
9448,2622547,0.05,60.0,210,12,2,0,96.14
9449,2622803,0.05,0.0,150,8,2,0,96.15
9450,2623107,0.05,210.0,360,20,2,0,96.16
9451,2623363,0.05,140.0,240,14,3,0,96.17
9452,2623619,0.05,80.0,180,11,3,0,96.18
9453,2624059,0.05,230.0,380,20,2,0,96.19
9454,2624403,0.05,190.0,290,15,3,0,96.21
9455,2624659,0.05,80.0,180,11,3,0,96.22
9456,2624939,0.05,140.0,290,16,2,0,96.23
9457,2625195,0.05,40.0,140,8,3,0,96.24
9458,2625499,0.05,260.0,360,20,3,0,96.25
9459,2625755,0.05,170.0,270,15,3,0,96.26
9460,2626011,0.05,80.0,230,13,2,0,96.27
9461,2626275,0.05,160.0,260,14,3,0,96.28
9462,2626635,0.05,90.0,190,10,3,0,96.29
9463,2626939,0.05,30.0,130,7,3,0,96.3
9464,2627235,0.05,10.0,160,9,2,0,96.31
9465,2627499,0.05,10.0,110,7,3,0,96.32
9466,2627755,0.05,10.0,110,7,3,0,96.33
9467,2628177,0.05,580.0,580,24,3,1,96.35
9468,2628433,0.05,90.0,190,11,3,0,96.35
9469,2628713,0.05,110.0,260,16,2,0,96.36
9470,2629065,0.05,240.0,340,19,3,0,96.38
9471,2629321,0.05,90.0,190,12,3,0,96.39
9472,2629577,0.05,30.0,130,7,3,0,96.39
9473,2629833,0.05,20.0,120,8,3,0,96.4
9474,2630089,0.05,60.0,160,9,3,0,96.41
9475,2630345,0.05,110.0,260,14,2,0,96.42
9476,2630625,0.05,130.0,230,15,3,0,96.43
9477,2630881,0.05,60.0,160,9,3,0,96.44
9478,2631161,0.05,210.0,310,18,3,0,96.45
9479,2631417,0.05,10.0,160,10,2,0,96.46
9480,2631713,0.05,200.0,350,19,2,0,96.47
9481,2631993,0.05,270.0,370,20,3,0,96.48
9482,2632273,0.05,130.0,230,15,3,0,96.49
9483,2632529,0.05,90.0,190,12,3,0,96.5
9484,2632809,0.05,130.0,230,15,3,0,96.51
9485,2633089,0.05,60.0,210,14,2,0,96.52
9486,2633369,0.05,150.0,250,15,3,0,96.53
9487,2633649,0.05,150.0,250,16,3,0,96.54
9488,2633929,0.05,180.0,280,17,3,0,96.55
9489,2634209,0.05,190.0,290,17,3,0,96.56
9490,2634465,0.05,40.0,140,10,3,0,96.57
9491,2634769,0.05,210.0,360,20,2,0,96.58
9492,2635025,0.05,70.0,170,10,3,0,96.59
9493,2635329,0.05,90.0,190,10,3,0,96.6
9494,2635585,0.05,10.0,110,8,3,0,96.61
9495,2635865,0.05,130.0,230,15,3,0,96.62
9496,2636145,0.05,130.0,230,15,3,0,96.63
9497,2636401,0.05,80.0,180,11,3,0,96.63
9498,2636657,0.05,80.0,180,12,3,0,96.64
9499,2637003,0.05,530.0,580,24,2,1,96.66
9500,2637442,0.05,530.0,580,24,2,1,96.67
9501,2637698,0.05,130.0,230,12,3,0,96.68
9502,2637954,0.05,110.0,210,12,3,0,96.69
9503,2638210,0.05,90.0,190,11,3,0,96.7
9504,2638498,0.05,150.0,350,18,1,0,96.71
9505,2638786,0.05,200.0,350,18,2,0,96.72
9506,2639074,0.05,160.0,260,15,3,0,96.73
9507,2639330,0.05,0.0,100,7,3,0,96.74
9508,2639634,0.05,20.0,170,11,2,0,96.75
9509,2639914,0.05,120.0,220,14,3,0,96.76
9510,2640218,0.05,210.0,360,20,2,0,96.77
9511,2640474,0.05,100.0,200,12,3,0,96.78
9512,2640730,0.05,120.0,220,12,3,0,96.79
9513,2641018,0.05,180.0,280,14,3,0,96.8
9514,2641274,0.05,130.0,280,15,2,0,96.81
9515,2641530,0.05,170.0,270,15,3,0,96.81
9516,2641810,0.05,240.0,340,19,3,0,96.82
9517,2642066,0.05,160.0,260,14,3,0,96.83
9518,2642378,0.05,180.0,330,19,2,0,96.84
9519,2642634,0.05,130.0,230,13,3,0,96.85
9520,2642930,0.05,100.0,200,12,3,0,96.86
9521,2643186,0.05,-10.0,90,6,3,0,96.87
9522,2643652,0.05,530.0,580,24,2,1,96.89
9523,2644052,0.05,280.0,380,20,3,0,96.9
9524,2644447,0.05,480.0,580,24,1,1,96.92
9525,2644703,0.05,180.0,280,15,3,0,96.93
9526,2644959,0.05,90.0,240,13,2,0,96.94
9527,2645263,0.05,40.0,190,11,2,0,96.95
9528,2645543,0.05,120.0,220,14,3,0,96.96
9529,2645823,0.05,180.0,280,17,3,0,96.97
9530,2646103,0.05,160.0,260,16,3,0,96.98
9531,2646359,0.05,100.0,200,11,3,0,96.99
9532,2646639,0.05,200.0,300,17,3,0,97.01
9533,2646895,0.05,70.0,220,12,2,0,97.02
9534,2647151,0.05,20.0,120,8,3,0,97.02
9535,2647495,0.05,320.0,420,22,3,0,97.04
9536,2647938,0.05,530.0,580,24,2,1,97.05
9537,2648194,0.05,140.0,240,14,3,0,97.06
9538,2648612,0.05,530.0,580,24,2,1,97.08
9539,2649076,0.05,300.0,450,23,2,0,97.1
9540,2649267,0.05,-140.0,110,8,0,0,97.11
9541,2649523,0.05,-130.0,70,5,1,0,97.11
9542,2649827,0.05,40.0,140,8,3,0,97.13
9543,2650099,0.05,30.0,130,7,3,0,97.14
9544,2650379,0.05,110.0,210,14,3,0,97.15
9545,2650635,0.05,90.0,190,12,3,0,97.15
9546,2650939,0.05,60.0,160,8,3,0,97.17
9547,2651219,0.05,180.0,280,16,3,0,97.18
9548,2651475,0.05,30.0,130,9,3,0,97.19
9549,2651731,0.05,10.0,160,10,2,0,97.2
9550,2652035,0.05,220.0,320,18,3,0,97.21
9551,2652355,0.05,190.0,290,15,3,0,97.23
9552,2652611,0.05,140.0,240,13,3,0,97.24
9553,2652891,0.05,250.0,350,19,3,0,97.25
9554,2653147,0.05,40.0,140,9,3,0,97.26
9555,2653427,0.05,240.0,340,19,3,0,97.27
9556,2653836,0.05,530.0,580,24,2,1,97.28
9557,2654116,0.05,280.0,380,20,3,0,97.29
9558,2654372,0.05,130.0,230,12,3,0,97.3
9559,2654676,0.05,260.0,360,20,3,0,97.31
9560,2654932,0.05,130.0,230,12,3,0,97.32
9561,2655188,0.05,130.0,230,12,3,0,97.33
9562,2655444,0.05,150.0,250,14,3,0,97.34
9563,2655908,0.05,200.0,350,19,2,0,97.36
9564,2656228,0.05,240.0,340,19,3,0,97.38
9565,2656548,0.05,300.0,400,21,3,0,97.39
9566,2656804,0.05,90.0,190,12,3,0,97.4
9567,2657060,0.05,130.0,230,13,3,0,97.41
9568,2657324,0.05,110.0,260,15,2,0,97.42
9569,2657604,0.05,40.0,140,8,3,0,97.43
9570,2657884,0.05,200.0,300,17,3,0,97.44
9571,2658204,0.05,140.0,240,15,3,0,97.45
9572,2658492,0.05,70.0,170,11,3,0,97.46
9573,2658780,0.05,20.0,170,11,2,0,97.47
9574,2659060,0.05,120.0,220,14,3,0,97.48
9575,2659332,0.05,30.0,130,7,3,0,97.49
9576,2659620,0.05,190.0,290,15,3,0,97.5
9577,2660078,0.05,530.0,580,24,2,1,97.52
9578,2660334,0.05,60.0,160,8,3,0,97.53
9579,2660670,0.05,130.0,230,12,3,0,97.55
9580,2660990,0.05,170.0,320,17,2,0,97.56
9581,2661358,0.05,310.0,410,21,3,0,97.58
9582,2661839,0.05,530.0,580,24,2,1,97.59
9583,2662119,0.05,170.0,320,17,2,0,97.61
9584,2662375,0.05,60.0,160,9,3,0,97.62
9585,2662679,0.05,200.0,300,16,3,0,97.63
9586,2662991,0.05,270.0,370,20,3,0,97.64
9587,2663391,0.05,530.0,580,24,2,1,97.66
9588,2663647,0.05,140.0,240,13,3,0,97.67
9589,2663927,0.05,250.0,350,19,3,0,97.68
9590,2664207,0.05,200.0,300,17,3,0,97.69
9591,2664702,0.05,580.0,580,24,3,1,97.71
9592,2665097,0.05,480.0,580,24,1,1,97.73
9593,2665377,0.05,130.0,230,14,3,0,97.74
9594,2665633,0.05,160.0,260,14,3,0,97.75
9595,2665889,0.05,110.0,210,12,3,0,97.76
9596,2666249,0.05,300.0,400,21,3,0,97.78
9597,2666505,0.05,50.0,150,9,3,0,97.79
9598,2666793,0.05,30.0,130,7,3,0,97.8
9599,2667049,0.05,80.0,180,10,3,0,97.81
9600,2667505,0.05,300.0,400,21,3,0,97.83
9601,2668013,0.05,530.0,580,24,2,1,97.85
9602,2668269,0.05,60.0,260,14,1,0,97.85
9603,2668589,0.05,230.0,330,17,3,0,97.87
9604,2668869,0.05,140.0,290,17,2,0,97.88
9605,2669149,0.05,150.0,250,15,3,0,97.89
9606,2669405,0.05,30.0,130,9,3,0,97.9
9607,2669669,0.05,180.0,280,15,3,0,97.91
9608,2669949,0.05,100.0,250,15,2,0,97.92
9609,2670213,0.05,-80.0,70,4,2,0,97.93
9610,2670477,0.05,40.0,140,8,3,0,97.94
9611,2670797,0.05,120.0,220,14,3,0,97.95
9612,2671053,0.05,110.0,260,15,2,0,97.96
9613,2671333,0.05,140.0,240,15,3,0,97.97
9614,2671605,0.05,60.0,210,13,2,0,97.98
9615,2671861,0.05,150.0,250,13,3,0,97.99
9616,2672117,0.05,90.0,190,12,3,0,98.0
9617,2672373,0.05,30.0,130,7,3,0,98.01
9618,2672661,0.05,100.0,250,13,2,0,98.02
9619,2672941,0.05,230.0,330,18,3,0,98.03
9620,2673373,0.05,530.0,580,24,2,1,98.05
9621,2673677,0.05,240.0,340,17,3,0,98.06
9622,2674029,0.05,260.0,360,19,3,0,98.07
9623,2674309,0.05,240.0,340,19,3,0,98.08
9624,2674565,0.05,100.0,200,11,3,0,98.09
9625,2674885,0.05,240.0,340,19,3,0,98.11
9626,2675141,0.05,120.0,220,13,3,0,98.12
9627,2675553,0.05,180.0,430,22,0,0,98.14
9628,2675809,0.05,180.0,280,15,3,0,98.15
9629,2676065,0.05,90.0,240,13,2,0,98.16
9630,2676321,0.05,100.0,200,12,3,0,98.17
9631,2676609,0.05,140.0,240,12,3,0,98.18
9632,2676913,0.05,110.0,210,11,3,0,98.19
9633,2677273,0.05,300.0,400,21,3,0,98.2
9634,2677577,0.05,220.0,320,18,3,0,98.21
9635,2677865,0.05,30.0,180,11,2,0,98.22
9636,2678185,0.05,100.0,250,15,2,0,98.23
9637,2678489,0.05,70.0,220,11,2,0,98.24
9638,2678777,0.05,180.0,280,14,3,0,98.25
9639,2679033,0.05,100.0,200,10,3,0,98.26
9640,2679313,0.05,190.0,290,17,3,0,98.27
9641,2679569,0.05,240.0,340,18,3,0,98.28
9642,2679825,0.05,160.0,310,17,2,0,98.29
9643,2680081,0.05,10.0,110,7,3,0,98.3
9644,2680361,0.05,30.0,230,14,1,0,98.31
9645,2680641,0.05,80.0,230,14,2,0,98.32
9646,2680897,0.05,100.0,200,12,3,0,98.33
9647,2681281,0.05,480.0,580,24,1,1,98.34
9648,2681601,0.05,230.0,330,18,3,0,98.35
9649,2681921,0.05,70.0,220,14,2,0,98.37
9650,2682241,0.05,100.0,250,15,2,0,98.38
9651,2682552,0.05,140.0,390,20,0,0,98.39
9652,2682808,0.05,10.0,160,9,2,0,98.4
9653,2683176,0.05,140.0,240,12,3,0,98.41
9654,2683432,0.05,0.0,100,6,3,0,98.42
9655,2683752,0.05,130.0,230,12,3,0,98.43
9656,2684088,0.05,150.0,250,15,3,0,98.44
9657,2684472,0.05,270.0,370,19,3,0,98.46
9658,2684776,0.05,100.0,200,11,3,0,98.47
9659,2685032,0.05,30.0,130,7,3,0,98.48
9660,2685403,0.05,480.0,580,24,1,1,98.49
9661,2685683,0.05,190.0,290,17,3,0,98.5
9662,2685939,0.05,170.0,270,15,3,0,98.51
9663,2686259,0.05,120.0,220,14,3,0,98.52
9664,2686515,0.05,30.0,130,8,3,0,98.53
9665,2686757,0.05,-90.0,160,10,0,0,98.54
9666,2687013,0.05,40.0,190,12,2,0,98.55
9667,2687309,0.05,140.0,340,19,1,0,98.56
9668,2687661,0.05,220.0,320,18,3,0,98.57
9669,2687917,0.05,70.0,220,13,2,0,98.58
9670,2688197,0.05,60.0,260,16,1,0,98.59
9671,2688453,0.05,-20.0,130,7,2,0,98.6
9672,2688837,0.05,200.0,300,15,3,0,98.61
9673,2689157,0.05,90.0,190,10,3,0,98.62
9674,2689413,0.05,60.0,160,9,3,0,98.63
9675,2689733,0.05,240.0,340,18,3,0,98.65
9676,2689989,0.05,110.0,210,12,3,0,98.66
9677,2690341,0.05,80.0,180,9,3,0,98.67
9678,2690807,0.05,530.0,580,24,2,1,98.69
9679,2691199,0.05,200.0,400,21,1,0,98.71
9680,2691455,0.05,-20.0,130,7,2,0,98.71
9681,2691711,0.05,190.0,290,16,3,0,98.72
9682,2692007,0.05,190.0,290,16,3,0,98.73
9683,2692343,0.05,200.0,300,17,3,0,98.75
9684,2692623,0.05,150.0,250,15,3,0,98.76
9685,2692879,0.05,100.0,200,11,3,0,98.77
9686,2693159,0.05,250.0,350,19,3,0,98.78
9687,2693463,0.05,180.0,330,19,2,0,98.79
9688,2693743,0.05,100.0,200,13,3,0,98.8
9689,2693999,0.05,130.0,280,14,2,0,98.81
9690,2694279,0.05,120.0,220,14,3,0,98.83
9691,2694607,0.05,270.0,370,20,3,0,98.84
9692,2694863,0.05,170.0,270,15,3,0,98.85
9693,2695119,0.05,20.0,170,9,2,0,98.86
9694,2695375,0.05,70.0,220,13,2,0,98.87
9695,2695655,0.05,170.0,370,20,1,0,98.88
9696,2696047,0.05,280.0,380,20,3,0,98.89
9697,2696479,0.05,290.0,390,21,3,0,98.91
9698,2696907,0.05,480.0,580,24,1,1,98.93
9699,2697163,0.05,100.0,250,14,2,0,98.94
9700,2697419,0.05,130.0,230,12,3,0,98.95
9701,2697771,0.05,240.0,340,19,3,0,98.96
9702,2698155,0.05,270.0,420,22,2,0,98.98
9703,2698507,0.05,270.0,420,22,2,0,98.99
9704,2698795,0.05,60.0,210,11,2,0,99.0
9705,2699083,0.05,50.0,150,7,3,0,99.01
9706,2699419,0.05,90.0,190,10,3,0,99.02
9707,2699675,0.05,-60.0,40,3,3,0,99.03
9708,2699931,0.05,-20.0,80,5,3,0,99.04
9709,2700187,0.05,40.0,140,9,3,0,99.05
9710,2700475,0.05,130.0,230,12,3,0,99.06
9711,2700763,0.05,160.0,260,14,3,0,99.08
9712,2701019,0.05,80.0,280,16,1,0,99.09
9713,2701299,0.05,140.0,240,15,3,0,99.1
9714,2701555,0.05,40.0,190,11,2,0,99.1
9715,2701843,0.05,230.0,330,18,3,0,99.11
9716,2702099,0.05,140.0,240,13,3,0,99.12
9717,2702355,0.05,110.0,260,14,2,0,99.13
9718,2702707,0.05,160.0,260,14,3,0,99.15
9719,2702987,0.05,130.0,280,16,2,0,99.16
9720,2703307,0.05,120.0,220,14,3,0,99.17
9721,2703689,0.05,100.0,350,18,0,0,99.19
9722,2703961,0.05,30.0,130,7,3,0,99.2
9723,2704297,0.05,60.0,210,11,2,0,99.21
9724,2704553,0.05,30.0,130,8,3,0,99.22
9725,2704825,0.05,-30.0,120,6,2,0,99.23
9726,2705081,0.05,10.0,160,11,2,0,99.24
9727,2705337,0.05,130.0,230,14,3,0,99.25
9728,2705681,0.05,40.0,190,10,2,0,99.26
9729,2706017,0.05,80.0,180,9,3,0,99.28
9730,2706305,0.05,120.0,220,11,3,0,99.29
9731,2706569,0.05,40.0,140,7,3,0,99.3
9732,2706825,0.05,220.0,320,17,3,0,99.31
9733,2707081,0.05,70.0,170,11,3,0,99.32
9734,2707337,0.05,40.0,140,9,3,0,99.33
9735,2707617,0.05,140.0,240,15,3,0,99.34
9736,2707873,0.05,40.0,140,8,3,0,99.35
9737,2708129,0.05,90.0,190,10,3,0,99.36
9738,2708425,0.05,150.0,250,15,3,0,99.37
9739,2708745,0.05,180.0,330,17,2,0,99.39
9740,2709025,0.05,100.0,250,15,2,0,99.4
9741,2709305,0.05,180.0,280,16,3,0,99.41
9742,2709561,0.05,110.0,260,15,2,0,99.42
9743,2709817,0.05,100.0,200,12,3,0,99.43
9744,2710073,0.05,60.0,160,9,3,0,99.44
9745,2710369,0.05,270.0,370,20,3,0,99.45
9746,2710625,0.05,90.0,290,16,1,0,99.46
9747,2710881,0.05,80.0,180,10,3,0,99.47
9748,2711273,0.05,580.0,580,24,3,1,99.48
9749,2711625,0.05,240.0,340,18,3,0,99.5
9750,2712035,0.05,480.0,580,24,1,1,99.52
9751,2712291,0.05,120.0,220,13,3,0,99.52
9752,2712571,0.05,160.0,310,18,2,0,99.53
9753,2713043,0.05,250.0,450,23,1,0,99.55
9754,2713323,0.05,240.0,340,19,3,0,99.56
9755,2713603,0.05,270.0,370,20,3,0,99.57
9756,2713995,0.05,150.0,350,19,1,0,99.59
9757,2714251,0.05,50.0,150,9,3,0,99.6
9758,2714527,0.05,-50.0,200,13,0,0,99.61
9759,2714863,0.05,210.0,310,16,3,0,99.62
9760,2715234,0.05,530.0,580,24,2,1,99.64
9761,2715679,0.05,580.0,580,24,3,1,99.66
9762,2715959,0.05,230.0,330,18,3,0,99.67
9763,2716215,0.05,120.0,220,12,3,0,99.68
9764,2716507,0.05,530.0,580,24,2,1,99.69
9765,2716827,0.05,150.0,350,18,1,0,99.7
9766,2717278,0.05,480.0,580,24,1,1,99.71
9767,2717558,0.05,250.0,350,19,3,0,99.73
9768,2717814,0.05,190.0,340,18,2,0,99.74
9769,2718070,0.05,90.0,190,10,3,0,99.75
9770,2718453,0.05,200.0,450,23,0,0,99.76
9771,2718741,0.05,140.0,240,13,3,0,99.77
9772,2719093,0.05,270.0,370,19,3,0,99.78
9773,2719528,0.05,580.0,580,24,3,1,99.8
9774,2719784,0.05,70.0,220,12,2,0,99.81
9775,2720040,0.05,160.0,260,14,3,0,99.82
9776,2720504,0.05,300.0,450,23,2,0,99.84
9777,2720872,0.05,200.0,300,16,3,0,99.85
9778,2721128,0.05,60.0,210,12,2,0,99.86
9779,2721577,0.05,580.0,580,24,3,1,99.88
9780,2722026,0.05,580.0,580,24,3,1,99.9
9781,2722394,0.05,220.0,320,17,3,0,99.91
9782,2722754,0.05,580.0,580,24,3,1,99.93
9783,2723010,0.05,130.0,230,13,3,0,99.94
9784,2723290,0.05,240.0,340,19,3,0,99.95
9785,2723682,0.05,310.0,410,21,3,0,99.96
9786,2724034,0.05,300.0,400,20,3,0,99.97
9787,2724290,0.05,140.0,240,14,3,0,99.98
9788,2724570,0.05,190.0,290,17,3,0,99.99
9789,2724890,0.05,190.0,340,18,2,0,100.0
9790,2725146,0.05,40.0,140,8,3,0,100.01
9791,2725402,0.05,50.0,150,8,3,0,100.02
9792,2725706,0.05,140.0,240,13,3,0,100.03
9793,2725994,0.05,180.0,280,14,3,0,100.04
9794,2726250,0.05,240.0,340,18,3,0,100.05
9795,2726506,0.05,190.0,290,15,3,0,100.06
9796,2726871,0.05,170.0,420,22,0,0,100.07
9797,2727127,0.05,140.0,240,13,3,0,100.08
9798,2727532,0.05,180.0,430,22,0,0,100.1
9799,2727852,0.05,150.0,250,13,3,0,100.11
9800,2728172,0.05,160.0,260,14,3,0,100.12
9801,2728508,0.05,30.0,130,7,3,0,100.13
9802,2728812,0.05,80.0,180,9,3,0,100.14
9803,2729235,0.05,580.0,580,24,3,1,100.16
9804,2729693,0.05,580.0,580,24,3,1,100.17
9805,2729997,0.05,190.0,390,21,1,0,100.18
9806,2730429,0.05,210.0,360,20,2,0,100.2
9807,2730685,0.05,70.0,170,11,3,0,100.21
9808,2730941,0.05,40.0,190,10,2,0,100.21
9809,2731341,0.05,260.0,460,23,1,0,100.23
9810,2731621,0.05,160.0,310,17,2,0,100.24
9811,2731917,0.05,180.0,280,17,3,0,100.25
9812,2732237,0.05,90.0,240,15,2,0,100.26
9813,2732493,0.05,170.0,270,15,3,0,100.27
9814,2732805,0.05,220.0,320,18,3,0,100.28
9815,2733125,0.05,160.0,260,16,3,0,100.29
9816,2733405,0.05,120.0,270,16,2,0,100.3
9817,2733661,0.05,70.0,170,10,3,0,100.31
9818,2733917,0.05,80.0,230,13,2,0,100.32
9819,2734173,0.05,-40.0,160,11,1,0,100.33
9820,2734429,0.05,-10.0,140,9,2,0,100.34
9821,2734733,0.05,50.0,150,8,3,0,100.35
9822,2735069,0.05,100.0,250,15,2,0,100.36
9823,2735349,0.05,150.0,300,17,2,0,100.37
9824,2735669,0.05,320.0,420,20,3,0,100.38
9825,2735989,0.05,60.0,160,8,3,0,100.39
9826,2736293,0.05,70.0,170,8,3,0,100.4
9827,2736549,0.05,30.0,230,12,1,0,100.41
9828,2736805,0.05,90.0,190,11,3,0,100.42
9829,2737061,0.05,-40.0,160,10,1,0,100.43
9830,2737317,0.05,180.0,280,16,3,0,100.44
9831,2737573,0.05,80.0,180,10,3,0,100.45
9832,2737829,0.05,110.0,260,14,2,0,100.46
9833,2738085,0.05,150.0,250,13,3,0,100.47
9834,2738373,0.05,20.0,170,11,2,0,100.48
9835,2738629,0.05,120.0,220,12,3,0,100.49
9836,2738885,0.05,120.0,220,13,3,0,100.5
9837,2739141,0.05,50.0,150,10,3,0,100.51
9838,2739397,0.05,190.0,290,15,3,0,100.51
9839,2739653,0.05,120.0,220,13,3,0,100.52
9840,2739909,0.05,50.0,150,8,3,0,100.53
9841,2740165,0.05,100.0,200,11,3,0,100.54
9842,2740421,0.05,20.0,220,12,1,0,100.55
9843,2740725,0.05,210.0,360,20,2,0,100.57
9844,2741045,0.05,-10.0,140,8,2,0,100.58
9845,2741413,0.05,160.0,260,14,3,0,100.59
9846,2741669,0.05,-10.0,90,6,3,0,100.6
9847,2741981,0.05,170.0,320,18,2,0,100.62
9848,2742237,0.05,-30.0,70,6,3,0,100.63
9849,2742557,0.05,-10.0,190,10,1,0,100.64
9850,2743021,0.05,260.0,460,23,1,0,100.66
9851,2743277,0.05,130.0,230,14,3,0,100.67
9852,2743557,0.05,120.0,270,16,2,0,100.68
9853,2743949,0.05,530.0,580,24,2,1,100.7
9854,2744205,0.05,10.0,110,9,3,0,100.71
9855,2744485,0.05,90.0,190,13,3,0,100.72
9856,2744879,0.05,580.0,580,24,3,1,100.74
9857,2745135,0.05,180.0,280,15,3,0,100.75
9858,2745391,0.05,150.0,250,14,3,0,100.76
9859,2745647,0.05,160.0,260,14,3,0,100.77
9860,2745927,0.05,210.0,310,18,3,0,100.78
9861,2746343,0.05,530.0,580,24,2,1,100.8
9862,2746730,0.05,580.0,580,24,3,1,100.81
9863,2747108,0.05,530.0,580,24,2,1,100.83
9864,2747500,0.05,580.0,580,24,3,1,100.84
9865,2747804,0.05,240.0,390,21,2,0,100.85
9866,2748188,0.05,350.0,450,23,3,0,100.86
9867,2748468,0.05,240.0,340,19,3,0,100.87
9868,2748748,0.05,130.0,280,17,2,0,100.89
9869,2749080,0.05,580.0,580,24,3,1,100.9
9870,2749336,0.05,50.0,150,10,3,0,100.91
9871,2749684,0.05,530.0,580,24,2,1,100.92
9872,2750059,0.05,480.0,580,24,1,1,100.94
9873,2750473,0.05,580.0,580,24,3,1,100.96
9874,2750753,0.05,130.0,230,15,3,0,100.97
9875,2751057,0.05,320.0,420,22,3,0,100.98
9876,2751388,0.05,580.0,580,24,3,1,100.99
9877,2751764,0.05,480.0,580,24,1,1,101.0
9878,2752148,0.05,290.0,390,21,3,0,101.02
9879,2752428,0.05,210.0,310,18,3,0,101.03
9880,2752735,0.05,480.0,580,24,1,1,101.04
9881,2753109,0.05,530.0,580,24,2,1,101.06
9882,2753445,0.05,220.0,370,20,2,0,101.07
9883,2753797,0.05,530.0,580,24,2,1,101.08
9884,2754137,0.05,530.0,580,24,2,1,101.1
9885,2754508,0.05,580.0,580,24,3,1,101.11
9886,2754880,0.05,530.0,580,24,2,1,101.13
9887,2755275,0.05,480.0,580,24,1,1,101.14
9888,2755595,0.05,350.0,450,23,3,0,101.15
9889,2755875,0.05,110.0,260,16,2,0,101.16
9890,2756179,0.05,290.0,390,21,3,0,101.17
9891,2756541,0.05,580.0,580,24,3,1,101.19
9892,2756797,0.05,30.0,180,12,2,0,101.2
9893,2757181,0.05,270.0,420,22,2,0,101.21
9894,2757491,0.05,530.0,580,24,2,1,101.22
9895,2757787,0.05,130.0,280,17,2,0,101.23
9896,2758126,0.05,580.0,580,24,3,1,101.25
9897,2758382,0.05,30.0,130,9,3,0,101.26
9898,2758662,0.05,110.0,260,16,2,0,101.27
9899,2758942,0.05,210.0,310,18,3,0,101.28
9900,2759198,0.05,30.0,130,9,3,0,101.29
9901,2759478,0.05,140.0,240,15,3,0,101.3
9902,2759817,0.05,580.0,580,24,3,1,101.32
9903,2760168,0.05,580.0,580,24,3,1,101.33
9904,2760492,0.05,580.0,580,24,3,1,101.34
9905,2760772,0.05,70.0,270,16,1,0,101.35
9906,2761107,0.05,580.0,580,24,3,1,101.37
9907,2761411,0.05,30.0,180,11,2,0,101.38
9908,2761667,0.05,40.0,140,9,3,0,101.39
9909,2761971,0.05,90.0,190,11,3,0,101.4
9910,2762302,0.05,580.0,580,24,3,1,101.41
9911,2762641,0.05,530.0,580,24,2,1,101.43
9912,2762921,0.05,180.0,280,17,3,0,101.44
9913,2763201,0.05,150.0,250,16,3,0,101.45
9914,2763457,0.05,80.0,180,11,3,0,101.46
9915,2763785,0.05,350.0,450,23,3,0,101.47
9916,2764065,0.05,190.0,290,17,3,0,101.48
9917,2764345,0.05,110.0,210,14,3,0,101.49
9918,2764625,0.05,210.0,310,18,3,0,101.5
9919,2764905,0.05,80.0,280,17,1,0,101.52
9920,2765185,0.05,60.0,210,14,2,0,101.53
9921,2765465,0.05,190.0,340,19,2,0,101.54
9922,2765797,0.05,530.0,580,24,2,1,101.55
9923,2766077,0.05,110.0,210,14,3,0,101.56
9924,2766472,0.05,580.0,580,24,3,1,101.57
9925,2766819,0.05,530.0,580,24,2,1,101.59
9926,2767155,0.05,350.0,450,23,3,0,101.6
9927,2767459,0.05,290.0,390,21,3,0,101.61
9928,2767739,0.05,60.0,210,14,2,0,101.62
9929,2767995,0.05,-100.0,100,7,1,0,101.63
9930,2768407,0.05,530.0,580,24,2,1,101.65
9931,2768687,0.05,180.0,280,17,3,0,101.66
9932,2768943,0.05,20.0,170,11,2,0,101.67
9933,2769250,0.05,530.0,580,24,2,1,101.68
9934,2769530,0.05,210.0,310,18,3,0,101.69
9935,2769810,0.05,190.0,290,17,3,0,101.7
9936,2770090,0.05,140.0,290,17,2,0,101.71
9937,2770394,0.05,290.0,390,21,3,0,101.72
9938,2770674,0.05,170.0,270,16,3,0,101.73
9939,2771069,0.05,580.0,580,24,3,1,101.75
9940,2771373,0.05,90.0,190,11,3,0,101.76
9941,2771653,0.05,80.0,280,17,1,0,101.77
9942,2771992,0.05,580.0,580,24,3,1,101.78
9943,2772323,0.05,580.0,580,24,3,1,101.79
9944,2772579,0.05,-40.0,60,4,3,0,101.8
9945,2772921,0.05,530.0,580,24,2,1,101.81
9946,2773201,0.05,210.0,310,18,3,0,101.82
9947,2773457,0.05,80.0,180,10,3,0,101.83
9948,2773713,0.05,-50.0,100,7,2,0,101.84
9949,2774063,0.05,530.0,580,24,2,1,101.85
9950,2774383,0.05,530.0,580,24,2,1,101.86
9951,2774639,0.05,0.0,100,6,3,0,101.87
9952,2774895,0.05,10.0,160,9,2,0,101.88
9953,2775249,0.05,580.0,580,24,3,1,101.9
9954,2775513,0.05,580.0,580,24,3,1,101.9
9955,2775793,0.05,160.0,310,18,2,0,101.91
9956,2776073,0.05,240.0,340,19,3,0,101.92
9957,2776369,0.05,190.0,340,19,2,0,101.93
9958,2776649,0.05,240.0,340,19,3,0,101.94
9959,2776945,0.05,90.0,290,17,1,0,101.95
9960,2777217,0.05,30.0,130,9,3,0,101.96
9961,2777497,0.05,20.0,170,12,2,0,101.97
9962,2777753,0.05,20.0,120,8,3,0,101.98
9963,2778057,0.05,290.0,390,21,3,0,101.99
9964,2778416,0.05,580.0,580,24,3,1,102.01
9965,2778744,0.05,580.0,580,24,3,1,102.02
9966,2779000,0.05,-90.0,110,7,1,0,102.03
9967,2779256,0.05,90.0,190,12,3,0,102.04
9968,2779626,0.05,530.0,580,24,2,1,102.05
9969,2779882,0.05,10.0,160,11,2,0,102.06
9970,2780266,0.05,580.0,580,24,3,1,102.07
9971,2780643,0.05,480.0,580,24,1,1,102.08
9972,2780923,0.05,150.0,300,17,2,0,102.09
9973,2781289,0.05,580.0,580,24,3,1,102.11
9974,2781684,0.05,530.0,580,24,2,1,102.12
9975,2782076,0.05,580.0,580,24,3,1,102.13
9976,2782452,0.05,530.0,580,24,2,1,102.15
9977,2782802,0.05,580.0,580,24,3,1,102.16
9978,2783179,0.05,580.0,580,24,3,1,102.17
9979,2783555,0.05,240.0,340,19,3,0,102.19
9980,2783970,0.05,580.0,580,24,3,1,102.2
9981,2784341,0.05,530.0,580,24,2,1,102.21
9982,2784621,0.05,210.0,310,18,3,0,102.22
9983,2785021,0.05,480.0,580,24,1,1,102.24
9984,2785346,0.05,530.0,580,24,2,1,102.25
9985,2785734,0.05,580.0,580,24,3,1,102.26
9986,2786022,0.05,100.0,250,16,2,0,102.27
9987,2786302,0.05,210.0,310,18,3,0,102.28
9988,2786558,0.05,-10.0,140,9,2,0,102.29
9989,2786878,0.05,320.0,420,22,3,0,102.3
9990,2787236,0.05,580.0,580,24,3,1,102.32
9991,2787616,0.05,580.0,580,24,3,1,102.33
9992,2787960,0.05,270.0,370,20,3,0,102.34
9993,2788411,0.05,580.0,580,24,3,1,102.36
9994,2788791,0.05,580.0,580,24,3,1,102.37
9995,2789129,0.05,530.0,580,24,2,1,102.39
9996,2789555,0.05,530.0,580,24,2,1,102.4
9997,2790001,0.05,580.0,580,24,3,1,102.42
9998,2790312,0.05,580.0,580,24,3,1,102.43
9999,2790666,0.05,580.0,580,24,3,1,102.45
